--
-- PostgreSQL database dump
--

\restrict 8av0Dop9XrzPg0OqaLLK0jwvMQgFurPWYUTajUokmQ8FbOXhtB8kdRmwDLE9lfd

-- Dumped from database version 18.1
-- Dumped by pg_dump version 18.1

SET statement_timeout = 0;
SET lock_timeout = 0;
SET idle_in_transaction_session_timeout = 0;
SET transaction_timeout = 0;
SET client_encoding = 'UTF8';
SET standard_conforming_strings = on;
SELECT pg_catalog.set_config('search_path', '', false);
SET check_function_bodies = false;
SET xmloption = content;
SET client_min_messages = warning;
SET row_security = off;

--
-- Name: public; Type: SCHEMA; Schema: -; Owner: postgres
--

-- *not* creating schema, since initdb creates it


ALTER SCHEMA public OWNER TO postgres;

--
-- Name: SCHEMA public; Type: COMMENT; Schema: -; Owner: postgres
--

COMMENT ON SCHEMA public IS '';


--
-- Name: pgcrypto; Type: EXTENSION; Schema: -; Owner: -
--

CREATE EXTENSION IF NOT EXISTS pgcrypto WITH SCHEMA public;


--
-- Name: EXTENSION pgcrypto; Type: COMMENT; Schema: -; Owner: 
--

COMMENT ON EXTENSION pgcrypto IS 'cryptographic functions';


SET default_tablespace = '';

SET default_table_access_method = heap;

--
-- Name: artist_access_requests; Type: TABLE; Schema: public; Owner: postgres
--

CREATE TABLE public.artist_access_requests (
    id uuid DEFAULT gen_random_uuid() NOT NULL,
    artist_name character varying(255) NOT NULL,
    handle character varying(255) NOT NULL,
    contact_email character varying(255) NOT NULL,
    contact_phone character varying(255),
    socials jsonb DEFAULT '[]'::jsonb NOT NULL,
    pitch text,
    status character varying(255) DEFAULT 'pending'::character varying NOT NULL,
    created_at timestamp with time zone DEFAULT now() NOT NULL,
    decided_at timestamp with time zone,
    decided_by_user_id uuid,
    requestor_user_id uuid,
    email character varying(255) NOT NULL,
    phone character varying(255) NOT NULL,
    about_me text,
    profile_photo_url character varying(255),
    message_for_fans text,
    profile_photo_path text,
    rejection_comment text,
    updated_at timestamp with time zone DEFAULT now() NOT NULL,
    CONSTRAINT artist_access_requests_status_check CHECK (((status)::text = ANY ((ARRAY['pending'::character varying, 'approved'::character varying, 'rejected'::character varying])::text[])))
);


ALTER TABLE public.artist_access_requests OWNER TO postgres;

--
-- Name: artist_user_map; Type: TABLE; Schema: public; Owner: postgres
--

CREATE TABLE public.artist_user_map (
    id uuid NOT NULL,
    artist_id uuid NOT NULL,
    user_id uuid NOT NULL
);


ALTER TABLE public.artist_user_map OWNER TO postgres;

--
-- Name: artists; Type: TABLE; Schema: public; Owner: postgres
--

CREATE TABLE public.artists (
    id uuid NOT NULL,
    handle text NOT NULL,
    name text NOT NULL,
    theme_json jsonb DEFAULT '{}'::jsonb NOT NULL,
    created_at timestamp with time zone DEFAULT CURRENT_TIMESTAMP NOT NULL,
    is_featured boolean DEFAULT false NOT NULL
);


ALTER TABLE public.artists OWNER TO postgres;

--
-- Name: drop_products; Type: TABLE; Schema: public; Owner: postgres
--

CREATE TABLE public.drop_products (
    drop_id uuid NOT NULL,
    product_id uuid NOT NULL,
    sort_order integer DEFAULT 0 NOT NULL,
    created_at timestamp with time zone DEFAULT CURRENT_TIMESTAMP NOT NULL
);


ALTER TABLE public.drop_products OWNER TO postgres;

--
-- Name: drops; Type: TABLE; Schema: public; Owner: postgres
--

CREATE TABLE public.drops (
    id uuid DEFAULT gen_random_uuid() NOT NULL,
    handle character varying(255) NOT NULL,
    title character varying(255) NOT NULL,
    description text,
    hero_image_url text,
    status character varying(255) DEFAULT 'draft'::character varying NOT NULL,
    starts_at timestamp with time zone,
    ends_at timestamp with time zone,
    artist_id uuid,
    label_id uuid,
    created_by_user_id uuid NOT NULL,
    created_at timestamp with time zone DEFAULT CURRENT_TIMESTAMP NOT NULL,
    updated_at timestamp with time zone DEFAULT CURRENT_TIMESTAMP NOT NULL,
    quiz_json jsonb,
    CONSTRAINT drops_owner_check CHECK ((((artist_id IS NOT NULL) AND (label_id IS NULL)) OR ((artist_id IS NULL) AND (label_id IS NOT NULL)))),
    CONSTRAINT drops_status_check CHECK (((status)::text = ANY (ARRAY[('draft'::character varying)::text, ('published'::character varying)::text, ('archived'::character varying)::text])))
);


ALTER TABLE public.drops OWNER TO postgres;

--
-- Name: entity_media_links; Type: TABLE; Schema: public; Owner: postgres
--

CREATE TABLE public.entity_media_links (
    id uuid DEFAULT gen_random_uuid() NOT NULL,
    media_asset_id uuid NOT NULL,
    entity_type text NOT NULL,
    entity_id uuid NOT NULL,
    role text NOT NULL,
    sort_order integer DEFAULT 0 NOT NULL,
    created_at timestamp with time zone DEFAULT CURRENT_TIMESTAMP NOT NULL,
    CONSTRAINT entity_media_links_entity_type_check CHECK ((entity_type = ANY (ARRAY['artist'::text, 'drop'::text, 'product'::text, 'artist_access_request'::text]))),
    CONSTRAINT entity_media_links_role_check CHECK ((role = ANY (ARRAY['cover'::text, 'avatar'::text, 'gallery'::text, 'profile_photo'::text])))
);


ALTER TABLE public.entity_media_links OWNER TO postgres;

--
-- Name: knex_migrations; Type: TABLE; Schema: public; Owner: postgres
--

CREATE TABLE public.knex_migrations (
    id integer NOT NULL,
    name character varying(255),
    batch integer,
    migration_time timestamp with time zone
);


ALTER TABLE public.knex_migrations OWNER TO postgres;

--
-- Name: knex_migrations_id_seq; Type: SEQUENCE; Schema: public; Owner: postgres
--

CREATE SEQUENCE public.knex_migrations_id_seq
    AS integer
    START WITH 1
    INCREMENT BY 1
    NO MINVALUE
    NO MAXVALUE
    CACHE 1;


ALTER SEQUENCE public.knex_migrations_id_seq OWNER TO postgres;

--
-- Name: knex_migrations_id_seq; Type: SEQUENCE OWNED BY; Schema: public; Owner: postgres
--

ALTER SEQUENCE public.knex_migrations_id_seq OWNED BY public.knex_migrations.id;


--
-- Name: knex_migrations_lock; Type: TABLE; Schema: public; Owner: postgres
--

CREATE TABLE public.knex_migrations_lock (
    index integer NOT NULL,
    is_locked integer
);


ALTER TABLE public.knex_migrations_lock OWNER TO postgres;

--
-- Name: knex_migrations_lock_index_seq; Type: SEQUENCE; Schema: public; Owner: postgres
--

CREATE SEQUENCE public.knex_migrations_lock_index_seq
    AS integer
    START WITH 1
    INCREMENT BY 1
    NO MINVALUE
    NO MAXVALUE
    CACHE 1;


ALTER SEQUENCE public.knex_migrations_lock_index_seq OWNER TO postgres;

--
-- Name: knex_migrations_lock_index_seq; Type: SEQUENCE OWNED BY; Schema: public; Owner: postgres
--

ALTER SEQUENCE public.knex_migrations_lock_index_seq OWNED BY public.knex_migrations_lock.index;


--
-- Name: label_artist_map; Type: TABLE; Schema: public; Owner: postgres
--

CREATE TABLE public.label_artist_map (
    id uuid NOT NULL,
    label_id uuid NOT NULL,
    artist_id uuid NOT NULL
);


ALTER TABLE public.label_artist_map OWNER TO postgres;

--
-- Name: label_users_map; Type: TABLE; Schema: public; Owner: postgres
--

CREATE TABLE public.label_users_map (
    id uuid DEFAULT gen_random_uuid() NOT NULL,
    user_id uuid NOT NULL,
    label_id uuid NOT NULL,
    created_at timestamp with time zone DEFAULT CURRENT_TIMESTAMP NOT NULL
);


ALTER TABLE public.label_users_map OWNER TO postgres;

--
-- Name: labels; Type: TABLE; Schema: public; Owner: postgres
--

CREATE TABLE public.labels (
    id uuid NOT NULL,
    handle text NOT NULL,
    name text NOT NULL,
    created_at timestamp with time zone DEFAULT CURRENT_TIMESTAMP NOT NULL
);


ALTER TABLE public.labels OWNER TO postgres;

--
-- Name: leads; Type: TABLE; Schema: public; Owner: postgres
--

CREATE TABLE public.leads (
    id uuid NOT NULL,
    source text,
    drop_handle text,
    artist_handle text,
    name text,
    phone text,
    email text,
    answers_json jsonb,
    created_at timestamp with time zone DEFAULT CURRENT_TIMESTAMP NOT NULL,
    status text DEFAULT 'new'::text NOT NULL,
    admin_note text,
    updated_at timestamp with time zone DEFAULT CURRENT_TIMESTAMP NOT NULL
);


ALTER TABLE public.leads OWNER TO postgres;

--
-- Name: media_assets; Type: TABLE; Schema: public; Owner: postgres
--

CREATE TABLE public.media_assets (
    id uuid DEFAULT gen_random_uuid() NOT NULL,
    public_url text NOT NULL,
    created_at timestamp with time zone DEFAULT CURRENT_TIMESTAMP NOT NULL
);


ALTER TABLE public.media_assets OWNER TO postgres;

--
-- Name: order_events; Type: TABLE; Schema: public; Owner: postgres
--

CREATE TABLE public.order_events (
    id uuid DEFAULT gen_random_uuid() NOT NULL,
    order_id uuid NOT NULL,
    type character varying(255) NOT NULL,
    actor_user_id uuid NOT NULL,
    note text,
    created_at timestamp with time zone DEFAULT CURRENT_TIMESTAMP NOT NULL,
    CONSTRAINT order_events_type_check CHECK (((type)::text = ANY ((ARRAY['placed'::character varying, 'cancelled'::character varying, 'paid'::character varying, 'fulfilled'::character varying, 'refunded'::character varying])::text[])))
);


ALTER TABLE public.order_events OWNER TO postgres;

--
-- Name: order_items; Type: TABLE; Schema: public; Owner: postgres
--

CREATE TABLE public.order_items (
    id uuid DEFAULT gen_random_uuid() NOT NULL,
    order_id uuid NOT NULL,
    product_id uuid NOT NULL,
    product_variant_id uuid NOT NULL,
    quantity integer NOT NULL,
    price_cents integer NOT NULL,
    created_at timestamp with time zone DEFAULT CURRENT_TIMESTAMP NOT NULL
);


ALTER TABLE public.order_items OWNER TO postgres;

--
-- Name: orders; Type: TABLE; Schema: public; Owner: postgres
--

CREATE TABLE public.orders (
    id uuid DEFAULT gen_random_uuid() NOT NULL,
    buyer_user_id uuid NOT NULL,
    status character varying(255) DEFAULT 'placed'::character varying NOT NULL,
    total_cents integer NOT NULL,
    created_at timestamp with time zone DEFAULT CURRENT_TIMESTAMP NOT NULL,
    updated_at timestamp with time zone DEFAULT CURRENT_TIMESTAMP NOT NULL,
    CONSTRAINT orders_status_check CHECK (((status)::text = ANY (ARRAY[('placed'::character varying)::text, ('cancelled'::character varying)::text, ('fulfilled'::character varying)::text])))
);


ALTER TABLE public.orders OWNER TO postgres;

--
-- Name: payment_attempts; Type: TABLE; Schema: public; Owner: postgres
--

CREATE TABLE public.payment_attempts (
    id uuid DEFAULT gen_random_uuid() NOT NULL,
    payment_id uuid NOT NULL,
    status text NOT NULL,
    provider text NOT NULL,
    provider_attempt_id text,
    meta_json jsonb,
    created_at timestamp with time zone DEFAULT CURRENT_TIMESTAMP NOT NULL,
    CONSTRAINT payment_attempts_status_check CHECK ((status = ANY (ARRAY['created'::text, 'succeeded'::text, 'failed'::text])))
);


ALTER TABLE public.payment_attempts OWNER TO postgres;

--
-- Name: payment_events; Type: TABLE; Schema: public; Owner: postgres
--

CREATE TABLE public.payment_events (
    id uuid DEFAULT gen_random_uuid() NOT NULL,
    payment_id uuid,
    event_type text NOT NULL,
    provider text NOT NULL,
    provider_event_id text,
    payload_json jsonb,
    created_at timestamp with time zone DEFAULT CURRENT_TIMESTAMP NOT NULL
);


ALTER TABLE public.payment_events OWNER TO postgres;

--
-- Name: payments; Type: TABLE; Schema: public; Owner: postgres
--

CREATE TABLE public.payments (
    id uuid DEFAULT gen_random_uuid() NOT NULL,
    order_id uuid NOT NULL,
    status text DEFAULT 'unpaid'::text NOT NULL,
    provider text DEFAULT 'mock'::text NOT NULL,
    amount_cents integer NOT NULL,
    currency text DEFAULT 'INR'::text NOT NULL,
    provider_payment_id text,
    created_at timestamp with time zone DEFAULT CURRENT_TIMESTAMP NOT NULL,
    updated_at timestamp with time zone DEFAULT CURRENT_TIMESTAMP NOT NULL,
    provider_order_id text,
    provider_signature text,
    paid_at timestamp with time zone,
    CONSTRAINT payments_status_check CHECK ((status = ANY (ARRAY['unpaid'::text, 'pending'::text, 'paid'::text, 'failed'::text, 'refunded'::text])))
);


ALTER TABLE public.payments OWNER TO postgres;

--
-- Name: product_variants; Type: TABLE; Schema: public; Owner: postgres
--

CREATE TABLE public.product_variants (
    id uuid DEFAULT gen_random_uuid() NOT NULL,
    product_id uuid NOT NULL,
    sku text NOT NULL,
    size text NOT NULL,
    color text NOT NULL,
    price_cents integer NOT NULL,
    stock integer DEFAULT 0 NOT NULL,
    created_at timestamp with time zone DEFAULT CURRENT_TIMESTAMP NOT NULL
);


ALTER TABLE public.product_variants OWNER TO postgres;

--
-- Name: products; Type: TABLE; Schema: public; Owner: postgres
--

CREATE TABLE public.products (
    id uuid DEFAULT gen_random_uuid() NOT NULL,
    artist_id uuid NOT NULL,
    title text NOT NULL,
    description text,
    is_active boolean DEFAULT true NOT NULL,
    created_at timestamp with time zone DEFAULT CURRENT_TIMESTAMP NOT NULL
);


ALTER TABLE public.products OWNER TO postgres;

--
-- Name: users; Type: TABLE; Schema: public; Owner: postgres
--

CREATE TABLE public.users (
    id uuid NOT NULL,
    email text NOT NULL,
    password_hash text NOT NULL,
    role text NOT NULL,
    created_at timestamp with time zone DEFAULT CURRENT_TIMESTAMP NOT NULL
);


ALTER TABLE public.users OWNER TO postgres;

--
-- Name: knex_migrations id; Type: DEFAULT; Schema: public; Owner: postgres
--

ALTER TABLE ONLY public.knex_migrations ALTER COLUMN id SET DEFAULT nextval('public.knex_migrations_id_seq'::regclass);


--
-- Name: knex_migrations_lock index; Type: DEFAULT; Schema: public; Owner: postgres
--

ALTER TABLE ONLY public.knex_migrations_lock ALTER COLUMN index SET DEFAULT nextval('public.knex_migrations_lock_index_seq'::regclass);


--
-- Data for Name: artist_access_requests; Type: TABLE DATA; Schema: public; Owner: postgres
--

COPY public.artist_access_requests (id, artist_name, handle, contact_email, contact_phone, socials, pitch, status, created_at, decided_at, decided_by_user_id, requestor_user_id, email, phone, about_me, profile_photo_url, message_for_fans, profile_photo_path, rejection_comment, updated_at) FROM stdin;
c5104641-fdc2-4c66-83d2-ff6fee46a030	Smoke Artist mlw24773-pazljf	smoke-artist-mlw24773-pazljf	artist-mlw2474h-ul8q6o@example.com	9999999999-mlw24773-pazljf	{}	Smoke test request	approved	2026-02-21 09:28:32.001331+01	2026-02-21 09:28:32.984995+01	9f2e9e97-b9f2-42ec-89f4-b654f4789aef	8163b8b6-cec2-4fca-a23f-2c8ccc5ef601	artist-mlw2474h-ul8q6o@example.com	9999999999-mlw24773-pazljf	Smoke test request	\N	\N	\N	\N	2026-02-21 09:28:32.984995+01
8e3e453c-2f6a-4e85-8266-27fab319f1b5	Smoke Artist mlw283xx-w5w72l	smoke-artist-mlw283xx-w5w72l	artist-mlw283vd-beoham@example.com	9999999999-mlw283xx-w5w72l	{}	Smoke test request	approved	2026-02-21 09:31:34.419759+01	2026-02-21 09:31:35.456287+01	9f2e9e97-b9f2-42ec-89f4-b654f4789aef	0dfe0b70-d57c-4f20-b7ac-e2982a3e2e63	artist-mlw283vd-beoham@example.com	9999999999-mlw283xx-w5w72l	Smoke test request	\N	\N	\N	\N	2026-02-21 09:31:35.456287+01
2b4fde12-aec6-4c1b-ba60-f4c0c1871bcb	yes	@yes	yes@yes.com	+912345213	{}	am cool bro	approved	2026-02-21 09:37:25.557748+01	2026-02-21 09:39:16.911533+01	9f2e9e97-b9f2-42ec-89f4-b654f4789aef	b370d603-1720-457d-aa31-befa2a4488f4	yes@yes.com	+912345213	am cool bro	/uploads/artist-access-requests/1771663045577-1303e4eb-3a17-4629-8e16-03b407f1c0c3.jpg	they hate us coy they ain't us	/uploads/artist-access-requests/1771663045577-1303e4eb-3a17-4629-8e16-03b407f1c0c3.jpg	\N	2026-02-21 09:39:16.911533+01
5ba904c8-1254-435e-831d-b4be2f6bd33c	Smoke Artist mlw34ft0-e8b68e	smoke-artist-mlw34ft0-e8b68e	artist-mlw34fqd-ldrzaa@example.com	9999999999-mlw34ft0-e8b68e	{}	Smoke test request	approved	2026-02-21 09:56:42.770285+01	2026-02-21 09:56:43.824663+01	9f2e9e97-b9f2-42ec-89f4-b654f4789aef	7087702a-b607-4f23-b3fa-f932e1119360	artist-mlw34fqd-ldrzaa@example.com	9999999999-mlw34ft0-e8b68e	Smoke test request	\N	\N	\N	\N	2026-02-21 09:56:43.824663+01
6a27bf66-22a7-4edd-8b0e-e0bbc6040a73	Smoke Artist mlw3ueqw-i4f98h	smoke-artist-mlw3ueqw-i4f98h	artist-mlw3ueo0-96zipz@example.com	9999999999-mlw3ueqw-i4f98h	{}	Smoke test request	approved	2026-02-21 10:16:54.484474+01	2026-02-21 10:16:55.516242+01	9f2e9e97-b9f2-42ec-89f4-b654f4789aef	52a43f8d-639f-4de3-bc75-732be518f70e	artist-mlw3ueo0-96zipz@example.com	9999999999-mlw3ueqw-i4f98h	Smoke test request	\N	\N	\N	\N	2026-02-21 10:16:55.516242+01
3d33de84-1679-412e-be39-0fd8602ed319	yes1	yes1	yes1@yes.com	1234567	{}	yyyy	approved	2026-02-21 11:09:03.591674+01	2026-02-21 11:09:44.203955+01	9f2e9e97-b9f2-42ec-89f4-b654f4789aef	b3fd8a34-6214-4de7-a69c-c293d1f22911	yes1@yes.com	1234567	yyyy	\N	lets rock	\N	\N	2026-02-21 11:09:44.203955+01
bc08fba7-16c1-434e-b721-e6067e08a98e	Smoke Artist mlw5qrvl-nmj39v	smoke-artist-mlw5qrvl-nmj39v	artist-mlw5qrta-n2vesb@example.com	9999999999-mlw5qrvl-nmj39v	{}	Smoke test request	approved	2026-02-21 11:10:04.07815+01	2026-02-21 11:10:05.05407+01	9f2e9e97-b9f2-42ec-89f4-b654f4789aef	1a2f0f99-ee98-4af6-bbd5-3b5344de865a	artist-mlw5qrta-n2vesb@example.com	9999999999-mlw5qrvl-nmj39v	Smoke test request	\N	\N	\N	\N	2026-02-21 11:10:05.05407+01
093c54c1-a3d1-49e1-bc02-8424e5595d90	Roney Guha	RoneyGuha	sourav.aka.roney@gmail.com	7603026993	[]	\N	approved	2026-02-20 07:48:14.723494+01	2026-02-20 09:25:15.047713+01	9f2e9e97-b9f2-42ec-89f4-b654f4789aef	df267245-467c-43b2-b40e-dc77ad0b8982	sourav.aka.roney@gmail.com	7603026993	\N	\N	\N	\N	\N	2026-02-21 09:11:49.276423+01
a8db0304-41be-4d9a-a142-e3f476af361d	Smoke Artist mlw62w35-10rxhg	smoke-artist-mlw62w35-10rxhg	artist-mlw62w0t-105ade@example.com	9999999999-mlw62w35-10rxhg	{}	Smoke test request	approved	2026-02-21 11:19:29.425424+01	2026-02-21 11:19:30.454445+01	9f2e9e97-b9f2-42ec-89f4-b654f4789aef	0223d9ae-3328-46ae-9ccd-4fd1a350e0dc	artist-mlw62w0t-105ade@example.com	9999999999-mlw62w35-10rxhg	Smoke test request	\N	\N	\N	\N	2026-02-21 11:19:30.454445+01
93f98414-a082-442b-bfbe-adbb9f338918	bal	sample	sample@sample.com	123456789	[{"platform": "link", "profileLink": "@sample"}]	please accept me	approved	2026-02-20 06:47:00.70037+01	2026-02-20 06:48:19.543791+01	9f2e9e97-b9f2-42ec-89f4-b654f4789aef	d9a00e14-3489-4030-b01f-4465a0ff8b38	sample@sample.com	123456789	please accept me	\N	\N	\N	\N	2026-02-21 09:11:49.276423+01
1d43c77b-34ff-426d-adc8-151b431aba2e	Smoke Apply Artist	smoke-apply-artist	smoke.apply.1771577429453@test.com	9999999999	[]	Smoke application request for artist onboarding.	pending	2026-02-20 09:50:33.573554+01	\N	\N	1edfd56f-99b2-40d4-a6b1-1a19c6cfdcb1	smoke.apply.1771577429453@test.com	9999999999	Smoke application request for artist onboarding.	\N	\N	\N	\N	2026-02-21 09:11:49.276423+01
3834e9b4-172c-4c7f-a59c-c2039cd3ea52	Smoke Artist mlw6nidl-9ta7l1	smoke-artist-mlw6nidl-9ta7l1	artist-mlw6nian-p2wmt9@example.com	9999999999-mlw6nidl-9ta7l1	{}	Smoke test request	approved	2026-02-21 11:35:31.466237+01	2026-02-21 11:35:32.519141+01	9f2e9e97-b9f2-42ec-89f4-b654f4789aef	a111e8ac-98f7-43e5-b938-449190eee2eb	artist-mlw6nian-p2wmt9@example.com	9999999999-mlw6nidl-9ta7l1	Smoke test request	\N	\N	\N	\N	2026-02-21 11:35:32.519141+01
b79c41fe-2317-49d5-9580-fa094a42d2cc	lal	lal	lal@lal.com	+514789	{}	hash	approved	2026-02-21 12:03:55.821789+01	2026-02-21 12:05:26.396727+01	9f2e9e97-b9f2-42ec-89f4-b654f4789aef	87c5de86-084b-4fc9-8ae4-ce62d71a19eb	lal@lal.com	+514789	hash	\N	haha	\N	\N	2026-02-21 12:05:26.396727+01
da7a1eb9-d048-4d75-b848-204552671cb1	Smoke Artist mlv7ynzo-fg12y5	smoke-artist-mlv7ynzo-fg12y5	artist-mlv7ynxe-3mn2s6@example.com	9999999999	[]	Smoke test request	approved	2026-02-20 19:24:25.342228+01	2026-02-20 19:24:38.207548+01	9f2e9e97-b9f2-42ec-89f4-b654f4789aef	d92ad052-92bd-424d-8602-281301c845aa	artist-mlv7ynxe-3mn2s6@example.com	9999999999-da7a1eb9	Smoke test request	\N	Smoke test request	\N	\N	2026-02-21 09:11:49.276423+01
3556a912-0516-4f8d-a733-89a3713521af	Smoke Artist mlv81hqi-y1cvbn	smoke-artist-mlv81hqi-y1cvbn	artist-mlv81ho6-73qivo@example.com	9999999999	[]	Smoke test request	approved	2026-02-20 19:26:37.215529+01	2026-02-20 19:26:38.015326+01	9f2e9e97-b9f2-42ec-89f4-b654f4789aef	d38301dd-da1d-42c2-a008-cd1f9902cdc9	artist-mlv81ho6-73qivo@example.com	9999999999-3556a912	Smoke test request	\N	Smoke test request	\N	\N	2026-02-21 09:11:49.276423+01
6f3ac063-d4cc-4799-aef3-65316c4e61df	Smoke Artist mlv8e6nc-a1paje	smoke-artist-mlv8e6nc-a1paje	artist-mlv8e6ki-iutoh5@example.com	9999999999	[]	Smoke test request	approved	2026-02-20 19:36:29.410152+01	2026-02-20 19:36:30.206825+01	9f2e9e97-b9f2-42ec-89f4-b654f4789aef	9ccfd5f9-370e-4bce-aeb4-83d1357ad92e	artist-mlv8e6ki-iutoh5@example.com	9999999999-6f3ac063	Smoke test request	\N	Smoke test request	\N	\N	2026-02-21 09:11:49.276423+01
492d8713-b007-4e3a-bd29-c5029715e570	Smoke Artist mlv8fe4t-yzy6r1	smoke-artist-mlv8fe4t-yzy6r1	artist-mlv8fe0n-o5rrr2@example.com	9999999999	[]	Smoke test request	approved	2026-02-20 19:37:25.746666+01	2026-02-20 19:37:27.427687+01	9f2e9e97-b9f2-42ec-89f4-b654f4789aef	b05410be-9767-40dc-928b-8a2a4fa2335b	artist-mlv8fe0n-o5rrr2@example.com	9999999999-492d8713	Smoke test request	\N	Smoke test request	\N	\N	2026-02-21 09:11:49.276423+01
f682fdab-7d09-4c46-a6ce-f59f4d52b33e	Smoke Artist mlv980v4-hjb24p	smoke-artist-mlv980v4-hjb24p	artist-mlv980s9-47wd7j@example.com	9999999999	[]	Smoke test request	approved	2026-02-20 19:59:41.570496+01	2026-02-20 19:59:42.464108+01	9f2e9e97-b9f2-42ec-89f4-b654f4789aef	f33445fb-ca17-485d-8759-a50a81f73f36	artist-mlv980s9-47wd7j@example.com	9999999999-f682fdab	Smoke test request	\N	Smoke test request	\N	\N	2026-02-21 09:11:49.276423+01
dcac6e5b-159c-46ca-ab97-b2402d0e7a91	Smoke Artist mlv98qou-i87rvj	smoke-artist-mlv98qou-i87rvj	artist-mlv98qlh-dq7fv9@example.com	9999999999	[]	Smoke test request	approved	2026-02-20 20:00:15.03369+01	2026-02-20 20:00:15.927309+01	9f2e9e97-b9f2-42ec-89f4-b654f4789aef	56706e71-26fd-4e21-9563-91106468ad4f	artist-mlv98qlh-dq7fv9@example.com	9999999999-dcac6e5b	Smoke test request	\N	Smoke test request	\N	\N	2026-02-21 09:11:49.276423+01
4da294c3-2d0f-4b60-ba02-9b2c4cf08fa2	Smoke Artist mlv9q0yf-r6fwsv	smoke-artist-mlv9q0yf-r6fwsv	artist-mlv9q0vv-spk7vg@example.com	9999999999	[]	Smoke test request	approved	2026-02-20 20:13:41.492872+01	2026-02-20 20:13:42.414589+01	9f2e9e97-b9f2-42ec-89f4-b654f4789aef	1b0cab59-cdbc-4dde-b88c-506b5455ca8a	artist-mlv9q0vv-spk7vg@example.com	9999999999-4da294c3	Smoke test request	\N	Smoke test request	\N	\N	2026-02-21 09:11:49.276423+01
ef4c46ba-faae-4bb8-b49c-cefa4ceec6fb	Smoke Artist mlv7xltu-ytpirc	smoke-artist-mlv7xltu-ytpirc	artist-mlv7xlrg-kk64e0@example.com	9999999999	[]	Smoke test request	approved	2026-02-20 19:23:35.942663+01	2026-02-20 19:23:36.677487+01	9f2e9e97-b9f2-42ec-89f4-b654f4789aef	c5173bd1-dcfc-448f-8157-b4d18929589b	artist-mlv7xlrg-kk64e0@example.com	9999999999-ef4c46ba	Smoke test request	\N	Smoke test request	\N	\N	2026-02-21 09:11:49.276423+01
57c336d3-ccbe-423c-a0ff-76dab0a9a47b	Smoke Artist mlv9rcco-9h9bxk	smoke-artist-mlv9rcco-9h9bxk	artist-mlv9rc8v-o2bwgu@example.com	9999999999	[]	Smoke test request	approved	2026-02-20 20:14:42.915592+01	2026-02-20 20:14:43.899876+01	9f2e9e97-b9f2-42ec-89f4-b654f4789aef	1bb31905-54b6-4839-a520-f1ccf410dd61	artist-mlv9rc8v-o2bwgu@example.com	9999999999-57c336d3	Smoke test request	\N	Smoke test request	\N	\N	2026-02-21 09:11:49.276423+01
03a2c40a-d7b6-4c91-8897-3c1ce14291de	Smoke Artist mlv9tnm6-phxyng	smoke-artist-mlv9tnm6-phxyng	artist-mlv9tnji-w7duqa@example.com	9999999999	[]	Smoke test request	approved	2026-02-20 20:16:30.820508+01	2026-02-20 20:16:31.78684+01	9f2e9e97-b9f2-42ec-89f4-b654f4789aef	e444e357-6b0b-433e-9cdd-9129e9293c79	artist-mlv9tnji-w7duqa@example.com	9999999999-03a2c40a	Smoke test request	\N	Smoke test request	\N	\N	2026-02-21 09:11:49.276423+01
da858dad-5a29-4c96-9765-1279c1912bbd	Smoke Artist mlv9wb9j-jh0b0y	smoke-artist-mlv9wb9j-jh0b0y	artist-mlv9wb76-canfll@example.com	9999999999	[]	Smoke test request	approved	2026-02-20 20:18:34.778627+01	2026-02-20 20:18:35.576914+01	9f2e9e97-b9f2-42ec-89f4-b654f4789aef	73c04672-5c49-431c-9fa7-8bc97b49e89c	artist-mlv9wb76-canfll@example.com	9999999999-da858dad	Smoke test request	\N	Smoke test request	\N	\N	2026-02-21 09:11:49.276423+01
0dd3b798-83c9-4361-902c-679f6c670fa6	Smoke Artist mlva34sj-xwcekq	smoke-artist-mlva34sj-xwcekq	artist-mlva34pk-qijwzk@example.com	9999999999	[]	Smoke test request	approved	2026-02-20 20:23:52.978167+01	2026-02-20 20:23:53.8766+01	9f2e9e97-b9f2-42ec-89f4-b654f4789aef	6f4bdc4d-94d5-483a-b333-6d1abdfafcec	artist-mlva34pk-qijwzk@example.com	9999999999-0dd3b798	Smoke test request	\N	Smoke test request	\N	\N	2026-02-21 09:11:49.276423+01
34df9b39-2567-4a87-ab98-b113bed85420	Smoke Artist mlvagun0-p4h74z	smoke-artist-mlvagun0-p4h74z	artist-mlvagujf-rk4bz6@example.com	9999999999	[]	Smoke test request	approved	2026-02-20 20:34:33.020973+01	2026-02-20 20:34:33.909777+01	9f2e9e97-b9f2-42ec-89f4-b654f4789aef	89dc38f2-8dd0-4597-8342-6e1753a8e338	artist-mlvagujf-rk4bz6@example.com	9999999999-34df9b39	Smoke test request	\N	Smoke test request	\N	\N	2026-02-21 09:11:49.276423+01
3b725f86-0e44-40dd-aaa1-98c09d4a5a19	Smoke Artist mlvaqa6j-uvzht3	smoke-artist-mlvaqa6j-uvzht3	artist-mlvaqa2r-43196f@example.com	9999999999	[]	Smoke test request	approved	2026-02-20 20:41:53.057297+01	2026-02-20 20:41:54.13299+01	9f2e9e97-b9f2-42ec-89f4-b654f4789aef	c43d0ea3-8abc-4730-b48b-45c3fbbfc51d	artist-mlvaqa2r-43196f@example.com	9999999999-3b725f86	Smoke test request	\N	Smoke test request	\N	\N	2026-02-21 09:11:49.276423+01
80432209-3478-476a-925b-91dd0f137ffe	Smoke Artist mlvarz19-qk9ece	smoke-artist-mlvarz19-qk9ece	artist-mlvaryxv-moqvn0@example.com	9999999999	[]	Smoke test request	approved	2026-02-20 20:43:11.934287+01	2026-02-20 20:43:13.230586+01	9f2e9e97-b9f2-42ec-89f4-b654f4789aef	bd2fbee2-2514-4d3c-9d3f-8dfef71764c2	artist-mlvaryxv-moqvn0@example.com	9999999999-80432209	Smoke test request	\N	Smoke test request	\N	\N	2026-02-21 09:11:49.276423+01
9e58e51b-20d0-4487-882e-08177d1b8211	Smoke Artist mlvat0wp-wh18nc	smoke-artist-mlvat0wp-wh18nc	artist-mlvat0tj-kl7oac@example.com	9999999999	[]	Smoke test request	approved	2026-02-20 20:44:01.010764+01	2026-02-20 20:44:02.280505+01	9f2e9e97-b9f2-42ec-89f4-b654f4789aef	6f1274b0-5920-4b87-bff9-e86072062946	artist-mlvat0tj-kl7oac@example.com	9999999999-9e58e51b	Smoke test request	\N	Smoke test request	\N	\N	2026-02-21 09:11:49.276423+01
84523d5a-fc71-4eb9-928a-6deb2cf65aca	Smoke Artist mlvataka-84m9zw	smoke-artist-mlvataka-84m9zw	artist-mlvatagk-elabxq@example.com	9999999999	[]	Smoke test request	approved	2026-02-20 20:44:13.520756+01	2026-02-20 20:44:14.929941+01	9f2e9e97-b9f2-42ec-89f4-b654f4789aef	aac55b4b-9ff4-4e9e-8340-0855ad64bc2f	artist-mlvatagk-elabxq@example.com	9999999999-84523d5a	Smoke test request	\N	Smoke test request	\N	\N	2026-02-21 09:11:49.276423+01
84f1f560-225f-4d7c-bf17-a9e1d2814430	Smoke Artist mlvaxbww-f8yrso	smoke-artist-mlvaxbww-f8yrso	artist-mlvaxbtr-g2m7un@example.com	9999999999	[]	Smoke test request	approved	2026-02-20 20:47:21.894825+01	2026-02-20 20:47:22.744189+01	9f2e9e97-b9f2-42ec-89f4-b654f4789aef	0a4dcea4-b19e-4e60-8832-62a5ea2b964d	artist-mlvaxbtr-g2m7un@example.com	9999999999-84f1f560	Smoke test request	\N	Smoke test request	\N	\N	2026-02-21 09:11:49.276423+01
1716b72e-2e48-4eb6-96d3-12a82b685e2d	Smoke Artist mlvb34mg-3b3rof	smoke-artist-mlvb34mg-3b3rof	artist-mlvb34ju-9z13fy@example.com	9999999999	[]	Smoke test request	approved	2026-02-20 20:51:52.381541+01	2026-02-20 20:51:53.208859+01	9f2e9e97-b9f2-42ec-89f4-b654f4789aef	81e7ba41-3137-4f7d-974f-177a2189199c	artist-mlvb34ju-9z13fy@example.com	9999999999-1716b72e	Smoke test request	\N	Smoke test request	\N	\N	2026-02-21 09:11:49.276423+01
361f148a-f5e9-4ac1-84e0-faff43e52954	Smoke Artist mlvb6hl2-dqyg6n	smoke-artist-mlvb6hl2-dqyg6n	artist-mlvb6hhq-9m7yd9@example.com	9999999999	[]	Smoke test request	approved	2026-02-20 20:54:29.150401+01	2026-02-20 20:54:30.306377+01	9f2e9e97-b9f2-42ec-89f4-b654f4789aef	68dc3413-78f7-4b59-9537-e0803d899b44	artist-mlvb6hhq-9m7yd9@example.com	9999999999-361f148a	Smoke test request	\N	Smoke test request	\N	\N	2026-02-21 09:11:49.276423+01
de569fe9-86df-4635-b67a-4995950e997e	Smoke Artist mlvb9otj-1eqwn3	smoke-artist-mlvb9otj-1eqwn3	artist-mlvb9oqm-q3eexk@example.com	9999999999	[]	Smoke test request	approved	2026-02-20 20:56:58.493443+01	2026-02-20 20:56:59.552478+01	9f2e9e97-b9f2-42ec-89f4-b654f4789aef	2c1c0ae2-190b-484f-a2f4-eab41f62695c	artist-mlvb9oqm-q3eexk@example.com	9999999999-de569fe9	Smoke test request	\N	Smoke test request	\N	\N	2026-02-21 09:11:49.276423+01
9403ae88-6d57-4549-847f-93702549d2fa	Smoke Artist mlvbasgr-qkqnpc	smoke-artist-mlvbasgr-qkqnpc	artist-mlvbasdz-8lgz6y@example.com	9999999999	[]	Smoke test request	approved	2026-02-20 20:57:49.873136+01	2026-02-20 20:57:50.72426+01	9f2e9e97-b9f2-42ec-89f4-b654f4789aef	ec065221-6aeb-44b6-930b-a2f46a65f12c	artist-mlvbasdz-8lgz6y@example.com	9999999999-9403ae88	Smoke test request	\N	Smoke test request	\N	\N	2026-02-21 09:11:49.276423+01
5e2f8b23-0f9b-4561-8a6c-d4d89aa4e69d	Smoke Artist mlvbb7ei-sy2xn0	smoke-artist-mlvbb7ei-sy2xn0	artist-mlvbb7bu-jrgj49@example.com	9999999999	[]	Smoke test request	approved	2026-02-20 20:58:09.226434+01	2026-02-20 20:58:52.133374+01	9f2e9e97-b9f2-42ec-89f4-b654f4789aef	54a9aa74-1e24-4093-8b53-0ad8c2525007	artist-mlvbb7bu-jrgj49@example.com	9999999999-5e2f8b23	Smoke test request	\N	Smoke test request	\N	\N	2026-02-21 09:11:49.276423+01
84d6c482-a0e9-4a88-9855-1f34e78ca582	Smoke Artist mlvbgvgu-o3b2t0	smoke-artist-mlvbgvgu-o3b2t0	artist-mlvbgve1-urqo5x@example.com	9999999999	[]	Smoke test request	approved	2026-02-20 21:02:33.700046+01	2026-02-20 21:02:34.516136+01	9f2e9e97-b9f2-42ec-89f4-b654f4789aef	ff42acee-74f3-4fe3-8c01-ad8e406fc0d7	artist-mlvbgve1-urqo5x@example.com	9999999999-84d6c482	Smoke test request	\N	Smoke test request	\N	\N	2026-02-21 09:11:49.276423+01
0684f6f4-c25b-43e4-b33b-ac39cddeaca0	Smoke Artist mlvbij77-9yc1rq	smoke-artist-mlvbij77-9yc1rq	artist-mlvbij4m-e93ze6@example.com	9999999999	[]	Smoke test request	approved	2026-02-20 21:03:51.11223+01	2026-02-20 21:03:52.108827+01	9f2e9e97-b9f2-42ec-89f4-b654f4789aef	9821f628-6463-4197-a525-d09493a4c319	artist-mlvbij4m-e93ze6@example.com	9999999999-0684f6f4	Smoke test request	\N	Smoke test request	\N	\N	2026-02-21 09:11:49.276423+01
ed2eebaf-2c5d-4fbf-b9f3-554d6d68c16d	Smoke Artist mlvbjybt-0bdduj	smoke-artist-mlvbjybt-0bdduj	artist-mlvbjy97-3nhcod@example.com	9999999999	[]	Smoke test request	approved	2026-02-20 21:04:57.375485+01	2026-02-20 21:04:58.381617+01	9f2e9e97-b9f2-42ec-89f4-b654f4789aef	7972407d-b313-45ca-abd8-92ea6614fb65	artist-mlvbjy97-3nhcod@example.com	9999999999-ed2eebaf	Smoke test request	\N	Smoke test request	\N	\N	2026-02-21 09:11:49.276423+01
d05fc959-7fb9-4aed-9d6c-31774029b374	Smoke Artist mlvbqjhc-x39vdc	smoke-artist-mlvbqjhc-x39vdc	artist-mlvbqje9-12oqy9@example.com	9999999999	[]	Smoke test request	approved	2026-02-20 21:10:04.732537+01	2026-02-20 21:10:05.851788+01	9f2e9e97-b9f2-42ec-89f4-b654f4789aef	b1e00af5-46ea-4a05-aebb-8949a4783454	artist-mlvbqje9-12oqy9@example.com	9999999999-d05fc959	Smoke test request	\N	Smoke test request	\N	\N	2026-02-21 09:11:49.276423+01
8482c89b-c902-4a18-8c13-b237ea502f12	Smoke Artist mlvbvxyb-9k5u1a	smoke-artist-mlvbvxyb-9k5u1a	artist-mlvbvxvi-girxxp@example.com	9999999999	[]	Smoke test request	approved	2026-02-20 21:14:16.76785+01	2026-02-20 21:14:17.75577+01	9f2e9e97-b9f2-42ec-89f4-b654f4789aef	4ef6c575-7ccb-4c0b-a017-9f553b4a0578	artist-mlvbvxvi-girxxp@example.com	9999999999-8482c89b	Smoke test request	\N	Smoke test request	\N	\N	2026-02-21 09:11:49.276423+01
24cbb1ae-2856-476b-95f1-bf092f22a0ca	Smoke Artist mlvc1ydr-vhbx6s	smoke-artist-mlvc1ydr-vhbx6s	artist-mlvc1yb8-b7fi88@example.com	9999999999	[]	Smoke test request	approved	2026-02-20 21:18:57.259161+01	2026-02-20 21:18:58.195029+01	9f2e9e97-b9f2-42ec-89f4-b654f4789aef	3ea840dc-836c-4f38-b0bc-5efc4d30c45e	artist-mlvc1yb8-b7fi88@example.com	9999999999-24cbb1ae	Smoke test request	\N	Smoke test request	\N	\N	2026-02-21 09:11:49.276423+01
8965ed02-43e8-45de-a261-5896d0a80ab9	Smoke Artist mlvc8seu-nyt0a2	smoke-artist-mlvc8seu-nyt0a2	artist-mlvc8sbs-le3hq0@example.com	9999999999	[]	Smoke test request	approved	2026-02-20 21:24:16.109216+01	2026-02-20 21:24:17.127736+01	9f2e9e97-b9f2-42ec-89f4-b654f4789aef	7e5b0c2c-5f90-4ace-8924-3620f843db66	artist-mlvc8sbs-le3hq0@example.com	9999999999-8965ed02	Smoke test request	\N	Smoke test request	\N	\N	2026-02-21 09:11:49.276423+01
01c15c80-f746-4f51-9b5d-2d54a91a1819	Smoke Artist mlvcdgon-7c6ssf	smoke-artist-mlvcdgon-7c6ssf	artist-mlvcdglz-idsl1q@example.com	9999999999	[]	Smoke test request	approved	2026-02-20 21:27:54.190084+01	2026-02-20 21:27:55.211182+01	9f2e9e97-b9f2-42ec-89f4-b654f4789aef	a163a8a3-51d2-4371-9056-3a973322862c	artist-mlvcdglz-idsl1q@example.com	9999999999-01c15c80	Smoke test request	\N	Smoke test request	\N	\N	2026-02-21 09:11:49.276423+01
f03ecee4-0ced-48ec-9bc4-fb8082a07c9a	Smoke Artist mlvcimy8-e1pvtd	smoke-artist-mlvcimy8-e1pvtd	artist-mlvcimv7-c94sma@example.com	9999999999	[]	Smoke test request	approved	2026-02-20 21:31:55.590627+01	2026-02-20 21:31:56.761546+01	9f2e9e97-b9f2-42ec-89f4-b654f4789aef	ac3d4cd7-a13a-4e1e-8a85-c8bb7311a243	artist-mlvcimv7-c94sma@example.com	9999999999-f03ecee4	Smoke test request	\N	Smoke test request	\N	\N	2026-02-21 09:11:49.276423+01
9b5021be-6756-40e5-967f-30c3ea5103bd	Smoke Artist mlvco6gb-byw1ov	smoke-artist-mlvco6gb-byw1ov	artist-mlvco6do-klx3ha@example.com	9999999999	[]	Smoke test request	approved	2026-02-20 21:36:14.144034+01	2026-02-20 21:36:15.125021+01	9f2e9e97-b9f2-42ec-89f4-b654f4789aef	f8ec4b6c-4ddc-4c4e-a86b-816befa38a0a	artist-mlvco6do-klx3ha@example.com	9999999999-9b5021be	Smoke test request	\N	Smoke test request	\N	\N	2026-02-21 09:11:49.276423+01
66b73567-26bc-497c-be57-0c4195c50eff	Smoke Artist mlvcs8s7-kdyc38	smoke-artist-mlvcs8s7-kdyc38	artist-mlvcs8p7-se8lte@example.com	9999999999	[]	Smoke test request	approved	2026-02-20 21:39:23.800595+01	2026-02-20 21:39:24.951563+01	9f2e9e97-b9f2-42ec-89f4-b654f4789aef	ac941366-5678-4365-ac40-937b628c94db	artist-mlvcs8p7-se8lte@example.com	9999999999-66b73567	Smoke test request	\N	Smoke test request	\N	\N	2026-02-21 09:11:49.276423+01
92b5858e-9289-4d75-a2bd-6f924867975f	Smoke Artist mlvd2thy-5hao66	smoke-artist-mlvd2thy-5hao66	artist-mlvd2tdq-5s1bdr@example.com	9999999999	[]	Smoke test request	approved	2026-02-20 21:47:37.220649+01	2026-02-20 21:47:38.842421+01	9f2e9e97-b9f2-42ec-89f4-b654f4789aef	29e9d512-562e-46d4-ab75-340dce098a95	artist-mlvd2tdq-5s1bdr@example.com	9999999999-92b5858e	Smoke test request	\N	Smoke test request	\N	\N	2026-02-21 09:11:49.276423+01
696360f2-5c7e-44a1-b04f-923198183696	Smoke Artist mlvd5irb-be5372	smoke-artist-mlvd5irb-be5372	artist-mlvd5in3-rhdsc6@example.com	9999999999	[]	Smoke test request	approved	2026-02-20 21:49:43.266206+01	2026-02-20 21:49:44.734599+01	9f2e9e97-b9f2-42ec-89f4-b654f4789aef	45c3871e-7efd-4cf5-8b79-11762b611c36	artist-mlvd5in3-rhdsc6@example.com	9999999999-696360f2	Smoke test request	\N	Smoke test request	\N	\N	2026-02-21 09:11:49.276423+01
bf2c4f7d-6bd4-4d0e-b68b-108503606f2d	Smoke Artist mlvd79wq-5vpov6	smoke-artist-mlvd79wq-5vpov6	artist-mlvd79u7-hbcgr0@example.com	9999999999	[]	Smoke test request	approved	2026-02-20 21:51:05.102459+01	2026-02-20 21:51:06.207665+01	9f2e9e97-b9f2-42ec-89f4-b654f4789aef	09ceca32-79db-470c-b658-bed7e9c62996	artist-mlvd79u7-hbcgr0@example.com	9999999999-bf2c4f7d	Smoke test request	\N	Smoke test request	\N	\N	2026-02-21 09:11:49.276423+01
c57a4fec-0031-4d20-9b8e-1e62807d6b7c	Smoke Artist mlvdcgsk-bqen3g	smoke-artist-mlvdcgsk-bqen3g	artist-mlvdcgol-bl5q0k@example.com	9999999999	[]	Smoke test request	approved	2026-02-20 21:55:07.318931+01	2026-02-20 21:55:08.535748+01	9f2e9e97-b9f2-42ec-89f4-b654f4789aef	fa7854a1-2510-47eb-a23c-6a4e86e72241	artist-mlvdcgol-bl5q0k@example.com	9999999999-c57a4fec	Smoke test request	\N	Smoke test request	\N	\N	2026-02-21 09:11:49.276423+01
b6febd9a-b64d-4aee-b2e1-7468a47d143f	Smoke Artist mlvdpvsf-prc73y	smoke-artist-mlvdpvsf-prc73y	artist-mlvdpvp2-0nresb@example.com	9999999999	[]	Smoke test request	approved	2026-02-20 22:05:33.268501+01	2026-02-20 22:05:34.366078+01	9f2e9e97-b9f2-42ec-89f4-b654f4789aef	6d3a05d9-2351-4486-a23e-60a335e4bba7	artist-mlvdpvp2-0nresb@example.com	9999999999-b6febd9a	Smoke test request	\N	Smoke test request	\N	\N	2026-02-21 09:11:49.276423+01
947c7689-848d-477a-97b4-5b715a2fac5d	Smoke Artist mlvdvgqb-tkhiso	smoke-artist-mlvdvgqb-tkhiso	artist-mlvdvgnf-a24rw2@example.com	9999999999	[]	Smoke test request	approved	2026-02-20 22:09:53.677877+01	2026-02-20 22:09:54.741155+01	9f2e9e97-b9f2-42ec-89f4-b654f4789aef	a9d38d3c-8d0d-4103-9630-72b15a3279d5	artist-mlvdvgnf-a24rw2@example.com	9999999999-947c7689	Smoke test request	\N	Smoke test request	\N	\N	2026-02-21 09:11:49.276423+01
1c854004-2c87-48fb-8c70-4af6ca59a4b5	Smoke Artist mlvdwsyu-jn1vcc	smoke-artist-mlvdwsyu-jn1vcc	artist-mlvdwsw6-qqs1va@example.com	9999999999	[]	Smoke test request	approved	2026-02-20 22:10:56.187027+01	2026-02-20 22:10:57.202375+01	9f2e9e97-b9f2-42ec-89f4-b654f4789aef	0912d202-a94e-4d90-91f6-01223289647b	artist-mlvdwsw6-qqs1va@example.com	9999999999-1c854004	Smoke test request	\N	Smoke test request	\N	\N	2026-02-21 09:11:49.276423+01
76988d43-2d62-43df-a4c8-e4da9186978d	Smoke Artist mlvea4yu-q03q60	smoke-artist-mlvea4yu-q03q60	artist-mlvea4w7-joo35z@example.com	9999999999	[]	Smoke test request	approved	2026-02-20 22:21:18.272903+01	2026-02-20 22:21:19.350916+01	9f2e9e97-b9f2-42ec-89f4-b654f4789aef	1c300ea8-ea0f-4530-aa6c-39117701d193	artist-mlvea4w7-joo35z@example.com	9999999999-76988d43	Smoke test request	\N	Smoke test request	\N	\N	2026-02-21 09:11:49.276423+01
dd4085cb-5c56-48f6-ab4b-a5d6b91e40a1	Smoke Artist mlvfc1of-72uyz1	smoke-artist-mlvfc1of-72uyz1	artist-mlvfc1lk-krod7g@example.com	9999999999	[]	Smoke test request	approved	2026-02-20 22:50:46.952258+01	2026-02-20 22:50:47.994972+01	9f2e9e97-b9f2-42ec-89f4-b654f4789aef	96b86f02-61f5-4074-aa3c-f24c70318a11	artist-mlvfc1lk-krod7g@example.com	9999999999-dd4085cb	Smoke test request	\N	Smoke test request	\N	\N	2026-02-21 09:11:49.276423+01
f17d2eff-a4a6-457e-9ede-27060cd136f7	Smoke Artist mlvffilh-9vh0p0	smoke-artist-mlvffilh-9vh0p0	artist-mlvffiik-qqj6wh@example.com	9999999999	[]	Smoke test request	approved	2026-02-20 22:53:28.817413+01	2026-02-20 22:53:29.867391+01	9f2e9e97-b9f2-42ec-89f4-b654f4789aef	01192914-7a49-4ed5-9372-72ca358d0b68	artist-mlvffiik-qqj6wh@example.com	9999999999-f17d2eff	Smoke test request	\N	Smoke test request	\N	\N	2026-02-21 09:11:49.276423+01
2f19b119-6137-4aed-89a7-9b53cdad6a09	Smoke Artist mlvfq1gz-4w8lpw	smoke-artist-mlvfq1gz-4w8lpw	artist-mlvfq1dt-ucgfpb@example.com	9999999999	[]	Smoke test request	approved	2026-02-20 23:01:39.861124+01	2026-02-20 23:01:40.995765+01	9f2e9e97-b9f2-42ec-89f4-b654f4789aef	0401dfe3-ff86-4346-ac77-c2e562c8fccd	artist-mlvfq1dt-ucgfpb@example.com	9999999999-2f19b119	Smoke test request	\N	Smoke test request	\N	\N	2026-02-21 09:11:49.276423+01
94da7b01-0d80-4677-a3bb-c429c432a5ec	Smoke Artist mlvg4310-0vgt4l	smoke-artist-mlvg4310-0vgt4l	artist-mlvg42y5-qjd7ak@example.com	9999999999	[]	Smoke test request	approved	2026-02-20 23:12:35.072614+01	2026-02-20 23:12:36.141125+01	9f2e9e97-b9f2-42ec-89f4-b654f4789aef	04d4a12f-66fa-45c5-a5ee-941f74a9024f	artist-mlvg42y5-qjd7ak@example.com	9999999999-94da7b01	Smoke test request	\N	Smoke test request	\N	\N	2026-02-21 09:11:49.276423+01
6a54e8e5-c9f7-4f12-ac48-2fcac93bf68a	Smoke Artist mlvghcuc-sqpdnd	smoke-artist-mlvghcuc-sqpdnd	artist-mlvghcrk-67wt99@example.com	9999999999	[]	Smoke test request	approved	2026-02-20 23:22:54.314252+01	2026-02-20 23:22:55.412496+01	9f2e9e97-b9f2-42ec-89f4-b654f4789aef	12a08478-fa92-42ec-b92a-d11151d7aa64	artist-mlvghcrk-67wt99@example.com	9999999999-6a54e8e5	Smoke test request	\N	Smoke test request	\N	\N	2026-02-21 09:11:49.276423+01
17db5b4c-2849-4bdc-be08-feffd2e344ef	Smoke Artist mlvxydy5-uuk3i6	smoke-artist-mlvxydy5-uuk3i6	artist-mlvxydvo-foielf@example.com	9999999999	[]	Smoke test request	approved	2026-02-21 07:32:02.366623+01	2026-02-21 07:32:03.553108+01	9f2e9e97-b9f2-42ec-89f4-b654f4789aef	a735dc3b-de2e-44cb-80fa-efdbeb375162	artist-mlvxydvo-foielf@example.com	9999999999-17db5b4c	Smoke test request	\N	Smoke test request	\N	\N	2026-02-21 09:11:49.276423+01
2260c07d-3501-4366-ac50-6e1d932073d8	Smoke Artist mlvy6gtv-ll0kec	smoke-artist-mlvy6gtv-ll0kec	artist-mlvy6gri-bp590d@example.com	9999999999	[]	Smoke test request	approved	2026-02-21 07:38:19.330718+01	2026-02-21 07:38:20.237428+01	9f2e9e97-b9f2-42ec-89f4-b654f4789aef	82197605-0d59-40b3-8fc1-d71747709d20	artist-mlvy6gri-bp590d@example.com	9999999999-2260c07d	Smoke test request	\N	Smoke test request	\N	\N	2026-02-21 09:11:49.276423+01
7f3b49fb-0bb6-48a2-888b-2942a4bc979a	Smoke Artist mlvy916f-bsguct	smoke-artist-mlvy916f-bsguct	artist-mlvy9141-p451vb@example.com	9999999999	[]	Smoke test request	approved	2026-02-21 07:40:19.018045+01	2026-02-21 07:40:19.957475+01	9f2e9e97-b9f2-42ec-89f4-b654f4789aef	789ddca6-29d3-4926-8697-cca0cc75996c	artist-mlvy9141-p451vb@example.com	9999999999-7f3b49fb	Smoke test request	\N	Smoke test request	\N	\N	2026-02-21 09:11:49.276423+01
461822eb-0b24-420a-8e84-73dfa3eb7cc0	Smoke Artist mlvyjh2s-0xyrxr	smoke-artist-mlvyjh2s-0xyrxr	artist-mlvyjh0f-qa4u88@example.com	9999999999	[]	Smoke test request	approved	2026-02-21 07:48:26.185401+01	2026-02-21 07:48:27.085339+01	9f2e9e97-b9f2-42ec-89f4-b654f4789aef	d11276f0-90b1-4d60-9caf-13013f52a615	artist-mlvyjh0f-qa4u88@example.com	9999999999-461822eb	Smoke test request	\N	Smoke test request	\N	\N	2026-02-21 09:11:49.276423+01
c9761a83-aa38-49da-b992-828ade91ac13	Smoke Artist mlvze3hr-hr1l1q	smoke-artist-mlvze3hr-hr1l1q	artist-mlvze3f7-asqtfr@example.com	9999999999	[]	Smoke test request	approved	2026-02-21 08:12:14.929641+01	2026-02-21 08:12:15.849104+01	9f2e9e97-b9f2-42ec-89f4-b654f4789aef	8bf80d7e-9af3-48ed-b113-7a495375512f	artist-mlvze3f7-asqtfr@example.com	9999999999-c9761a83	Smoke test request	\N	Smoke test request	\N	\N	2026-02-21 09:11:49.276423+01
416fdc97-0f09-41a5-a46e-7dbc2881246d	Smoke Artist mlw00836-fuxls6	smoke-artist-mlw00836-fuxls6	artist-mlw0080t-7y3mnh@example.com	9999999999	[]	Smoke test request	approved	2026-02-21 08:29:27.307545+01	2026-02-21 08:29:28.231406+01	9f2e9e97-b9f2-42ec-89f4-b654f4789aef	acb5b57f-cd01-4396-8726-b6473d969029	artist-mlw0080t-7y3mnh@example.com	9999999999-416fdc97	Smoke test request	\N	Smoke test request	\N	\N	2026-02-21 09:11:49.276423+01
77b58490-103f-4c79-8c48-088dcf7587d6	Smoke Apply Artist	smoke-apply-artist-77b58490	smoke.apply.1771579007209@test.com	9999999999	[]	Smoke application request for artist onboarding.	pending	2026-02-20 10:16:50.601209+01	\N	\N	1edfd56f-99b2-40d4-a6b1-1a19c6cfdcb1	smoke.apply.1771579007209@test.com	9999999999-77b58490	Smoke application request for artist onboarding.	\N	\N	\N	\N	2026-02-21 09:11:49.276423+01
5b83b58f-7ca0-4158-b2e2-3d2cf19055bd	Smoke Apply Artist	smoke-apply-artist-5b83b58f	smoke.apply.1771589231790@test.com	9999999999	[]	Smoke application request for artist onboarding.	pending	2026-02-20 13:07:16.011996+01	\N	\N	8ab8e1ac-ba60-49eb-8369-022ede51c676	smoke.apply.1771589231790@test.com	9999999999-5b83b58f	Smoke application request for artist onboarding.	\N	\N	\N	\N	2026-02-21 09:11:49.276423+01
c8cdf8a3-0626-45ec-9a4e-b5024ebe28d7	Smoke Apply Artist	smoke-apply-artist-c8cdf8a3	smoke.apply.1771590386349@test.com	9999999999	[]	Smoke application request for artist onboarding.	pending	2026-02-20 13:26:30.248529+01	\N	\N	8ab8e1ac-ba60-49eb-8369-022ede51c676	smoke.apply.1771590386349@test.com	9999999999-c8cdf8a3	Smoke application request for artist onboarding.	\N	\N	\N	\N	2026-02-21 09:11:49.276423+01
da7cfe6f-e51b-4289-b718-58abffff2501	Smoke Apply Artist	smoke-apply-artist-da7cfe6f	smoke.apply.1771590501046@test.com	9999999999	[]	Smoke application request for artist onboarding.	pending	2026-02-20 13:28:25.158297+01	\N	\N	8ab8e1ac-ba60-49eb-8369-022ede51c676	smoke.apply.1771590501046@test.com	9999999999-da7cfe6f	Smoke application request for artist onboarding.	\N	\N	\N	\N	2026-02-21 09:11:49.276423+01
a5bc409b-0c05-4ede-8e24-c07dde18c5e8	Smoke Apply Artist	smoke-apply-artist-a5bc409b	smoke.apply.1771624927647@example.invalid	9999999999	[]	Smoke application request for artist onboarding.	pending	2026-02-20 23:02:10.67165+01	\N	\N	8ab8e1ac-ba60-49eb-8369-022ede51c676	smoke.apply.1771624927647@example.invalid	9999999999-a5bc409b	Smoke application request for artist onboarding.	\N	Smoke application request for artist onboarding.	\N	\N	2026-02-21 09:11:49.276423+01
5383aec4-fab3-4c4e-969f-e0cb99e97baf	Smoke Apply Artist	smoke-apply-artist-5383aec4	smoke.apply.1771625591367@example.invalid	9999999999	[]	Smoke application request for artist onboarding.	pending	2026-02-20 23:13:13.718008+01	\N	\N	8ab8e1ac-ba60-49eb-8369-022ede51c676	smoke.apply.1771625591367@example.invalid	9999999999-5383aec4	Smoke application request for artist onboarding.	\N	Smoke application request for artist onboarding.	\N	\N	2026-02-21 09:11:49.276423+01
3226dd0d-152e-4692-ab47-d7cfc4f5311a	Smoke Apply Artist	smoke-apply-artist-3226dd0d	smoke.apply.1771626200505@example.invalid	9999999999	[]	Smoke application request for artist onboarding.	pending	2026-02-20 23:23:22.693874+01	\N	\N	8ab8e1ac-ba60-49eb-8369-022ede51c676	smoke.apply.1771626200505@example.invalid	9999999999-3226dd0d	Smoke application request for artist onboarding.	\N	Smoke application request for artist onboarding.	\N	\N	2026-02-21 09:11:49.276423+01
f0da2824-233a-4ff3-8443-4ab31249b604	Smoke Apply Artist	smoke-apply-artist-f0da2824	smoke.apply.1771655540509@example.invalid	9999999999	[]	Smoke application request for artist onboarding.	pending	2026-02-21 07:32:22.235079+01	\N	\N	8ab8e1ac-ba60-49eb-8369-022ede51c676	smoke.apply.1771655540509@example.invalid	9999999999-f0da2824	Smoke application request for artist onboarding.	\N	Smoke application request for artist onboarding.	\N	\N	2026-02-21 09:11:49.276423+01
61360fea-18fc-46d8-96cd-4bb8ece49197	Smoke Apply Artist	smoke-apply-artist-61360fea	smoke.apply.1771655917585@example.invalid	9999999999	[]	Smoke application request for artist onboarding.	pending	2026-02-21 07:38:40.044053+01	\N	\N	8ab8e1ac-ba60-49eb-8369-022ede51c676	smoke.apply.1771655917585@example.invalid	9999999999-61360fea	Smoke application request for artist onboarding.	\N	Smoke application request for artist onboarding.	\N	\N	2026-02-21 09:11:49.276423+01
1be35184-68d1-48b0-b50d-e7c03dd168f1	Smoke Apply Artist	smoke-apply-artist-1be35184	smoke.apply.1771656036443@example.invalid	9999999999	[]	Smoke application request for artist onboarding.	pending	2026-02-21 07:40:38.21927+01	\N	\N	8ab8e1ac-ba60-49eb-8369-022ede51c676	smoke.apply.1771656036443@example.invalid	9999999999-1be35184	Smoke application request for artist onboarding.	\N	Smoke application request for artist onboarding.	\N	\N	2026-02-21 09:11:49.276423+01
3da9a327-2273-4b25-9a8f-a48384b1f1d5	Smoke Apply Artist	smoke-apply-artist-3da9a327	smoke.apply.1771656523533@example.invalid	9999999999	[]	Smoke application request for artist onboarding.	pending	2026-02-21 07:48:45.15957+01	\N	\N	8ab8e1ac-ba60-49eb-8369-022ede51c676	smoke.apply.1771656523533@example.invalid	9999999999-3da9a327	Smoke application request for artist onboarding.	\N	Smoke application request for artist onboarding.	\N	\N	2026-02-21 09:11:49.276423+01
e4cc666d-3a4b-4914-bfb2-0e175422387e	Smoke Apply Artist	smoke-apply-artist-e4cc666d	smoke.apply.1771657955673@example.invalid	9999999999	[]	Smoke application request for artist onboarding.	pending	2026-02-21 08:12:37.918082+01	\N	\N	8ab8e1ac-ba60-49eb-8369-022ede51c676	smoke.apply.1771657955673@example.invalid	9999999999-e4cc666d	Smoke application request for artist onboarding.	\N	Smoke application request for artist onboarding.	\N	\N	2026-02-21 09:11:49.276423+01
0ba435d2-5202-40d0-b31a-db3f24ce57c1	Smoke Apply Artist	smoke-apply-artist-0ba435d2	smoke.apply.1771658986952@example.invalid	9999999999	[]	Smoke application request for artist onboarding.	pending	2026-02-21 08:29:49.384512+01	\N	\N	8ab8e1ac-ba60-49eb-8369-022ede51c676	smoke.apply.1771658986952@example.invalid	9999999999-0ba435d2	Smoke application request for artist onboarding.	\N	Smoke application request for artist onboarding.	\N	\N	2026-02-21 09:11:49.276423+01
\.


--
-- Data for Name: artist_user_map; Type: TABLE DATA; Schema: public; Owner: postgres
--

COPY public.artist_user_map (id, artist_id, user_id) FROM stdin;
87757e26-489e-45c4-8450-01066ce58e61	2d6d7f0a-36c3-4887-b41c-0d0061c0e04b	df267245-467c-43b2-b40e-dc77ad0b8982
b889763d-db5d-4f57-9d22-f4d9f866fcea	81507257-1a83-4736-be2e-a8e1603e2f30	c5173bd1-dcfc-448f-8157-b4d18929589b
5ca1a172-94a0-43f6-b850-72b6b332a700	553f2fff-f338-496f-ae6b-661605318e08	d92ad052-92bd-424d-8602-281301c845aa
4bb145b7-4f84-48c2-ad93-c2e239ee1f9e	21b7dae6-883e-4f63-a3a9-b1185c056df4	d38301dd-da1d-42c2-a008-cd1f9902cdc9
b0e3a833-7821-4a17-bdb6-d230677fb415	11e479a6-3453-4336-ae05-7e12f4e647d5	9ccfd5f9-370e-4bce-aeb4-83d1357ad92e
a1a67375-ecff-4a62-a87e-555d497ab945	f733c6b2-0330-41b0-819f-66b744dd4892	b05410be-9767-40dc-928b-8a2a4fa2335b
dd5bdebb-d34e-4b6a-b6f2-29ea333c8745	1a9f6dde-fa67-4adb-b6d7-c04256877e7c	789ddca6-29d3-4926-8697-cca0cc75996c
6ff3056c-171a-41c1-8dbd-78fb3c58f341	4fa77d07-eb90-470b-99ff-d0ddf482f8d2	f33445fb-ca17-485d-8759-a50a81f73f36
dc765552-40d1-420e-8d83-3fb3a552ce89	e8498963-e865-433e-9ba9-79a0230d1a65	56706e71-26fd-4e21-9563-91106468ad4f
7e042a0b-4916-4145-962a-312b075e2c27	698e4870-e04f-446e-9732-930c98462fc3	d11276f0-90b1-4d60-9caf-13013f52a615
117fed01-8855-4918-bfa6-fae36e5042f4	ca73e027-f02f-4edd-8859-e0a8ae5fe9e3	1b0cab59-cdbc-4dde-b88c-506b5455ca8a
f59a2eeb-5881-40fb-bd0f-c1f25a955580	f3923ee4-63d7-48c9-904c-cc68fba8b918	1bb31905-54b6-4839-a520-f1ccf410dd61
dd95fdfe-00d8-4eb4-9e86-1fbd2afa4570	ce26d2b9-fe04-4438-8042-057866ee4c30	8bf80d7e-9af3-48ed-b113-7a495375512f
99ee1f75-9239-4081-818a-3487d0cf04e0	f880b6ca-bbd4-447b-bfb8-a0d07c741e09	e444e357-6b0b-433e-9cdd-9129e9293c79
f4dfc57a-4a73-4998-843e-a3c8e8531875	f2283c5a-e3e4-4b38-9576-1f7e7e541fd6	73c04672-5c49-431c-9fa7-8bc97b49e89c
6a05144d-c931-4b97-a759-b9f81d9f85a3	2cf1b4bc-e6d9-4ddb-8e39-aaa531aa320d	acb5b57f-cd01-4396-8726-b6473d969029
df948069-422f-42cc-9f8f-187026e4217d	bf357a77-c400-4996-ae50-42189ab1180f	6f4bdc4d-94d5-483a-b333-6d1abdfafcec
53ece035-3d71-4893-ac5d-8e63111a4c98	13a31044-f01f-45c2-86fa-3c223290e5af	89dc38f2-8dd0-4597-8342-6e1753a8e338
cd9a3b7e-77d3-41ff-9c7e-b1537a0109bc	56cf592f-4ad3-4829-940c-2a410c743351	c43d0ea3-8abc-4730-b48b-45c3fbbfc51d
12fe9715-d784-4885-bbdf-e0ac1dc640db	21929949-a8cd-4804-8093-f6fd06568f6d	bd2fbee2-2514-4d3c-9d3f-8dfef71764c2
f0e9578d-ebcc-461a-8a6b-ced7074bc2a7	5a18ff94-482c-4703-8f95-1ce7151de723	8163b8b6-cec2-4fca-a23f-2c8ccc5ef601
33b755e6-5204-4746-96fd-de58f0e541b5	5ceb9ad7-59fd-49ac-9f33-768fdf12330d	6f1274b0-5920-4b87-bff9-e86072062946
6ad22911-70d5-43c0-a1e6-6df6af90ab67	2eeb5dde-529c-4ad9-9dad-983a50f28eed	aac55b4b-9ff4-4e9e-8340-0855ad64bc2f
aa8e8045-cba6-408a-a15b-cf32cc3d1531	d09ce710-967e-4e44-b96e-23b85e65f0f4	0dfe0b70-d57c-4f20-b7ac-e2982a3e2e63
67b9a244-5795-4ffd-8e90-cb0341f25d09	c5a0a74b-27c5-4a46-8340-c99430006e55	0a4dcea4-b19e-4e60-8832-62a5ea2b964d
e904a574-457c-4cc9-b5f7-03ebe33376bf	f7d2bfb7-4a19-46ec-94d0-342f60d733c5	b370d603-1720-457d-aa31-befa2a4488f4
b3adc61b-479b-41f7-8521-7dcd9d99249f	61b2bb35-8728-4d79-994a-40f5234d67e4	81e7ba41-3137-4f7d-974f-177a2189199c
7d11805d-5469-4256-b8bf-57c878544f06	51f2b8fe-ac5c-404d-b194-9900eac023cf	68dc3413-78f7-4b59-9537-e0803d899b44
95dc11f7-4a2a-4c54-90bf-e0aed0d80955	95d108d2-84f8-4e80-a7a8-95b8f5c1257a	7087702a-b607-4f23-b3fa-f932e1119360
783b8998-fe5a-4ea3-9009-b10f51c15974	661c15a4-207b-4f69-b7cf-4c33b66f41ee	2c1c0ae2-190b-484f-a2f4-eab41f62695c
8a35ebcf-0d29-40e3-a3e6-d94916d0415b	c8113798-f098-46fc-9153-81230130b566	ec065221-6aeb-44b6-930b-a2f46a65f12c
0841c1b6-1020-4914-9e22-9b0f9700e561	5af6cfc0-50f9-4386-9c71-6eae45f29e46	52a43f8d-639f-4de3-bc75-732be518f70e
10fa75f4-d28c-4ded-b888-73c9f7c1663a	8f03c6df-f40e-47bc-ae2f-06727ffef4ac	54a9aa74-1e24-4093-8b53-0ad8c2525007
9016317a-f030-4890-9f1d-5b8c9a76b097	e1e388f6-bca2-46b1-8146-e21bb3e0fc87	b3fd8a34-6214-4de7-a69c-c293d1f22911
6e61abbb-229e-4a2b-8413-26ff917bf0a1	5d0cb7de-a967-4e71-9b56-57ff7e439d30	ff42acee-74f3-4fe3-8c01-ad8e406fc0d7
6c8e44eb-fc09-43b0-a533-84a513a114fb	dd8ba2f0-0b1e-411c-a6e5-b830cfccb113	9821f628-6463-4197-a525-d09493a4c319
3112d269-fad6-4dfc-986d-518eb68ad125	de137bf2-fe45-4d9b-b304-d81ca2eec6e7	1a2f0f99-ee98-4af6-bbd5-3b5344de865a
d5b22689-e118-4716-a879-26f7fb595961	fb70cd06-acdb-4076-9b80-cbe5f6701e20	7972407d-b313-45ca-abd8-92ea6614fb65
367e1892-f600-49e9-968e-34ada776f7e9	50966516-5eed-4fe0-bc39-53be6e1ac5a6	b1e00af5-46ea-4a05-aebb-8949a4783454
4ead80c3-bae3-4e87-83fb-0b98c1cec5d3	f3b4f5cb-8397-431c-b150-fc91f56be776	0223d9ae-3328-46ae-9ccd-4fd1a350e0dc
49c0ca85-39cb-44f0-bae6-b9c4743e15aa	6431bca8-0821-45ca-a1f2-1cdcc5d24919	4ef6c575-7ccb-4c0b-a017-9f553b4a0578
87988ec7-f537-4b0f-ad2a-844ed939e10b	176d489c-c3d5-40db-9f79-e769e3526998	d9a00e14-3489-4030-b01f-4465a0ff8b38
7330d89f-74d7-447b-ad52-0e7ec8e4a404	d3edf264-d2a4-4023-9d58-ca958971e04b	3ea840dc-836c-4f38-b0bc-5efc4d30c45e
a2cea759-34a3-4cfb-a4f4-0abfa77784fa	e214a420-bcd7-4e68-8ece-5feb9ec4fc22	a111e8ac-98f7-43e5-b938-449190eee2eb
0037c1bd-d350-4a80-a595-c5e8f79647d9	5669d4a7-b6aa-4496-bd6b-968ce4fdb61e	7e5b0c2c-5f90-4ace-8924-3620f843db66
73a3ba17-13d8-49ce-beb7-9a280dc063b0	1843a0e8-51cc-4b92-9b88-4d4edd436788	87c5de86-084b-4fc9-8ae4-ce62d71a19eb
a8579ac5-7816-4685-8fcd-a917774b930c	bcb39a84-5b2b-4ce4-befc-692c620fecc1	a163a8a3-51d2-4371-9056-3a973322862c
058fb1c1-04d5-4742-b047-646293b2658d	04822b95-cc43-486e-bea3-38de1c3e9115	ac3d4cd7-a13a-4e1e-8a85-c8bb7311a243
3fdbc7b5-61de-4d9d-860f-b6c0d6e2357e	d71e09ec-0410-412c-904c-6606f34d2562	f8ec4b6c-4ddc-4c4e-a86b-816befa38a0a
b926bb25-cd2e-4dbe-8b59-5faf47b13b7f	49a4502c-a9e0-4a5b-8610-6c12af08f0db	ac941366-5678-4365-ac40-937b628c94db
4bb87ac8-1557-446f-afc8-061bd56876a6	4ba843cd-29de-4586-bfff-2fbd06edf492	29e9d512-562e-46d4-ab75-340dce098a95
af135016-5692-4ebd-92a2-4b71df60937d	fa097aca-1d05-4f0d-936b-969cebd601be	45c3871e-7efd-4cf5-8b79-11762b611c36
c6ad678c-0cc0-4ea1-b25e-3acc8f6bcb9e	c389f941-d133-46e8-8032-fda800a3fcba	09ceca32-79db-470c-b658-bed7e9c62996
01728c8b-3d89-48dd-bf83-428f4266a79b	6a397a04-aba4-4890-a7d4-63247c98fe68	fa7854a1-2510-47eb-a23c-6a4e86e72241
4e153ce6-7bfc-4854-a1ad-22706eb188d1	31f87083-d9e5-4d78-b516-6c09294b7d2c	6d3a05d9-2351-4486-a23e-60a335e4bba7
7f2d541a-d4ed-4103-a9ec-5bf926b6fd07	3e2ca43e-08c5-46c6-a7b2-e8512ee7d591	a9d38d3c-8d0d-4103-9630-72b15a3279d5
b64a16d3-15a0-41c0-b09a-194e9dab09f7	270995c7-17bb-47cd-8e37-19be4a51c360	0912d202-a94e-4d90-91f6-01223289647b
ed87d2d7-7585-4939-93ad-bbdf9ac5d907	cb072f96-9fbd-4713-8e55-38887c63c8cd	1c300ea8-ea0f-4530-aa6c-39117701d193
b83cd118-760e-4562-b28c-32cf5e9c2aaa	77d38525-eddd-4ac6-8cb3-0216d1e46478	96b86f02-61f5-4074-aa3c-f24c70318a11
5155bf2b-c6c4-4360-bc1e-9d4a0bde1adb	372d8701-4048-4592-b3a0-613f5764b939	01192914-7a49-4ed5-9372-72ca358d0b68
83c8d458-39de-4fd8-88a2-db7edd4c22d7	e7c6b355-db70-49b1-8e21-e5d39bf6d6f0	0401dfe3-ff86-4346-ac77-c2e562c8fccd
310844e5-c275-4d29-b369-5246b3d0b91e	e35b562f-efce-4036-9447-6a201c2d2467	04d4a12f-66fa-45c5-a5ee-941f74a9024f
3f294841-edf7-403d-ba4e-426a0aadeb14	fd9f50b2-c831-4f42-8f3d-0da4b42901a5	12a08478-fa92-42ec-b92a-d11151d7aa64
f82507e9-a3a9-4a11-99ba-c89ed6ecdeb7	2f1e2364-f705-4636-8ea7-4137d73ace57	a735dc3b-de2e-44cb-80fa-efdbeb375162
be5b47f9-c45b-4ba0-aaf9-0d95e1d68926	dc9b6191-37a0-4307-87e5-e5b01eb6704c	82197605-0d59-40b3-8fc1-d71747709d20
\.


--
-- Data for Name: artists; Type: TABLE DATA; Schema: public; Owner: postgres
--

COPY public.artists (id, handle, name, theme_json, created_at, is_featured) FROM stdin;
2d6d7f0a-36c3-4887-b41c-0d0061c0e04b	roneyguha	Roney Guha	{}	2026-02-20 09:25:15.047713+01	f
176d489c-c3d5-40db-9f79-e769e3526998	taalpatar-shepai	Taalpatar Shepai	{}	2026-02-20 17:09:31.96611+01	f
81507257-1a83-4736-be2e-a8e1603e2f30	smoke-artist-mlv7xltu-ytpirc	Smoke Artist mlv7xltu-ytpirc	{}	2026-02-20 19:23:36.677487+01	f
553f2fff-f338-496f-ae6b-661605318e08	smoke-artist-mlv7ynzo-fg12y5	Smoke Artist mlv7ynzo-fg12y5	{}	2026-02-20 19:24:38.207548+01	f
21b7dae6-883e-4f63-a3a9-b1185c056df4	smoke-artist-mlv81hqi-y1cvbn	Smoke Artist mlv81hqi-y1cvbn	{}	2026-02-20 19:26:38.015326+01	f
11e479a6-3453-4336-ae05-7e12f4e647d5	smoke-artist-mlv8e6nc-a1paje	Smoke Artist mlv8e6nc-a1paje	{}	2026-02-20 19:36:30.206825+01	f
f733c6b2-0330-41b0-819f-66b744dd4892	smoke-artist-mlv8fe4t-yzy6r1	Smoke Artist mlv8fe4t-yzy6r1	{}	2026-02-20 19:37:27.427687+01	f
4fa77d07-eb90-470b-99ff-d0ddf482f8d2	smoke-artist-mlv980v4-hjb24p	Smoke Artist mlv980v4-hjb24p	{}	2026-02-20 19:59:42.464108+01	f
8d321449-f051-4d0a-9175-42d29061c505	foreign-artist-mlv981q5-9eo1rj	Foreign Artist mlv981q5-9eo1rj	{}	2026-02-20 19:59:42.656785+01	f
e8498963-e865-433e-9ba9-79a0230d1a65	smoke-artist-mlv98qou-i87rvj	Smoke Artist mlv98qou-i87rvj	{}	2026-02-20 20:00:15.927309+01	f
e8893df2-d2cb-4618-86fa-3e30d46ef616	foreign-artist-mlv98rjs-lcyhtn	Foreign Artist mlv98rjs-lcyhtn	{}	2026-02-20 20:00:16.124634+01	f
ca73e027-f02f-4edd-8859-e0a8ae5fe9e3	smoke-artist-mlv9q0yf-r6fwsv	Smoke Artist mlv9q0yf-r6fwsv	{}	2026-02-20 20:13:42.414589+01	f
60a041ca-17cd-4546-b81e-b3f791d1a322	foreign-artist-mlv9q1ue-nuvto4	Foreign Artist mlv9q1ue-nuvto4	{}	2026-02-20 20:13:42.61732+01	f
f3923ee4-63d7-48c9-904c-cc68fba8b918	smoke-artist-mlv9rcco-9h9bxk	Smoke Artist mlv9rcco-9h9bxk	{}	2026-02-20 20:14:43.899876+01	f
6215658d-f76d-4b1f-925c-f75df7912f24	foreign-artist-mlv9rda5-yamc7h	Foreign Artist mlv9rda5-yamc7h	{}	2026-02-20 20:14:44.098123+01	f
f880b6ca-bbd4-447b-bfb8-a0d07c741e09	smoke-artist-mlv9tnm6-phxyng	Smoke Artist mlv9tnm6-phxyng	{}	2026-02-20 20:16:31.78684+01	f
2653f814-6ac7-4f5a-9467-0a1ee34b14b9	foreign-artist-mlv9toj7-s7w2k0	Foreign Artist mlv9toj7-s7w2k0	{}	2026-02-20 20:16:31.99112+01	f
f2283c5a-e3e4-4b38-9576-1f7e7e541fd6	smoke-artist-mlv9wb9j-jh0b0y	Smoke Artist mlv9wb9j-jh0b0y	{}	2026-02-20 20:18:35.576914+01	f
e13b94b9-2f0d-4834-bb95-e211037f48af	foreign-artist-mlv9wc0l-07y9ux	Foreign Artist mlv9wc0l-07y9ux	{}	2026-02-20 20:18:35.736392+01	f
bf357a77-c400-4996-ae50-42189ab1180f	smoke-artist-mlva34sj-xwcekq	Smoke Artist mlva34sj-xwcekq	{}	2026-02-20 20:23:53.8766+01	f
ecd61c4e-92ee-4817-b315-16fd34562389	foreign-artist-mlva35n7-lrjh7u	Foreign Artist mlva35n7-lrjh7u	{}	2026-02-20 20:23:54.071957+01	f
8e28dfca-24ad-4ab7-9aa2-a685260df2e3	sample	bal	{}	2026-02-20 06:48:19.543791+01	t
13a31044-f01f-45c2-86fa-3c223290e5af	smoke-artist-mlvagun0-p4h74z	Smoke Artist mlvagun0-p4h74z	{}	2026-02-20 20:34:33.909777+01	f
696d0702-ce1d-49f3-ba70-29ee25a98644	foreign-artist-mlvagvi2-pgut07	Foreign Artist mlvagvi2-pgut07	{}	2026-02-20 20:34:34.110653+01	f
56cf592f-4ad3-4829-940c-2a410c743351	smoke-artist-mlvaqa6j-uvzht3	Smoke Artist mlvaqa6j-uvzht3	{}	2026-02-20 20:41:54.13299+01	f
27dd2a43-2c51-4fc6-9b4d-afef50fab0c1	foreign-artist-mlvaqb7y-v60zoa	Foreign Artist mlvaqb7y-v60zoa	{}	2026-02-20 20:41:54.387063+01	f
21929949-a8cd-4804-8093-f6fd06568f6d	smoke-artist-mlvarz19-qk9ece	Smoke Artist mlvarz19-qk9ece	{}	2026-02-20 20:43:13.230586+01	f
f0bd606d-27ef-4888-8105-c546aafda74d	foreign-artist-mlvas080-jf7426	Foreign Artist mlvas080-jf7426	{}	2026-02-20 20:43:13.444469+01	f
5ceb9ad7-59fd-49ac-9f33-768fdf12330d	smoke-artist-mlvat0wp-wh18nc	Smoke Artist mlvat0wp-wh18nc	{}	2026-02-20 20:44:02.280505+01	f
804fba59-2119-419e-a419-919b3f98162e	foreign-artist-mlvat22u-ztjrwu	Foreign Artist mlvat22u-ztjrwu	{}	2026-02-20 20:44:02.506889+01	f
2eeb5dde-529c-4ad9-9dad-983a50f28eed	smoke-artist-mlvataka-84m9zw	Smoke Artist mlvataka-84m9zw	{}	2026-02-20 20:44:14.929941+01	f
1851bcb2-75f2-4b46-b1e6-c0b8d8bb00a7	foreign-artist-mlvatbzd-lzhc4m	Foreign Artist mlvatbzd-lzhc4m	{}	2026-02-20 20:44:15.342378+01	f
c5a0a74b-27c5-4a46-8340-c99430006e55	smoke-artist-mlvaxbww-f8yrso	Smoke Artist mlvaxbww-f8yrso	{}	2026-02-20 20:47:22.744189+01	f
b166a14b-4b81-4376-8fc9-7f5c2ed872ff	foreign-artist-mlvaxcqg-qjs3rn	Foreign Artist mlvaxcqg-qjs3rn	{}	2026-02-20 20:47:22.939369+01	f
61b2bb35-8728-4d79-994a-40f5234d67e4	smoke-artist-mlvb34mg-3b3rof	Smoke Artist mlvb34mg-3b3rof	{}	2026-02-20 20:51:53.208859+01	f
63da5f7d-b399-4e48-ae72-1d592d5f5090	foreign-artist-mlvb35f3-vwfzew	Foreign Artist mlvb35f3-vwfzew	{}	2026-02-20 20:51:53.394695+01	f
51f2b8fe-ac5c-404d-b194-9900eac023cf	smoke-artist-mlvb6hl2-dqyg6n	Smoke Artist mlvb6hl2-dqyg6n	{}	2026-02-20 20:54:30.306377+01	f
56fbaee6-88c2-4cc5-a1c2-48dfeeba628d	foreign-artist-mlvb6ind-x2lwx6	Foreign Artist mlvb6ind-x2lwx6	{}	2026-02-20 20:54:30.509085+01	f
661c15a4-207b-4f69-b7cf-4c33b66f41ee	smoke-artist-mlvb9otj-1eqwn3	Smoke Artist mlvb9otj-1eqwn3	{}	2026-02-20 20:56:59.552478+01	f
3de45dbf-71d7-4124-9995-d3cd6f55c6ee	foreign-artist-mlvb9psm-13ojki	Foreign Artist mlvb9psm-13ojki	{}	2026-02-20 20:56:59.737942+01	f
c8113798-f098-46fc-9153-81230130b566	smoke-artist-mlvbasgr-qkqnpc	Smoke Artist mlvbasgr-qkqnpc	{}	2026-02-20 20:57:50.72426+01	f
8d8fe9c1-2b75-4ec1-9a0f-a27586b52cf6	foreign-artist-mlvbat9s-gxr14g	Foreign Artist mlvbat9s-gxr14g	{}	2026-02-20 20:57:50.900523+01	f
8f03c6df-f40e-47bc-ae2f-06727ffef4ac	smoke-artist-mlvbb7ei-sy2xn0	Smoke Artist mlvbb7ei-sy2xn0	{}	2026-02-20 20:58:52.133374+01	f
32a4dfc8-03a9-4df9-87ff-d4c222fb9c58	foreign-artist-mlvbc4n3-0auv3c	Foreign Artist mlvbc4n3-0auv3c	{}	2026-02-20 20:58:52.291054+01	f
5d0cb7de-a967-4e71-9b56-57ff7e439d30	smoke-artist-mlvbgvgu-o3b2t0	Smoke Artist mlvbgvgu-o3b2t0	{}	2026-02-20 21:02:34.516136+01	f
6eadace5-194a-47d5-bf06-4ff469366da9	foreign-artist-mlvbgw8k-s3sllu	Foreign Artist mlvbgw8k-s3sllu	{}	2026-02-20 21:02:34.679348+01	f
dd8ba2f0-0b1e-411c-a6e5-b830cfccb113	smoke-artist-mlvbij77-9yc1rq	Smoke Artist mlvbij77-9yc1rq	{}	2026-02-20 21:03:52.108827+01	f
c1152524-ae14-48c0-b626-84cb2018d8e8	foreign-artist-mlvbik47-rd6lj2	Foreign Artist mlvbik47-rd6lj2	{}	2026-02-20 21:03:52.282592+01	f
fb70cd06-acdb-4076-9b80-cbe5f6701e20	smoke-artist-mlvbjybt-0bdduj	Smoke Artist mlvbjybt-0bdduj	{}	2026-02-20 21:04:58.381617+01	f
8e6dc84b-295b-4353-a77f-e0e3ca7f4889	foreign-artist-mlvbjz8x-m54354	Foreign Artist mlvbjz8x-m54354	{}	2026-02-20 21:04:58.54937+01	f
50966516-5eed-4fe0-bc39-53be6e1ac5a6	smoke-artist-mlvbqjhc-x39vdc	Smoke Artist mlvbqjhc-x39vdc	{}	2026-02-20 21:10:05.851788+01	f
1f2a8837-b2df-4bfc-bcc0-f486fdf0858f	foreign-artist-mlvbqkj7-y5toon	Foreign Artist mlvbqkj7-y5toon	{}	2026-02-20 21:10:06.072601+01	f
6431bca8-0821-45ca-a1f2-1cdcc5d24919	smoke-artist-mlvbvxyb-9k5u1a	Smoke Artist mlvbvxyb-9k5u1a	{}	2026-02-20 21:14:17.75577+01	f
e5b00048-4530-4311-9ec8-d0735f172f17	foreign-artist-mlvbvyuy-mkbldk	Foreign Artist mlvbvyuy-mkbldk	{}	2026-02-20 21:14:17.918374+01	f
d3edf264-d2a4-4023-9d58-ca958971e04b	smoke-artist-mlvc1ydr-vhbx6s	Smoke Artist mlvc1ydr-vhbx6s	{}	2026-02-20 21:18:58.195029+01	f
29b58227-980c-4ccd-8166-71cbb93a3816	foreign-artist-mlvc1z8w-uqchem	Foreign Artist mlvc1z8w-uqchem	{}	2026-02-20 21:18:58.355956+01	f
5669d4a7-b6aa-4496-bd6b-968ce4fdb61e	smoke-artist-mlvc8seu-nyt0a2	Smoke Artist mlvc8seu-nyt0a2	{}	2026-02-20 21:24:17.127736+01	f
bc7dad5b-da0d-4d2e-ac3e-9bc7d87c1ac3	foreign-artist-mlvc8tcx-wtcjud	Foreign Artist mlvc8tcx-wtcjud	{}	2026-02-20 21:24:17.317694+01	f
bcb39a84-5b2b-4ce4-befc-692c620fecc1	smoke-artist-mlvcdgon-7c6ssf	Smoke Artist mlvcdgon-7c6ssf	{}	2026-02-20 21:27:55.211182+01	f
99c8346e-e658-4748-83e2-b2315e7e1cfc	foreign-artist-mlvcdhmv-zgfzeb	Foreign Artist mlvcdhmv-zgfzeb	{}	2026-02-20 21:27:55.40201+01	f
04822b95-cc43-486e-bea3-38de1c3e9115	smoke-artist-mlvcimy8-e1pvtd	Smoke Artist mlvcimy8-e1pvtd	{}	2026-02-20 21:31:56.761546+01	f
1b2046db-714d-45e6-9db8-59272c0ee2b0	foreign-artist-mlvcio0q-5sf957	Foreign Artist mlvcio0q-5sf957	{}	2026-02-20 21:31:56.958408+01	f
d71e09ec-0410-412c-904c-6606f34d2562	smoke-artist-mlvco6gb-byw1ov	Smoke Artist mlvco6gb-byw1ov	{}	2026-02-20 21:36:15.125021+01	f
4901727b-791c-48e3-a6c9-2c07b3b7dd37	foreign-artist-mlvco7d2-weib2f	Foreign Artist mlvco7d2-weib2f	{}	2026-02-20 21:36:15.305166+01	f
49a4502c-a9e0-4a5b-8610-6c12af08f0db	smoke-artist-mlvcs8s7-kdyc38	Smoke Artist mlvcs8s7-kdyc38	{}	2026-02-20 21:39:24.951563+01	f
dadc916d-ffd9-4b45-9e97-9b88794a280d	foreign-artist-mlvcs9uu-z9jqiw	Foreign Artist mlvcs9uu-z9jqiw	{}	2026-02-20 21:39:25.162063+01	f
4ba843cd-29de-4586-bfff-2fbd06edf492	smoke-artist-mlvd2thy-5hao66	Smoke Artist mlvd2thy-5hao66	{}	2026-02-20 21:47:38.842421+01	f
6579b656-8d53-4108-9da9-e89638af0ce9	foreign-artist-mlvd2v3g-vvy5z2	Foreign Artist mlvd2v3g-vvy5z2	{}	2026-02-20 21:47:39.251149+01	f
fa097aca-1d05-4f0d-936b-969cebd601be	smoke-artist-mlvd5irb-be5372	Smoke Artist mlvd5irb-be5372	{}	2026-02-20 21:49:44.734599+01	f
13c9ed73-cc98-46c6-96b3-2c31feefdf03	foreign-artist-mlvd5k2r-c0tdly	Foreign Artist mlvd5k2r-c0tdly	{}	2026-02-20 21:49:44.935772+01	f
c389f941-d133-46e8-8032-fda800a3fcba	smoke-artist-mlvd79wq-5vpov6	Smoke Artist mlvd79wq-5vpov6	{}	2026-02-20 21:51:06.207665+01	f
ae55bb15-328e-4490-a425-0a64214cb4e1	foreign-artist-mlvd7ay9-rfjhv7	Foreign Artist mlvd7ay9-rfjhv7	{}	2026-02-20 21:51:06.421155+01	f
6a397a04-aba4-4890-a7d4-63247c98fe68	smoke-artist-mlvdcgsk-bqen3g	Smoke Artist mlvdcgsk-bqen3g	{}	2026-02-20 21:55:08.535748+01	f
77fc1db1-f0bf-41e3-9ad8-85b418e37631	foreign-artist-mlvdchxg-t29daj	Foreign Artist mlvdchxg-t29daj	{}	2026-02-20 21:55:08.744028+01	f
31f87083-d9e5-4d78-b516-6c09294b7d2c	smoke-artist-mlvdpvsf-prc73y	Smoke Artist mlvdpvsf-prc73y	{}	2026-02-20 22:05:34.366078+01	f
f1c597cf-de0b-4ac1-ba7b-86a059100ed2	foreign-artist-mlvdpwtf-mov4w5	Foreign Artist mlvdpwtf-mov4w5	{}	2026-02-20 22:05:34.565675+01	f
3e2ca43e-08c5-46c6-a7b2-e8512ee7d591	smoke-artist-mlvdvgqb-tkhiso	Smoke Artist mlvdvgqb-tkhiso	{}	2026-02-20 22:09:54.741155+01	f
f56591fa-c940-4711-8d04-ea89b8549d3d	foreign-artist-mlvdvhpf-ovgkoz	Foreign Artist mlvdvhpf-ovgkoz	{}	2026-02-20 22:09:54.918123+01	f
270995c7-17bb-47cd-8e37-19be4a51c360	smoke-artist-mlvdwsyu-jn1vcc	Smoke Artist mlvdwsyu-jn1vcc	{}	2026-02-20 22:10:57.202375+01	f
38575567-6e99-43d8-b5e0-887e7b12f92a	foreign-artist-mlvdwtwh-lrqgih	Foreign Artist mlvdwtwh-lrqgih	{}	2026-02-20 22:10:57.379873+01	f
cb072f96-9fbd-4713-8e55-38887c63c8cd	smoke-artist-mlvea4yu-q03q60	Smoke Artist mlvea4yu-q03q60	{}	2026-02-20 22:21:19.350916+01	f
248251d7-b42a-4301-8126-57bd2dd5389d	foreign-artist-mlvea5yo-ypl29r	Foreign Artist mlvea5yo-ypl29r	{}	2026-02-20 22:21:19.540096+01	f
77d38525-eddd-4ac6-8cb3-0216d1e46478	smoke-artist-mlvfc1of-72uyz1	Smoke Artist mlvfc1of-72uyz1	{}	2026-02-20 22:50:47.994972+01	f
843161e4-0f45-4b90-879a-5278df2b4341	foreign-artist-mlvfc2nb-hz9nnk	Foreign Artist mlvfc2nb-hz9nnk	{}	2026-02-20 22:50:48.170644+01	f
372d8701-4048-4592-b3a0-613f5764b939	smoke-artist-mlvffilh-9vh0p0	Smoke Artist mlvffilh-9vh0p0	{}	2026-02-20 22:53:29.867391+01	f
97bb2610-c8be-4b3a-9690-90ee16043769	foreign-artist-mlvffjk1-tb8ilm	Foreign Artist mlvffjk1-tb8ilm	{}	2026-02-20 22:53:30.052937+01	f
e7c6b355-db70-49b1-8e21-e5d39bf6d6f0	smoke-artist-mlvfq1gz-4w8lpw	Smoke Artist mlvfq1gz-4w8lpw	{}	2026-02-20 23:01:40.995765+01	f
566ac4a0-613c-4732-9946-6c9ce20fb392	foreign-artist-mlvfq2j6-s67bk9	Foreign Artist mlvfq2j6-s67bk9	{}	2026-02-20 23:01:41.205609+01	f
e35b562f-efce-4036-9447-6a201c2d2467	smoke-artist-mlvg4310-0vgt4l	Smoke Artist mlvg4310-0vgt4l	{}	2026-02-20 23:12:36.141125+01	f
703df037-aca2-436c-ba33-a78c60898d8e	foreign-artist-mlvg440q-u0hd2j	Foreign Artist mlvg440q-u0hd2j	{}	2026-02-20 23:12:36.31745+01	f
fd9f50b2-c831-4f42-8f3d-0da4b42901a5	smoke-artist-mlvghcuc-sqpdnd	Smoke Artist mlvghcuc-sqpdnd	{}	2026-02-20 23:22:55.412496+01	f
be21a724-ba89-4f22-a229-eb4dcfb3cc2b	foreign-artist-mlvghdve-i8hikp	Foreign Artist mlvghdve-i8hikp	{}	2026-02-20 23:22:55.612849+01	f
2f1e2364-f705-4636-8ea7-4137d73ace57	smoke-artist-mlvxydy5-uuk3i6	Smoke Artist mlvxydy5-uuk3i6	{}	2026-02-21 07:32:03.553108+01	f
63ccf5d4-226b-422f-a4cf-8abc851b200f	foreign-artist-mlvxyf1s-vw28ip	Foreign Artist mlvxyf1s-vw28ip	{}	2026-02-21 07:32:03.763856+01	f
dc9b6191-37a0-4307-87e5-e5b01eb6704c	smoke-artist-mlvy6gtv-ll0kec	Smoke Artist mlvy6gtv-ll0kec	{}	2026-02-21 07:38:20.237428+01	f
84f5f748-caa1-4709-881a-84edac33ec59	foreign-artist-mlvy6hnz-rgefn1	Foreign Artist mlvy6hnz-rgefn1	{}	2026-02-21 07:38:20.402139+01	f
1a9f6dde-fa67-4adb-b6d7-c04256877e7c	smoke-artist-mlvy916f-bsguct	Smoke Artist mlvy916f-bsguct	{}	2026-02-21 07:40:19.957475+01	f
c30b2edf-14a9-46bb-bd5d-4f6d914f76dc	foreign-artist-mlvy921u-ioklvg	Foreign Artist mlvy921u-ioklvg	{}	2026-02-21 07:40:20.13392+01	f
698e4870-e04f-446e-9732-930c98462fc3	smoke-artist-mlvyjh2s-0xyrxr	Smoke Artist mlvyjh2s-0xyrxr	{}	2026-02-21 07:48:27.085339+01	f
741e0c31-7d54-46c0-b194-a8fe1b3459de	foreign-artist-mlvyjhwg-gwhs5q	Foreign Artist mlvyjhwg-gwhs5q	{}	2026-02-21 07:48:27.235973+01	f
ce26d2b9-fe04-4438-8042-057866ee4c30	smoke-artist-mlvze3hr-hr1l1q	Smoke Artist mlvze3hr-hr1l1q	{}	2026-02-21 08:12:15.849104+01	f
3de3b398-42a1-4084-a17d-9b64f6dd50a0	foreign-artist-mlvze4cp-q4f8nb	Foreign Artist mlvze4cp-q4f8nb	{}	2026-02-21 08:12:16.014257+01	f
2cf1b4bc-e6d9-4ddb-8e39-aaa531aa320d	smoke-artist-mlw00836-fuxls6	Smoke Artist mlw00836-fuxls6	{}	2026-02-21 08:29:28.231406+01	f
36f230b5-a308-43df-9936-f29b697ad15d	foreign-artist-mlw008yh-sviq92	Foreign Artist mlw008yh-sviq92	{}	2026-02-21 08:29:28.412354+01	f
4bd419cd-a50a-4716-b5c4-90bc064bf323	foreign-artist-mlw1irr4-r8i7uw	Foreign Artist mlw1irr4-r8i7uw	{}	2026-02-21 09:11:52.19619+01	f
de325c79-26fe-4efb-87f7-da823951da92	foreign-artist-mlw210qm-7ukcvs	Foreign Artist mlw210qm-7ukcvs	{}	2026-02-21 09:26:03.649957+01	f
5a18ff94-482c-4703-8f95-1ce7151de723	smoke-artist-mlw24773-pazljf	Smoke Artist mlw24773-pazljf	{}	2026-02-21 09:28:32.984995+01	f
1c2760cc-5b76-4947-b121-a622dc82d9df	foreign-artist-mlw2483m-o7j06c	Foreign Artist mlw2483m-o7j06c	{}	2026-02-21 09:28:33.157356+01	f
d09ce710-967e-4e44-b96e-23b85e65f0f4	smoke-artist-mlw283xx-w5w72l	Smoke Artist mlw283xx-w5w72l	{}	2026-02-21 09:31:35.456287+01	f
5b8102b4-861e-4734-80ac-8979457f9fef	foreign-artist-mlw284wb-5qgsvz	Foreign Artist mlw284wb-5qgsvz	{}	2026-02-21 09:31:35.630287+01	f
f7d2bfb7-4a19-46ec-94d0-342f60d733c5	yes	yes	{}	2026-02-21 09:39:16.911533+01	f
95d108d2-84f8-4e80-a7a8-95b8f5c1257a	smoke-artist-mlw34ft0-e8b68e	Smoke Artist mlw34ft0-e8b68e	{}	2026-02-21 09:56:43.824663+01	f
653bbc8b-3bb5-4122-8de4-57d8e9962dfe	foreign-artist-mlw34gri-cdbgo7	Foreign Artist mlw34gri-cdbgo7	{}	2026-02-21 09:56:44.002314+01	f
5af6cfc0-50f9-4386-9c71-6eae45f29e46	smoke-artist-mlw3ueqw-i4f98h	Smoke Artist mlw3ueqw-i4f98h	{}	2026-02-21 10:16:55.516242+01	f
56ceecc6-074e-48c8-81ad-60323faf5e22	foreign-artist-mlw3ufpg-qlgv0u	Foreign Artist mlw3ufpg-qlgv0u	{}	2026-02-21 10:16:55.686951+01	f
e1e388f6-bca2-46b1-8146-e21bb3e0fc87	yes1	yes1	{}	2026-02-21 11:09:44.203955+01	f
de137bf2-fe45-4d9b-b304-d81ca2eec6e7	smoke-artist-mlw5qrvl-nmj39v	Smoke Artist mlw5qrvl-nmj39v	{}	2026-02-21 11:10:05.05407+01	f
5b03c06c-53c7-472a-b178-35d6feba8d8a	foreign-artist-mlw5qssb-gv0vkh	Foreign Artist mlw5qssb-gv0vkh	{}	2026-02-21 11:10:05.246382+01	f
f3b4f5cb-8397-431c-b150-fc91f56be776	smoke-artist-mlw62w35-10rxhg	Smoke Artist mlw62w35-10rxhg	{}	2026-02-21 11:19:30.454445+01	f
a8613635-f525-4973-911a-1cae0a91836a	foreign-artist-mlw62x1m-dxthcm	Foreign Artist mlw62x1m-dxthcm	{}	2026-02-21 11:19:30.637172+01	f
e214a420-bcd7-4e68-8ece-5feb9ec4fc22	smoke-artist-mlw6nidl-9ta7l1	Smoke Artist mlw6nidl-9ta7l1	{}	2026-02-21 11:35:32.519141+01	f
68e4d369-38d9-46e0-bb3b-43c216960f47	foreign-artist-mlw6njdm-n4yrpr	Foreign Artist mlw6njdm-n4yrpr	{}	2026-02-21 11:35:32.702479+01	f
1843a0e8-51cc-4b92-9b88-4d4edd436788	lal	lal	{}	2026-02-21 12:05:26.396727+01	f
\.


--
-- Data for Name: drop_products; Type: TABLE DATA; Schema: public; Owner: postgres
--

COPY public.drop_products (drop_id, product_id, sort_order, created_at) FROM stdin;
c03de595-54b0-4231-806e-d09968132f29	f9b715b5-731b-4ce8-bec7-1352be224c67	0	2026-02-20 14:08:25.60509+01
cd0fb7fb-1c06-4e74-8318-8777cd70c790	f9b715b5-731b-4ce8-bec7-1352be224c67	0	2026-02-20 14:16:07.623035+01
2aadccaf-5e80-4c65-b3ff-8a451cd05798	f9b715b5-731b-4ce8-bec7-1352be224c67	0	2026-02-20 14:22:42.584789+01
ff2ad0ba-5b02-4c52-a5ad-542fb88aa67e	f9b715b5-731b-4ce8-bec7-1352be224c67	0	2026-02-20 14:46:36.7545+01
eb3611ee-91a1-4aca-bafe-ea15ada73b9a	f9b715b5-731b-4ce8-bec7-1352be224c67	0	2026-02-20 14:58:51.257341+01
3fee6fc1-3cda-4eda-9c3a-f81dd4cbc581	9afe0360-1d1a-4faf-95ea-0711e86cafdf	0	2026-02-20 19:37:27.719509+01
530e7f68-64da-48e3-95f6-a99b907b3bb5	c3e3afe3-fe6c-490a-91ac-d75da1a3433a	0	2026-02-20 19:46:47.589483+01
530e7f68-64da-48e3-95f6-a99b907b3bb5	27fc4077-8fcc-4e2b-b39d-6c1bdfb21eda	1	2026-02-20 19:46:47.589483+01
01ad2b94-8a16-48af-8fa3-b3e7c60d81f3	d66a46e7-cd00-48d8-b1ae-61b4449b63f1	0	2026-02-20 19:53:14.085978+01
0583ccb6-ade8-4bca-a96e-88d8040b7711	d8c577a8-23f0-49b6-86be-8c39d022e3ff	0	2026-02-20 20:00:16.114056+01
3f26c79f-e742-46c6-964f-8ae05d13cb1b	4a901665-c5ed-4564-b3b7-3a2dd4b7a6b9	0	2026-02-20 20:08:36.391337+01
16576451-1c20-4fe8-bdff-f8a19d1f10fe	4a901665-c5ed-4564-b3b7-3a2dd4b7a6b9	0	2026-02-20 20:12:29.672384+01
5c915a1c-21bc-4f56-8804-24d6029bf6c7	d4f5b0bc-4a26-4912-b75d-7584a927f1f8	0	2026-02-20 20:13:42.608134+01
746607fd-5856-4195-b13d-29370eacc7fd	b3dfcc2e-6b57-41f1-a4ae-575d99a16cdf	0	2026-02-20 20:14:44.087427+01
5a873367-94be-4ae2-b35f-9c86a23c5ceb	81086311-4adb-42d3-854e-4cdd1e55e039	0	2026-02-20 20:16:31.981311+01
51c5f442-18e1-446c-9ffe-fd049b161035	7b5e8388-bdb3-4f5f-b33e-fb50290259b9	0	2026-02-20 20:18:35.72718+01
fdb8cc62-888e-450a-843d-a2f72a1e5805	6805676a-575f-4f3c-84f0-6f5e2561a13e	0	2026-02-20 20:23:54.059003+01
86535c03-f318-4a8a-ae6b-5bc835761e4c	2f3d6894-c75f-4277-aefb-9228309e01c9	0	2026-02-20 20:34:34.098863+01
09ef1ee1-001f-46a9-aa0a-c8f587719f19	92777e0e-2ba7-4f31-a711-36002d4e8741	0	2026-02-20 20:41:54.375952+01
c0efd775-dc43-4466-a8ec-30228da703be	673d0367-b0fd-4570-a94e-893348d4457d	0	2026-02-20 20:43:13.433025+01
ca3ba119-8ac0-4f40-9f61-c018eda72ae4	b4210ece-dc4f-4a6c-9514-0d28568ffb0e	0	2026-02-20 20:44:02.495697+01
2658be4a-ace9-4d62-8e5a-c198e7e68c25	e120f70e-9862-47c0-b20e-625f7ccdd111	0	2026-02-20 20:44:15.324149+01
90b17865-f0c2-4b9c-aa04-c5e48a03906e	5b565f51-f3a1-4154-b1ac-452047fb52fb	0	2026-02-20 20:44:57.656505+01
a47ce956-03f3-43f0-b13a-d65bfb97eb4f	154ca80a-3f40-415c-be0a-1efd274f8c03	0	2026-02-20 20:47:22.929029+01
9b850526-8b3b-4f56-8ddd-e7fe73611843	3856de7f-8a10-4cc4-9c8b-428ac162d732	0	2026-02-20 20:51:53.385813+01
0d07d9d6-bc0a-4a38-b8d7-9079fb2b990c	c83f34a5-f04e-4a27-a2c6-1addec80286f	0	2026-02-20 20:54:30.498411+01
208e1ebc-8d7b-4126-b2c8-f0bebc77c7ae	6dd93fac-df2d-495e-ba7f-9f8c91c6c309	0	2026-02-20 20:56:59.729058+01
f0270c27-61e6-4abf-a704-e213a7fea938	65f08541-0df4-4e2f-9aff-502f72f170f2	0	2026-02-20 20:57:50.891707+01
8bac7c71-c6a3-4635-8088-dd3c0b71cd54	5fda7c52-c490-441a-8d73-f4afd450cb59	0	2026-02-20 20:58:52.281951+01
30ebf6f2-d50c-4767-ad8c-f000f2a5b138	e315a8bd-c2e4-4b18-8698-61ef9a82fe71	0	2026-02-20 21:02:34.669204+01
dfcfa3a1-a5b7-4825-bf15-57d1def8ab49	1aea4237-9cd6-40b9-811a-0216fcae1bc8	0	2026-02-20 21:03:52.273353+01
c6a47930-8f7e-48f4-9ca7-9e82398f08fd	674b755d-b226-4765-aa7a-619496d21481	0	2026-02-20 21:04:58.540425+01
47a2225a-917b-424b-a2df-9be4d6c44321	91922e05-cf07-4b2e-9847-ed55fb20bee9	0	2026-02-20 21:10:06.059813+01
910835f7-e29e-487e-82d3-3efdc349cbfd	163ed294-ac82-427e-a924-a135172838f9	0	2026-02-20 21:14:17.90876+01
a2e25018-7b04-4890-8f4e-398a704c49e0	c2d25839-bf92-4e65-86f0-8af00b643511	0	2026-02-20 21:18:58.346321+01
66e621ee-be62-4abd-83f6-f956372e5bae	1799e028-83df-477c-8496-18185a680b91	0	2026-02-20 21:24:17.305875+01
d79cf7ac-32d9-482f-b71d-e92eb1935f78	9d7ab100-0a36-4a8f-93bb-3c2014d85e8f	0	2026-02-20 21:27:55.392412+01
9d8dba28-8e57-4890-a97e-5042acc1630a	36da4451-6029-4787-ba54-9d6ec65e4443	0	2026-02-20 21:31:56.946238+01
0123f360-9178-4c26-8ae2-085cb4a797a1	979b727d-daeb-442c-b013-fe166e82dddc	0	2026-02-20 21:36:15.295423+01
46208658-f25e-4536-9393-9ea82ac2aae3	abfe816d-1a63-4a30-ac2a-f3b7fd3a7be6	0	2026-02-20 21:39:25.151712+01
f757d88f-bf1f-46ab-93c4-d30cb38c1777	fc5fa4a4-90fa-48d3-8590-a053070e0567	0	2026-02-20 21:47:39.233921+01
6655aed9-7a43-4c63-903c-ef35476f16ab	b1c84fab-ec93-4fa1-9c6d-71893b3cb652	0	2026-02-20 21:49:44.925983+01
2256156d-a11a-4423-a73c-131abba39871	caf1219e-07a6-4b0c-854d-ae8d129faeb0	0	2026-02-20 21:51:06.410989+01
2ee7bb9a-a5f3-4659-b44a-5cbe3ef693d6	f132feff-af74-499a-9c9d-9a6e515c168a	0	2026-02-20 21:55:08.734842+01
7da570dd-4f16-4666-b970-e4991990fcf4	eab3b486-3954-4e52-86a3-21854a8a93c4	0	2026-02-20 22:05:34.556931+01
e275458a-ff00-4301-a595-672b624520d7	8d1a3e9c-d554-48d8-8cde-88fe74309b88	0	2026-02-20 22:09:54.908423+01
561c8936-4247-49da-bd33-5317bef84c9c	596b413d-611d-41d4-b2c3-1eb5f31ad34c	0	2026-02-20 22:10:57.369178+01
4c881c07-703b-4422-b15b-933ef0ad2658	1ccea51b-a031-4a3d-8723-26f66d060fdd	0	2026-02-20 22:21:19.53043+01
89e5d3f4-a514-4f3f-a99d-52e452faba5b	f9521d1c-cfc2-4395-a15e-44d22df0840d	0	2026-02-20 22:22:01.337481+01
53025887-db60-4607-aa3f-7dfe3bd027c3	29cd0506-06a2-4f4e-84bc-bb03a9ba9170	0	2026-02-20 22:50:48.161499+01
5c41520b-752b-42d2-b732-1570f72a0a9c	ba0191a0-1d72-42bf-bc88-59910b085995	0	2026-02-20 22:53:30.041451+01
f4357607-f556-492f-9d19-124c0a5b7f42	5d3c9056-1604-4b51-9260-4c95217032d8	0	2026-02-20 22:54:11.322478+01
7a177db5-4b34-41e5-b39a-7f76e2920866	b4d6d8fb-67db-419e-a582-056f05a14591	0	2026-02-20 23:01:41.195474+01
2e45c066-6e8f-48e7-868a-5bfa1cd725e3	fdd10700-233c-40ab-917a-eb449df5dccb	0	2026-02-20 23:02:27.812195+01
20043811-4e62-41fa-a4b2-56e330c52833	75f69400-19fb-4cf5-9c42-09904a77ac30	0	2026-02-20 23:12:36.30888+01
c5c5658d-d498-464f-94ed-d87fbf27cae1	26ace0ff-a73d-444b-9758-afc1821a48f5	0	2026-02-20 23:22:55.601788+01
6e36f773-329f-474b-bef3-97c971c5c7d6	496d27f8-88df-42be-97be-bdd0c4520523	0	2026-02-20 23:23:43.033521+01
873c53fd-7dc1-4947-b47f-d91561eac334	5c8d80cd-935c-4716-837b-7d9d9f71e242	0	2026-02-21 07:32:03.753691+01
df1d1659-364f-4336-880d-7896dd0674e2	b23894dc-71a2-4e4c-87d7-29fbbba277e6	0	2026-02-21 07:32:41.472887+01
d109ef2d-d9cd-4352-af42-b22ed3dd2bdc	4874e565-fd33-4aa8-adf4-8be644bf59c5	0	2026-02-21 07:38:20.391105+01
0d51b13d-9635-4fc2-8963-8175bc1ea4a0	8b5dae0b-6916-4c8d-adcf-699bcbe3c85b	0	2026-02-21 07:38:59.909117+01
675f916b-1367-4064-854c-f1dbdc24e9c0	f93431c4-eb5d-48ba-8de7-ab7c68aeae82	0	2026-02-21 07:40:20.125225+01
6a08cc59-99cc-4296-b7cc-da363deb2fd7	2cf42dbd-1578-4550-bb47-08286814830d	0	2026-02-21 07:40:56.86096+01
30c4df38-bf58-448b-b695-030321afddc2	e6eb6839-9f27-4db4-b079-1bb6c56c8b8d	0	2026-02-21 07:48:27.22803+01
7604ba14-af30-4d0d-8afb-3d082efd79de	9c2d2e5f-36de-4e35-a045-6ab9c61a2690	0	2026-02-21 07:49:04.692637+01
0da06fab-2024-473f-af9e-0f7b9b567f04	e6cf84ff-237b-405e-9e3b-8200675afb73	0	2026-02-21 08:12:16.004576+01
ddc5fe24-a189-4f03-8ac8-e530e6c76096	089a0c52-9174-49ec-bbc1-7132c4cbcadf	0	2026-02-21 08:12:39.74321+01
65ea0a95-6577-4813-a45e-619fd283783e	22899761-f8a4-407d-895e-b3bfa91495cb	0	2026-02-21 08:24:58.088041+01
4efd52b9-db1f-4f59-af7c-615f5176156f	d473feec-1f5b-47ee-bf49-fd781aa39576	0	2026-02-21 08:29:28.402115+01
5063516a-7fb5-4903-bea1-389871e81fc6	547ae1d8-4fb0-4533-a83f-345f7ff9a7b1	0	2026-02-21 08:29:51.667112+01
dc89772d-42a3-4c3e-a08f-1a5791b58893	cc420e91-10d4-4e4a-9f95-e243222b387a	0	2026-02-21 09:11:52.185593+01
00d2f25b-ba11-49d6-ae6f-7a3ffde623fb	b6c0d488-eb93-411b-8371-68d9b66f0674	0	2026-02-21 09:26:03.635011+01
861d5a51-644d-415b-b314-e3d49c9cc141	1e89f845-f769-49f3-9478-03a2a546d2b8	0	2026-02-21 09:28:33.147851+01
3e55cdb2-3ac5-44bf-b748-584435d6fe51	9e627a15-af86-4af9-a2a3-0421cd2a1289	0	2026-02-21 09:31:35.621947+01
4ddd172a-cdcf-499b-aa60-57d49eb6651d	83ecda59-b556-4a78-8426-b52c92dfa70f	0	2026-02-21 09:32:01.127106+01
8fb3a8cf-f6cf-4e49-a45a-6c72b08ecd62	d2b12119-4b3e-4088-a532-c9f7a9aed4c6	0	2026-02-21 09:43:37.520308+01
0508c23d-9641-45de-92c5-08abe70ebd03	929f4aaa-08c5-4762-8d02-b6a03880c5b9	0	2026-02-21 09:56:43.992516+01
9b0f18d3-6c7f-4071-9e48-743920b234af	aeb932f9-db0d-4104-a818-2dfbe11da3e2	0	2026-02-21 09:57:06.275864+01
3faaa478-e88e-472f-a85f-372cee9b3a9e	564f10b4-b2b7-4df3-93c4-8e8c0f708596	0	2026-02-21 10:16:55.678554+01
dde7c1b9-9006-4546-a9f2-1f39d0c91957	a666fbf8-310c-4c07-87c4-ad5da88ee3bd	0	2026-02-21 10:17:26.899285+01
1c548bb3-80ce-4439-88d7-0e00289ee5b9	95d95521-9da9-4e9d-8782-7f90792775b2	0	2026-02-21 11:10:05.236091+01
50a3a169-0f7b-4713-820c-325aacdc60ff	78d74afc-6a21-485a-a100-4e1f5294d5d8	0	2026-02-21 11:10:36.840029+01
d1655970-9ce4-495d-a072-47ada70d0d35	19960401-d232-4cd9-b696-18c05071be57	0	2026-02-21 11:19:30.628215+01
31dc7b2e-f41c-47af-9aba-e6759ccf5b65	3091ec22-5f8b-4ea8-bd91-5b5be910cfd6	0	2026-02-21 11:19:52.821824+01
1eee6079-4556-47a0-b409-e73a70ae4c29	6e8a0b8c-d0b9-42f6-b26c-da2a5d3f1ba8	0	2026-02-21 11:35:32.691284+01
\.


--
-- Data for Name: drops; Type: TABLE DATA; Schema: public; Owner: postgres
--

COPY public.drops (id, handle, title, description, hero_image_url, status, starts_at, ends_at, artist_id, label_id, created_by_user_id, created_at, updated_at, quiz_json) FROM stdin;
16576451-1c20-4fe8-bdff-f8a19d1f10fe	smoke-drop-mlv981p3-uvw2om	Smoke Drop	\N	\N	published	\N	\N	176d489c-c3d5-40db-9f79-e769e3526998	\N	9f2e9e97-b9f2-42ec-89f4-b654f4789aef	2026-02-20 19:59:42.619838+01	2026-02-21 11:35:31.983733+01	{"title": "Smoke Drop Quiz", "version": 1, "questions": [{"id": "q1", "type": "single_choice", "prompt": "Which shirt color do you want?", "options": ["Black", "White"], "required": true}, {"id": "q2", "type": "text", "prompt": "Tell us your vibe", "required": false}]}
8f7ee57a-e265-4ba4-8fd3-912eff6ce1ab	foreign-drop-mlw6njdm-n4yrpr	Foreign Artist Drop	\N	\N	draft	\N	\N	68e4d369-38d9-46e0-bb3b-43c216960f47	\N	9f2e9e97-b9f2-42ec-89f4-b654f4789aef	2026-02-21 11:35:32.708791+01	2026-02-21 11:35:32.708791+01	\N
1eee6079-4556-47a0-b409-e73a70ae4c29	smoke-drop-mlw6njci-v27sbg	Smoke Drop	\N	\N	archived	\N	\N	176d489c-c3d5-40db-9f79-e769e3526998	\N	9f2e9e97-b9f2-42ec-89f4-b654f4789aef	2026-02-21 11:35:32.663083+01	2026-02-21 11:35:32.764696+01	\N
8fb3a8cf-f6cf-4e49-a45a-6c72b08ecd62	foxy-drop	foxy drop	\N	\N	published	\N	\N	f7d2bfb7-4a19-46ec-94d0-342f60d733c5	\N	9f2e9e97-b9f2-42ec-89f4-b654f4789aef	2026-02-21 09:43:22.249641+01	2026-02-21 09:45:19.816237+01	{"title": "Smoke Drop Quiz", "version": 1, "questions": [{"id": "q1", "type": "single_choice", "prompt": "Which shirt color do you want?", "options": ["Black", "White"], "required": true}, {"id": "q2", "type": "text", "prompt": "Tell us your vibe", "required": false}]}
cd0fb7fb-1c06-4e74-8318-8777cd70c790	ui-smoke-drop-1771593361345	UI Smoke Drop 1771593361345	\N	\N	published	\N	\N	2d6d7f0a-36c3-4887-b41c-0d0061c0e04b	\N	9f2e9e97-b9f2-42ec-89f4-b654f4789aef	2026-02-20 14:16:06.683292+01	2026-02-20 14:16:09.315309+01	{"title": "Smoke Drop Quiz", "version": 1, "questions": [{"id": "q1", "type": "single_choice", "prompt": "Which shirt color do you want?", "options": ["Black", "White"], "required": true}, {"id": "q2", "type": "text", "prompt": "Tell us your vibe", "required": false}]}
2aadccaf-5e80-4c65-b3ff-8a451cd05798	ui-smoke-drop-1771593757384	UI Smoke Drop 1771593757384	\N	\N	published	\N	\N	2d6d7f0a-36c3-4887-b41c-0d0061c0e04b	\N	9f2e9e97-b9f2-42ec-89f4-b654f4789aef	2026-02-20 14:22:41.936146+01	2026-02-20 14:22:43.90659+01	{"title": "Smoke Drop Quiz", "version": 1, "questions": [{"id": "q1", "type": "single_choice", "prompt": "Which shirt color do you want?", "options": ["Black", "White"], "required": true}, {"id": "q2", "type": "text", "prompt": "Tell us your vibe", "required": false}]}
ff2ad0ba-5b02-4c52-a5ad-542fb88aa67e	ui-smoke-drop-1771595191722	UI Smoke Drop 1771595191722	\N	\N	published	\N	\N	2d6d7f0a-36c3-4887-b41c-0d0061c0e04b	\N	9f2e9e97-b9f2-42ec-89f4-b654f4789aef	2026-02-20 14:46:36.125384+01	2026-02-20 14:46:38.124643+01	{"title": "Smoke Drop Quiz", "version": 1, "questions": [{"id": "q1", "type": "single_choice", "prompt": "Which shirt color do you want?", "options": ["Black", "White"], "required": true}, {"id": "q2", "type": "text", "prompt": "Tell us your vibe", "required": false}]}
eb3611ee-91a1-4aca-bafe-ea15ada73b9a	ui-smoke-drop-1771595926154	UI Smoke Drop 1771595926154	\N	\N	published	\N	\N	2d6d7f0a-36c3-4887-b41c-0d0061c0e04b	\N	9f2e9e97-b9f2-42ec-89f4-b654f4789aef	2026-02-20 14:58:50.618562+01	2026-02-20 14:58:52.641772+01	{"title": "Smoke Drop Quiz", "version": 1, "questions": [{"id": "q1", "type": "single_choice", "prompt": "Which shirt color do you want?", "options": ["Black", "White"], "required": true}, {"id": "q2", "type": "text", "prompt": "Tell us your vibe", "required": false}]}
c03de595-54b0-4231-806e-d09968132f29	ui-smoke-drop-1771592900498	UI Smoke Drop 1771592900498	\N	\N	published	\N	\N	2d6d7f0a-36c3-4887-b41c-0d0061c0e04b	\N	9f2e9e97-b9f2-42ec-89f4-b654f4789aef	2026-02-20 14:08:24.943907+01	2026-02-20 15:03:04.959195+01	{"title": "Smoke Drop Quiz", "version": 1, "questions": [{"id": "q1", "type": "single_choice", "prompt": "Which shirt color do you want?", "options": ["Black", "White"], "required": true}, {"id": "q2", "type": "text", "prompt": "Tell us your vibe", "required": false}]}
dbfd9a06-ef4e-4c9c-b15d-4779e845e234	foreign-drop-mlv9toj7-s7w2k0	Foreign Artist Drop	\N	\N	draft	\N	\N	2653f814-6ac7-4f5a-9467-0a1ee34b14b9	\N	9f2e9e97-b9f2-42ec-89f4-b654f4789aef	2026-02-20 20:16:31.995624+01	2026-02-20 20:16:31.995624+01	{"title": "Smoke Drop Quiz", "version": 1, "questions": [{"id": "q1", "type": "single_choice", "prompt": "Which shirt color do you want?", "options": ["Black", "White"], "required": true}, {"id": "q2", "type": "text", "prompt": "Tell us your vibe", "required": false}]}
3fee6fc1-3cda-4eda-9c3a-f81dd4cbc581	smoke-drop-mlv8ffnh-zbj2yl	Smoke Drop	\N	\N	archived	\N	\N	176d489c-c3d5-40db-9f79-e769e3526998	\N	d9a00e14-3489-4030-b01f-4465a0ff8b38	2026-02-20 19:37:27.689233+01	2026-02-20 19:37:27.927324+01	{"title": "Smoke Drop Quiz", "version": 1, "questions": [{"id": "q1", "type": "single_choice", "prompt": "Which shirt color do you want?", "options": ["Black", "White"], "required": true}, {"id": "q2", "type": "text", "prompt": "Tell us your vibe", "required": false}]}
09ef1ee1-001f-46a9-aa0a-c8f587719f19	smoke-drop-mlvaqb6y-uk96ez	Smoke Drop	\N	\N	archived	\N	\N	176d489c-c3d5-40db-9f79-e769e3526998	\N	9f2e9e97-b9f2-42ec-89f4-b654f4789aef	2026-02-20 20:41:54.35007+01	2026-02-20 20:41:54.451798+01	{"title": "Smoke Drop Quiz", "version": 1, "questions": [{"id": "q1", "type": "single_choice", "prompt": "Which shirt color do you want?", "options": ["Black", "White"], "required": true}, {"id": "q2", "type": "text", "prompt": "Tell us your vibe", "required": false}]}
5a873367-94be-4ae2-b35f-9c86a23c5ceb	smoke-drop-mlv9toi7-rhot2j	Smoke Drop	\N	\N	archived	\N	\N	176d489c-c3d5-40db-9f79-e769e3526998	\N	9f2e9e97-b9f2-42ec-89f4-b654f4789aef	2026-02-20 20:16:31.956859+01	2026-02-20 20:16:32.047471+01	{"title": "Smoke Drop Quiz", "version": 1, "questions": [{"id": "q1", "type": "single_choice", "prompt": "Which shirt color do you want?", "options": ["Black", "White"], "required": true}, {"id": "q2", "type": "text", "prompt": "Tell us your vibe", "required": false}]}
530e7f68-64da-48e3-95f6-a99b907b3bb5	sample	foo	\N	\N	draft	\N	\N	8e28dfca-24ad-4ab7-9aa2-a685260df2e3	\N	9f2e9e97-b9f2-42ec-89f4-b654f4789aef	2026-02-20 12:59:55.898928+01	2026-02-20 19:48:11.652801+01	{"title": "Smoke Drop Quiz", "version": 1, "questions": [{"id": "q1", "type": "single_choice", "prompt": "Which shirt color do you want?", "options": ["Black", "White"], "required": true}, {"id": "q2", "type": "text", "prompt": "Tell us your vibe", "required": false}]}
19200156-ccfa-471e-b377-5ba4baa52e5f	foreign-drop-mlv9wc0l-07y9ux	Foreign Artist Drop	\N	\N	draft	\N	\N	e13b94b9-2f0d-4834-bb95-e211037f48af	\N	9f2e9e97-b9f2-42ec-89f4-b654f4789aef	2026-02-20 20:18:35.740659+01	2026-02-20 20:18:35.740659+01	{"title": "Smoke Drop Quiz", "version": 1, "questions": [{"id": "q1", "type": "single_choice", "prompt": "Which shirt color do you want?", "options": ["Black", "White"], "required": true}, {"id": "q2", "type": "text", "prompt": "Tell us your vibe", "required": false}]}
e88c14ff-230a-441f-9937-f435ae7c561d	foreign-drop-mlvas080-jf7426	Foreign Artist Drop	\N	\N	draft	\N	\N	f0bd606d-27ef-4888-8105-c546aafda74d	\N	9f2e9e97-b9f2-42ec-89f4-b654f4789aef	2026-02-20 20:43:13.449539+01	2026-02-20 20:43:13.449539+01	{"title": "Smoke Drop Quiz", "version": 1, "questions": [{"id": "q1", "type": "single_choice", "prompt": "Which shirt color do you want?", "options": ["Black", "White"], "required": true}, {"id": "q2", "type": "text", "prompt": "Tell us your vibe", "required": false}]}
5ce31ce3-d21d-4249-9496-e49480aaf868	foreign-drop-mlvb35f3-vwfzew	Foreign Artist Drop	\N	\N	draft	\N	\N	63da5f7d-b399-4e48-ae72-1d592d5f5090	\N	9f2e9e97-b9f2-42ec-89f4-b654f4789aef	2026-02-20 20:51:53.398618+01	2026-02-20 20:51:53.398618+01	{"title": "Smoke Drop Quiz", "version": 1, "questions": [{"id": "q1", "type": "single_choice", "prompt": "Which shirt color do you want?", "options": ["Black", "White"], "required": true}, {"id": "q2", "type": "text", "prompt": "Tell us your vibe", "required": false}]}
51c5f442-18e1-446c-9ffe-fd049b161035	smoke-drop-mlv9wbzq-uq9rrx	Smoke Drop	\N	\N	archived	\N	\N	176d489c-c3d5-40db-9f79-e769e3526998	\N	9f2e9e97-b9f2-42ec-89f4-b654f4789aef	2026-02-20 20:18:35.705733+01	2026-02-20 20:18:35.78462+01	{"title": "Smoke Drop Quiz", "version": 1, "questions": [{"id": "q1", "type": "single_choice", "prompt": "Which shirt color do you want?", "options": ["Black", "White"], "required": true}, {"id": "q2", "type": "text", "prompt": "Tell us your vibe", "required": false}]}
8bac7c71-c6a3-4635-8088-dd3c0b71cd54	smoke-drop-mlvbc4m5-ifcy9x	Smoke Drop	\N	\N	archived	\N	\N	176d489c-c3d5-40db-9f79-e769e3526998	\N	9f2e9e97-b9f2-42ec-89f4-b654f4789aef	2026-02-20 20:58:52.25651+01	2026-02-20 20:58:52.344044+01	{"title": "Smoke Drop Quiz", "version": 1, "questions": [{"id": "q1", "type": "single_choice", "prompt": "Which shirt color do you want?", "options": ["Black", "White"], "required": true}, {"id": "q2", "type": "text", "prompt": "Tell us your vibe", "required": false}]}
01ad2b94-8a16-48af-8fa3-b3e7c60d81f3	gorom	gorom	\N	\N	published	\N	\N	8e28dfca-24ad-4ab7-9aa2-a685260df2e3	\N	9f2e9e97-b9f2-42ec-89f4-b654f4789aef	2026-02-20 19:48:38.905401+01	2026-02-20 19:53:14.085978+01	{"title": "Smoke Drop Quiz", "version": 1, "questions": [{"id": "q1", "type": "single_choice", "prompt": "Which shirt color do you want?", "options": ["Black", "White"], "required": true}, {"id": "q2", "type": "text", "prompt": "Tell us your vibe", "required": false}]}
6a9b7260-a685-40e7-b7f0-e4350952ae69	foreign-drop-mlv981q5-9eo1rj	Foreign Artist Drop	\N	\N	draft	\N	\N	8d321449-f051-4d0a-9175-42d29061c505	\N	9f2e9e97-b9f2-42ec-89f4-b654f4789aef	2026-02-20 19:59:42.66283+01	2026-02-20 19:59:42.66283+01	{"title": "Smoke Drop Quiz", "version": 1, "questions": [{"id": "q1", "type": "single_choice", "prompt": "Which shirt color do you want?", "options": ["Black", "White"], "required": true}, {"id": "q2", "type": "text", "prompt": "Tell us your vibe", "required": false}]}
2542fa68-45b7-458a-b9a1-8e3e7bdcb60a	foreign-drop-mlv98rjs-lcyhtn	Foreign Artist Drop	\N	\N	draft	\N	\N	e8893df2-d2cb-4618-86fa-3e30d46ef616	\N	9f2e9e97-b9f2-42ec-89f4-b654f4789aef	2026-02-20 20:00:16.129134+01	2026-02-20 20:00:16.129134+01	{"title": "Smoke Drop Quiz", "version": 1, "questions": [{"id": "q1", "type": "single_choice", "prompt": "Which shirt color do you want?", "options": ["Black", "White"], "required": true}, {"id": "q2", "type": "text", "prompt": "Tell us your vibe", "required": false}]}
c0efd775-dc43-4466-a8ec-30228da703be	smoke-drop-mlvas06s-tlqu4x	Smoke Drop	\N	\N	archived	\N	\N	176d489c-c3d5-40db-9f79-e769e3526998	\N	9f2e9e97-b9f2-42ec-89f4-b654f4789aef	2026-02-20 20:43:13.399842+01	2026-02-20 20:43:13.510591+01	{"title": "Smoke Drop Quiz", "version": 1, "questions": [{"id": "q1", "type": "single_choice", "prompt": "Which shirt color do you want?", "options": ["Black", "White"], "required": true}, {"id": "q2", "type": "text", "prompt": "Tell us your vibe", "required": false}]}
0583ccb6-ade8-4bca-a96e-88d8040b7711	smoke-drop-mlv98rio-dyg5l4	Smoke Drop	\N	\N	archived	\N	\N	176d489c-c3d5-40db-9f79-e769e3526998	\N	9f2e9e97-b9f2-42ec-89f4-b654f4789aef	2026-02-20 20:00:16.084756+01	2026-02-20 20:00:16.183987+01	{"title": "Smoke Drop Quiz", "version": 1, "questions": [{"id": "q1", "type": "single_choice", "prompt": "Which shirt color do you want?", "options": ["Black", "White"], "required": true}, {"id": "q2", "type": "text", "prompt": "Tell us your vibe", "required": false}]}
256f32fa-cb8c-4490-8c93-1da0c398bdb2	foreign-drop-mlva35n7-lrjh7u	Foreign Artist Drop	\N	\N	draft	\N	\N	ecd61c4e-92ee-4817-b315-16fd34562389	\N	9f2e9e97-b9f2-42ec-89f4-b654f4789aef	2026-02-20 20:23:54.078201+01	2026-02-20 20:23:54.078201+01	{"title": "Smoke Drop Quiz", "version": 1, "questions": [{"id": "q1", "type": "single_choice", "prompt": "Which shirt color do you want?", "options": ["Black", "White"], "required": true}, {"id": "q2", "type": "text", "prompt": "Tell us your vibe", "required": false}]}
3f26c79f-e742-46c6-964f-8ae05d13cb1b	iron	iron	\N	\N	draft	\N	\N	8e28dfca-24ad-4ab7-9aa2-a685260df2e3	\N	9f2e9e97-b9f2-42ec-89f4-b654f4789aef	2026-02-20 20:08:25.358701+01	2026-02-20 20:08:36.391337+01	{"title": "Smoke Drop Quiz", "version": 1, "questions": [{"id": "q1", "type": "single_choice", "prompt": "Which shirt color do you want?", "options": ["Black", "White"], "required": true}, {"id": "q2", "type": "text", "prompt": "Tell us your vibe", "required": false}]}
90b17865-f0c2-4b9c-aa04-c5e48a03906e	ui-smoke-drop-1771616694560	UI Smoke Drop 1771616694560	\N	\N	published	\N	\N	1851bcb2-75f2-4b46-b1e6-c0b8d8bb00a7	\N	9f2e9e97-b9f2-42ec-89f4-b654f4789aef	2026-02-20 20:44:57.01058+01	2026-02-20 20:44:58.49933+01	{"title": "Smoke Drop Quiz", "version": 1, "questions": [{"id": "q1", "type": "single_choice", "prompt": "Which shirt color do you want?", "options": ["Black", "White"], "required": true}, {"id": "q2", "type": "text", "prompt": "Tell us your vibe", "required": false}]}
fdb8cc62-888e-450a-843d-a2f72a1e5805	smoke-drop-mlva35m8-oeyxuu	Smoke Drop	\N	\N	archived	\N	\N	176d489c-c3d5-40db-9f79-e769e3526998	\N	9f2e9e97-b9f2-42ec-89f4-b654f4789aef	2026-02-20 20:23:54.035181+01	2026-02-20 20:23:54.135348+01	{"title": "Smoke Drop Quiz", "version": 1, "questions": [{"id": "q1", "type": "single_choice", "prompt": "Which shirt color do you want?", "options": ["Black", "White"], "required": true}, {"id": "q2", "type": "text", "prompt": "Tell us your vibe", "required": false}]}
855d057b-4406-4d8c-8b49-0c60b26d1e30	foreign-drop-mlv9q1ue-nuvto4	Foreign Artist Drop	\N	\N	draft	\N	\N	60a041ca-17cd-4546-b81e-b3f791d1a322	\N	9f2e9e97-b9f2-42ec-89f4-b654f4789aef	2026-02-20 20:13:42.624237+01	2026-02-20 20:13:42.624237+01	{"title": "Smoke Drop Quiz", "version": 1, "questions": [{"id": "q1", "type": "single_choice", "prompt": "Which shirt color do you want?", "options": ["Black", "White"], "required": true}, {"id": "q2", "type": "text", "prompt": "Tell us your vibe", "required": false}]}
a0d25cfa-11c9-46df-94e1-d8480101bf49	foreign-drop-mlvat22u-ztjrwu	Foreign Artist Drop	\N	\N	draft	\N	\N	804fba59-2119-419e-a419-919b3f98162e	\N	9f2e9e97-b9f2-42ec-89f4-b654f4789aef	2026-02-20 20:44:02.511889+01	2026-02-20 20:44:02.511889+01	{"title": "Smoke Drop Quiz", "version": 1, "questions": [{"id": "q1", "type": "single_choice", "prompt": "Which shirt color do you want?", "options": ["Black", "White"], "required": true}, {"id": "q2", "type": "text", "prompt": "Tell us your vibe", "required": false}]}
5c915a1c-21bc-4f56-8804-24d6029bf6c7	smoke-drop-mlv9q1tc-xfwk7o	Smoke Drop	\N	\N	archived	\N	\N	176d489c-c3d5-40db-9f79-e769e3526998	\N	9f2e9e97-b9f2-42ec-89f4-b654f4789aef	2026-02-20 20:13:42.58008+01	2026-02-20 20:13:42.676543+01	{"title": "Smoke Drop Quiz", "version": 1, "questions": [{"id": "q1", "type": "single_choice", "prompt": "Which shirt color do you want?", "options": ["Black", "White"], "required": true}, {"id": "q2", "type": "text", "prompt": "Tell us your vibe", "required": false}]}
7164e4b0-8c92-439f-a53b-432e283e4e92	foreign-drop-mlv9rda5-yamc7h	Foreign Artist Drop	\N	\N	draft	\N	\N	6215658d-f76d-4b1f-925c-f75df7912f24	\N	9f2e9e97-b9f2-42ec-89f4-b654f4789aef	2026-02-20 20:14:44.103611+01	2026-02-20 20:14:44.103611+01	{"title": "Smoke Drop Quiz", "version": 1, "questions": [{"id": "q1", "type": "single_choice", "prompt": "Which shirt color do you want?", "options": ["Black", "White"], "required": true}, {"id": "q2", "type": "text", "prompt": "Tell us your vibe", "required": false}]}
89780d52-7ff9-4795-8f99-4e0d9875d90d	foreign-drop-mlvagvi2-pgut07	Foreign Artist Drop	\N	\N	draft	\N	\N	696d0702-ce1d-49f3-ba70-29ee25a98644	\N	9f2e9e97-b9f2-42ec-89f4-b654f4789aef	2026-02-20 20:34:34.118811+01	2026-02-20 20:34:34.118811+01	{"title": "Smoke Drop Quiz", "version": 1, "questions": [{"id": "q1", "type": "single_choice", "prompt": "Which shirt color do you want?", "options": ["Black", "White"], "required": true}, {"id": "q2", "type": "text", "prompt": "Tell us your vibe", "required": false}]}
746607fd-5856-4195-b13d-29370eacc7fd	smoke-drop-mlv9rd96-5142mj	Smoke Drop	\N	\N	archived	\N	\N	176d489c-c3d5-40db-9f79-e769e3526998	\N	9f2e9e97-b9f2-42ec-89f4-b654f4789aef	2026-02-20 20:14:44.062423+01	2026-02-20 20:14:44.156641+01	{"title": "Smoke Drop Quiz", "version": 1, "questions": [{"id": "q1", "type": "single_choice", "prompt": "Which shirt color do you want?", "options": ["Black", "White"], "required": true}, {"id": "q2", "type": "text", "prompt": "Tell us your vibe", "required": false}]}
9b850526-8b3b-4f56-8ddd-e7fe73611843	smoke-drop-mlvb35e7-9g6qsx	Smoke Drop	\N	\N	archived	\N	\N	176d489c-c3d5-40db-9f79-e769e3526998	\N	9f2e9e97-b9f2-42ec-89f4-b654f4789aef	2026-02-20 20:51:53.362456+01	2026-02-20 20:51:53.455797+01	{"title": "Smoke Drop Quiz", "version": 1, "questions": [{"id": "q1", "type": "single_choice", "prompt": "Which shirt color do you want?", "options": ["Black", "White"], "required": true}, {"id": "q2", "type": "text", "prompt": "Tell us your vibe", "required": false}]}
ca3ba119-8ac0-4f40-9f61-c018eda72ae4	smoke-drop-mlvat21i-emmywr	Smoke Drop	\N	\N	archived	\N	\N	176d489c-c3d5-40db-9f79-e769e3526998	\N	9f2e9e97-b9f2-42ec-89f4-b654f4789aef	2026-02-20 20:44:02.459799+01	2026-02-20 20:44:02.573491+01	{"title": "Smoke Drop Quiz", "version": 1, "questions": [{"id": "q1", "type": "single_choice", "prompt": "Which shirt color do you want?", "options": ["Black", "White"], "required": true}, {"id": "q2", "type": "text", "prompt": "Tell us your vibe", "required": false}]}
86535c03-f318-4a8a-ae6b-5bc835761e4c	smoke-drop-mlvagvh0-579f01	Smoke Drop	\N	\N	archived	\N	\N	176d489c-c3d5-40db-9f79-e769e3526998	\N	9f2e9e97-b9f2-42ec-89f4-b654f4789aef	2026-02-20 20:34:34.072238+01	2026-02-20 20:34:34.172735+01	{"title": "Smoke Drop Quiz", "version": 1, "questions": [{"id": "q1", "type": "single_choice", "prompt": "Which shirt color do you want?", "options": ["Black", "White"], "required": true}, {"id": "q2", "type": "text", "prompt": "Tell us your vibe", "required": false}]}
e85edd22-def2-4eea-b06d-01d3fe49cdf9	foreign-drop-mlvaxcqg-qjs3rn	Foreign Artist Drop	\N	\N	draft	\N	\N	b166a14b-4b81-4376-8fc9-7f5c2ed872ff	\N	9f2e9e97-b9f2-42ec-89f4-b654f4789aef	2026-02-20 20:47:22.943532+01	2026-02-20 20:47:22.943532+01	{"title": "Smoke Drop Quiz", "version": 1, "questions": [{"id": "q1", "type": "single_choice", "prompt": "Which shirt color do you want?", "options": ["Black", "White"], "required": true}, {"id": "q2", "type": "text", "prompt": "Tell us your vibe", "required": false}]}
9591b70b-5ee9-43a3-be91-73dc46458d50	foreign-drop-mlvaqb7y-v60zoa	Foreign Artist Drop	\N	\N	draft	\N	\N	27dd2a43-2c51-4fc6-9b4d-afef50fab0c1	\N	9f2e9e97-b9f2-42ec-89f4-b654f4789aef	2026-02-20 20:41:54.39213+01	2026-02-20 20:41:54.39213+01	{"title": "Smoke Drop Quiz", "version": 1, "questions": [{"id": "q1", "type": "single_choice", "prompt": "Which shirt color do you want?", "options": ["Black", "White"], "required": true}, {"id": "q2", "type": "text", "prompt": "Tell us your vibe", "required": false}]}
aff29d3f-b032-4b5d-be6e-d744fd2cb75b	foreign-drop-mlvbat9s-gxr14g	Foreign Artist Drop	\N	\N	draft	\N	\N	8d8fe9c1-2b75-4ec1-9a0f-a27586b52cf6	\N	9f2e9e97-b9f2-42ec-89f4-b654f4789aef	2026-02-20 20:57:50.904625+01	2026-02-20 20:57:50.904625+01	{"title": "Smoke Drop Quiz", "version": 1, "questions": [{"id": "q1", "type": "single_choice", "prompt": "Which shirt color do you want?", "options": ["Black", "White"], "required": true}, {"id": "q2", "type": "text", "prompt": "Tell us your vibe", "required": false}]}
dfe41ad9-e266-4830-b733-a422d5bf41f5	foreign-drop-mlvatbzd-lzhc4m	Foreign Artist Drop	\N	\N	draft	\N	\N	1851bcb2-75f2-4b46-b1e6-c0b8d8bb00a7	\N	9f2e9e97-b9f2-42ec-89f4-b654f4789aef	2026-02-20 20:44:15.350785+01	2026-02-20 20:44:15.350785+01	{"title": "Smoke Drop Quiz", "version": 1, "questions": [{"id": "q1", "type": "single_choice", "prompt": "Which shirt color do you want?", "options": ["Black", "White"], "required": true}, {"id": "q2", "type": "text", "prompt": "Tell us your vibe", "required": false}]}
e00e6072-d099-41b2-9608-a097e0c0d0bb	foreign-drop-mlvb6ind-x2lwx6	Foreign Artist Drop	\N	\N	draft	\N	\N	56fbaee6-88c2-4cc5-a1c2-48dfeeba628d	\N	9f2e9e97-b9f2-42ec-89f4-b654f4789aef	2026-02-20 20:54:30.513702+01	2026-02-20 20:54:30.513702+01	{"title": "Smoke Drop Quiz", "version": 1, "questions": [{"id": "q1", "type": "single_choice", "prompt": "Which shirt color do you want?", "options": ["Black", "White"], "required": true}, {"id": "q2", "type": "text", "prompt": "Tell us your vibe", "required": false}]}
a47ce956-03f3-43f0-b13a-d65bfb97eb4f	smoke-drop-mlvaxcpg-w6l8ii	Smoke Drop	\N	\N	archived	\N	\N	176d489c-c3d5-40db-9f79-e769e3526998	\N	9f2e9e97-b9f2-42ec-89f4-b654f4789aef	2026-02-20 20:47:22.904138+01	2026-02-20 20:47:23.003773+01	{"title": "Smoke Drop Quiz", "version": 1, "questions": [{"id": "q1", "type": "single_choice", "prompt": "Which shirt color do you want?", "options": ["Black", "White"], "required": true}, {"id": "q2", "type": "text", "prompt": "Tell us your vibe", "required": false}]}
2658be4a-ace9-4d62-8e5a-c198e7e68c25	smoke-drop-mlvatbxj-nh1j8p	Smoke Drop	\N	\N	archived	\N	\N	176d489c-c3d5-40db-9f79-e769e3526998	\N	9f2e9e97-b9f2-42ec-89f4-b654f4789aef	2026-02-20 20:44:15.27846+01	2026-02-20 20:44:15.441478+01	{"title": "Smoke Drop Quiz", "version": 1, "questions": [{"id": "q1", "type": "single_choice", "prompt": "Which shirt color do you want?", "options": ["Black", "White"], "required": true}, {"id": "q2", "type": "text", "prompt": "Tell us your vibe", "required": false}]}
495d5b74-d4b1-47f1-bd18-588f1804c10a	foreign-drop-mlvb9psm-13ojki	Foreign Artist Drop	\N	\N	draft	\N	\N	3de45dbf-71d7-4124-9995-d3cd6f55c6ee	\N	9f2e9e97-b9f2-42ec-89f4-b654f4789aef	2026-02-20 20:56:59.742124+01	2026-02-20 20:56:59.742124+01	{"title": "Smoke Drop Quiz", "version": 1, "questions": [{"id": "q1", "type": "single_choice", "prompt": "Which shirt color do you want?", "options": ["Black", "White"], "required": true}, {"id": "q2", "type": "text", "prompt": "Tell us your vibe", "required": false}]}
0d07d9d6-bc0a-4a38-b8d7-9079fb2b990c	smoke-drop-mlvb6im9-d2321a	Smoke Drop	\N	\N	archived	\N	\N	176d489c-c3d5-40db-9f79-e769e3526998	\N	9f2e9e97-b9f2-42ec-89f4-b654f4789aef	2026-02-20 20:54:30.46947+01	2026-02-20 20:54:30.566863+01	{"title": "Smoke Drop Quiz", "version": 1, "questions": [{"id": "q1", "type": "single_choice", "prompt": "Which shirt color do you want?", "options": ["Black", "White"], "required": true}, {"id": "q2", "type": "text", "prompt": "Tell us your vibe", "required": false}]}
208e1ebc-8d7b-4126-b2c8-f0bebc77c7ae	smoke-drop-mlvb9prm-x3khnd	Smoke Drop	\N	\N	archived	\N	\N	176d489c-c3d5-40db-9f79-e769e3526998	\N	9f2e9e97-b9f2-42ec-89f4-b654f4789aef	2026-02-20 20:56:59.703261+01	2026-02-20 20:56:59.789812+01	{"title": "Smoke Drop Quiz", "version": 1, "questions": [{"id": "q1", "type": "single_choice", "prompt": "Which shirt color do you want?", "options": ["Black", "White"], "required": true}, {"id": "q2", "type": "text", "prompt": "Tell us your vibe", "required": false}]}
f0270c27-61e6-4abf-a704-e213a7fea938	smoke-drop-mlvbat8w-nfwlhb	Smoke Drop	\N	\N	archived	\N	\N	176d489c-c3d5-40db-9f79-e769e3526998	\N	9f2e9e97-b9f2-42ec-89f4-b654f4789aef	2026-02-20 20:57:50.868183+01	2026-02-20 20:57:50.965933+01	{"title": "Smoke Drop Quiz", "version": 1, "questions": [{"id": "q1", "type": "single_choice", "prompt": "Which shirt color do you want?", "options": ["Black", "White"], "required": true}, {"id": "q2", "type": "text", "prompt": "Tell us your vibe", "required": false}]}
cc382a1a-7ef1-428a-b050-032b296fa45b	foreign-drop-mlvbc4n3-0auv3c	Foreign Artist Drop	\N	\N	draft	\N	\N	32a4dfc8-03a9-4df9-87ff-d4c222fb9c58	\N	9f2e9e97-b9f2-42ec-89f4-b654f4789aef	2026-02-20 20:58:52.295028+01	2026-02-20 20:58:52.295028+01	{"title": "Smoke Drop Quiz", "version": 1, "questions": [{"id": "q1", "type": "single_choice", "prompt": "Which shirt color do you want?", "options": ["Black", "White"], "required": true}, {"id": "q2", "type": "text", "prompt": "Tell us your vibe", "required": false}]}
312c3fa8-0b73-4c48-9400-6d408fd12a3d	foreign-drop-mlvbgw8k-s3sllu	Foreign Artist Drop	\N	\N	draft	\N	\N	6eadace5-194a-47d5-bf06-4ff469366da9	\N	9f2e9e97-b9f2-42ec-89f4-b654f4789aef	2026-02-20 21:02:34.683128+01	2026-02-20 21:02:34.683128+01	{"title": "Smoke Drop Quiz", "version": 1, "questions": [{"id": "q1", "type": "single_choice", "prompt": "Which shirt color do you want?", "options": ["Black", "White"], "required": true}, {"id": "q2", "type": "text", "prompt": "Tell us your vibe", "required": false}]}
30ebf6f2-d50c-4767-ad8c-f000f2a5b138	smoke-drop-mlvbgw7o-clayix	Smoke Drop	\N	\N	archived	\N	\N	176d489c-c3d5-40db-9f79-e769e3526998	\N	9f2e9e97-b9f2-42ec-89f4-b654f4789aef	2026-02-20 21:02:34.64749+01	2026-02-20 21:02:34.741824+01	{"title": "Smoke Drop Quiz", "version": 1, "questions": [{"id": "q1", "type": "single_choice", "prompt": "Which shirt color do you want?", "options": ["Black", "White"], "required": true}, {"id": "q2", "type": "text", "prompt": "Tell us your vibe", "required": false}]}
1d3c3d43-2e8f-41e7-9c19-8e01e9624345	foreign-drop-mlvbik47-rd6lj2	Foreign Artist Drop	\N	\N	draft	\N	\N	c1152524-ae14-48c0-b626-84cb2018d8e8	\N	9f2e9e97-b9f2-42ec-89f4-b654f4789aef	2026-02-20 21:03:52.286459+01	2026-02-20 21:03:52.286459+01	{"title": "Smoke Drop Quiz", "version": 1, "questions": [{"id": "q1", "type": "single_choice", "prompt": "Which shirt color do you want?", "options": ["Black", "White"], "required": true}, {"id": "q2", "type": "text", "prompt": "Tell us your vibe", "required": false}]}
dfcfa3a1-a5b7-4825-bf15-57d1def8ab49	smoke-drop-mlvbik3e-da317m	Smoke Drop	\N	\N	archived	\N	\N	176d489c-c3d5-40db-9f79-e769e3526998	\N	9f2e9e97-b9f2-42ec-89f4-b654f4789aef	2026-02-20 21:03:52.253375+01	2026-02-20 21:03:52.330381+01	{"title": "Smoke Drop Quiz", "version": 1, "questions": [{"id": "q1", "type": "single_choice", "prompt": "Which shirt color do you want?", "options": ["Black", "White"], "required": true}, {"id": "q2", "type": "text", "prompt": "Tell us your vibe", "required": false}]}
c19b207c-cb01-4707-9747-8412408e4c20	foreign-drop-mlvbjz8x-m54354	Foreign Artist Drop	\N	\N	draft	\N	\N	8e6dc84b-295b-4353-a77f-e0e3ca7f4889	\N	9f2e9e97-b9f2-42ec-89f4-b654f4789aef	2026-02-20 21:04:58.554206+01	2026-02-20 21:04:58.554206+01	{"title": "Smoke Drop Quiz", "version": 1, "questions": [{"id": "q1", "type": "single_choice", "prompt": "Which shirt color do you want?", "options": ["Black", "White"], "required": true}, {"id": "q2", "type": "text", "prompt": "Tell us your vibe", "required": false}]}
c6a47930-8f7e-48f4-9ca7-9e82398f08fd	smoke-drop-mlvbjz7y-r0ilgx	Smoke Drop	\N	\N	archived	\N	\N	176d489c-c3d5-40db-9f79-e769e3526998	\N	9f2e9e97-b9f2-42ec-89f4-b654f4789aef	2026-02-20 21:04:58.516896+01	2026-02-20 21:04:58.607513+01	{"title": "Smoke Drop Quiz", "version": 1, "questions": [{"id": "q1", "type": "single_choice", "prompt": "Which shirt color do you want?", "options": ["Black", "White"], "required": true}, {"id": "q2", "type": "text", "prompt": "Tell us your vibe", "required": false}]}
09034c93-5207-4f64-9f20-52ad463eabf6	foreign-drop-mlvbqkj7-y5toon	Foreign Artist Drop	\N	\N	draft	\N	\N	1f2a8837-b2df-4bfc-bcc0-f486fdf0858f	\N	9f2e9e97-b9f2-42ec-89f4-b654f4789aef	2026-02-20 21:10:06.078639+01	2026-02-20 21:10:06.078639+01	{"title": "Smoke Drop Quiz", "version": 1, "questions": [{"id": "q1", "type": "single_choice", "prompt": "Which shirt color do you want?", "options": ["Black", "White"], "required": true}, {"id": "q2", "type": "text", "prompt": "Tell us your vibe", "required": false}]}
f757d88f-bf1f-46ab-93c4-d30cb38c1777	smoke-drop-mlvd2v1u-yjzwno	Smoke Drop	\N	\N	archived	\N	\N	176d489c-c3d5-40db-9f79-e769e3526998	\N	9f2e9e97-b9f2-42ec-89f4-b654f4789aef	2026-02-20 21:47:39.193321+01	2026-02-20 21:47:39.345142+01	{"title": "Smoke Drop Quiz", "version": 1, "questions": [{"id": "q1", "type": "single_choice", "prompt": "Which shirt color do you want?", "options": ["Black", "White"], "required": true}, {"id": "q2", "type": "text", "prompt": "Tell us your vibe", "required": false}]}
47a2225a-917b-424b-a2df-9be4d6c44321	smoke-drop-mlvbqki4-vta9ib	Smoke Drop	\N	\N	archived	\N	\N	176d489c-c3d5-40db-9f79-e769e3526998	\N	9f2e9e97-b9f2-42ec-89f4-b654f4789aef	2026-02-20 21:10:06.03327+01	2026-02-20 21:10:06.142041+01	{"title": "Smoke Drop Quiz", "version": 1, "questions": [{"id": "q1", "type": "single_choice", "prompt": "Which shirt color do you want?", "options": ["Black", "White"], "required": true}, {"id": "q2", "type": "text", "prompt": "Tell us your vibe", "required": false}]}
0f9455b0-b61a-43e9-a364-20d179096946	ui-smoke-drop-1771618230891	UI Smoke Drop 1771618230891	\N	\N	draft	\N	\N	1f2a8837-b2df-4bfc-bcc0-f486fdf0858f	\N	9f2e9e97-b9f2-42ec-89f4-b654f4789aef	2026-02-20 21:10:33.453835+01	2026-02-20 21:10:33.453835+01	{"title": "Smoke Drop Quiz", "version": 1, "questions": [{"id": "q1", "type": "single_choice", "prompt": "Which shirt color do you want?", "options": ["Black", "White"], "required": true}, {"id": "q2", "type": "text", "prompt": "Tell us your vibe", "required": false}]}
f5ff9cc4-43b1-43a9-82d5-9d3c341bf33f	foreign-drop-mlvbvyuy-mkbldk	Foreign Artist Drop	\N	\N	draft	\N	\N	e5b00048-4530-4311-9ec8-d0735f172f17	\N	9f2e9e97-b9f2-42ec-89f4-b654f4789aef	2026-02-20 21:14:17.923398+01	2026-02-20 21:14:17.923398+01	{"title": "Smoke Drop Quiz", "version": 1, "questions": [{"id": "q1", "type": "single_choice", "prompt": "Which shirt color do you want?", "options": ["Black", "White"], "required": true}, {"id": "q2", "type": "text", "prompt": "Tell us your vibe", "required": false}]}
b268ac45-bf36-4f0d-becf-83335f99d1b4	foreign-drop-mlvd5k2r-c0tdly	Foreign Artist Drop	\N	\N	draft	\N	\N	13c9ed73-cc98-46c6-96b3-2c31feefdf03	\N	9f2e9e97-b9f2-42ec-89f4-b654f4789aef	2026-02-20 21:49:44.942701+01	2026-02-20 21:49:44.942701+01	{"title": "Smoke Drop Quiz", "version": 1, "questions": [{"id": "q1", "type": "single_choice", "prompt": "Which shirt color do you want?", "options": ["Black", "White"], "required": true}, {"id": "q2", "type": "text", "prompt": "Tell us your vibe", "required": false}]}
8ce99123-e324-47c1-9a53-9a959aa2b680	foreign-drop-mlvdwtwh-lrqgih	Foreign Artist Drop	\N	\N	draft	\N	\N	38575567-6e99-43d8-b5e0-887e7b12f92a	\N	9f2e9e97-b9f2-42ec-89f4-b654f4789aef	2026-02-20 22:10:57.383905+01	2026-02-20 22:10:57.383905+01	{"title": "Smoke Drop Quiz", "version": 1, "questions": [{"id": "q1", "type": "single_choice", "prompt": "Which shirt color do you want?", "options": ["Black", "White"], "required": true}, {"id": "q2", "type": "text", "prompt": "Tell us your vibe", "required": false}]}
910835f7-e29e-487e-82d3-3efdc349cbfd	smoke-drop-mlvbvytx-3r83m9	Smoke Drop	\N	\N	archived	\N	\N	176d489c-c3d5-40db-9f79-e769e3526998	\N	9f2e9e97-b9f2-42ec-89f4-b654f4789aef	2026-02-20 21:14:17.881304+01	2026-02-20 21:14:17.980405+01	{"title": "Smoke Drop Quiz", "version": 1, "questions": [{"id": "q1", "type": "single_choice", "prompt": "Which shirt color do you want?", "options": ["Black", "White"], "required": true}, {"id": "q2", "type": "text", "prompt": "Tell us your vibe", "required": false}]}
524da64b-68d4-47a9-a401-55361e80a69f	foreign-drop-mlvc1z8w-uqchem	Foreign Artist Drop	\N	\N	draft	\N	\N	29b58227-980c-4ccd-8166-71cbb93a3816	\N	9f2e9e97-b9f2-42ec-89f4-b654f4789aef	2026-02-20 21:18:58.36006+01	2026-02-20 21:18:58.36006+01	{"title": "Smoke Drop Quiz", "version": 1, "questions": [{"id": "q1", "type": "single_choice", "prompt": "Which shirt color do you want?", "options": ["Black", "White"], "required": true}, {"id": "q2", "type": "text", "prompt": "Tell us your vibe", "required": false}]}
89e5d3f4-a514-4f3f-a99d-52e452faba5b	ui-smoke-drop-1771622518235	UI Smoke Drop 1771622518235	\N	\N	published	\N	\N	248251d7-b42a-4301-8126-57bd2dd5389d	\N	9f2e9e97-b9f2-42ec-89f4-b654f4789aef	2026-02-20 22:22:00.767226+01	2026-02-20 22:22:02.128735+01	{"title": "Smoke Drop Quiz", "version": 1, "questions": [{"id": "q1", "type": "single_choice", "prompt": "Which shirt color do you want?", "options": ["Black", "White"], "required": true}, {"id": "q2", "type": "text", "prompt": "Tell us your vibe", "required": false}]}
6655aed9-7a43-4c63-903c-ef35476f16ab	smoke-drop-mlvd5k1o-y3yrs1	Smoke Drop	\N	\N	archived	\N	\N	176d489c-c3d5-40db-9f79-e769e3526998	\N	9f2e9e97-b9f2-42ec-89f4-b654f4789aef	2026-02-20 21:49:44.897246+01	2026-02-20 21:49:45.002939+01	{"title": "Smoke Drop Quiz", "version": 1, "questions": [{"id": "q1", "type": "single_choice", "prompt": "Which shirt color do you want?", "options": ["Black", "White"], "required": true}, {"id": "q2", "type": "text", "prompt": "Tell us your vibe", "required": false}]}
a2e25018-7b04-4890-8f4e-398a704c49e0	smoke-drop-mlvc1z7w-jylrcc	Smoke Drop	\N	\N	archived	\N	\N	176d489c-c3d5-40db-9f79-e769e3526998	\N	9f2e9e97-b9f2-42ec-89f4-b654f4789aef	2026-02-20 21:18:58.322455+01	2026-02-20 21:18:58.407504+01	{"title": "Smoke Drop Quiz", "version": 1, "questions": [{"id": "q1", "type": "single_choice", "prompt": "Which shirt color do you want?", "options": ["Black", "White"], "required": true}, {"id": "q2", "type": "text", "prompt": "Tell us your vibe", "required": false}]}
cf11d61e-e9d1-48ae-a494-b5e820d3253c	foreign-drop-mlvc8tcx-wtcjud	Foreign Artist Drop	\N	\N	draft	\N	\N	bc7dad5b-da0d-4d2e-ac3e-9bc7d87c1ac3	\N	9f2e9e97-b9f2-42ec-89f4-b654f4789aef	2026-02-20 21:24:17.322471+01	2026-02-20 21:24:17.322471+01	{"title": "Smoke Drop Quiz", "version": 1, "questions": [{"id": "q1", "type": "single_choice", "prompt": "Which shirt color do you want?", "options": ["Black", "White"], "required": true}, {"id": "q2", "type": "text", "prompt": "Tell us your vibe", "required": false}]}
90060752-cdc6-49a3-8db1-2ccc6a4e61f4	foreign-drop-mlvd7ay9-rfjhv7	Foreign Artist Drop	\N	\N	draft	\N	\N	ae55bb15-328e-4490-a425-0a64214cb4e1	\N	9f2e9e97-b9f2-42ec-89f4-b654f4789aef	2026-02-20 21:51:06.425323+01	2026-02-20 21:51:06.425323+01	{"title": "Smoke Drop Quiz", "version": 1, "questions": [{"id": "q1", "type": "single_choice", "prompt": "Which shirt color do you want?", "options": ["Black", "White"], "required": true}, {"id": "q2", "type": "text", "prompt": "Tell us your vibe", "required": false}]}
66e621ee-be62-4abd-83f6-f956372e5bae	smoke-drop-mlvc8tbt-lm2jls	Smoke Drop	\N	\N	archived	\N	\N	176d489c-c3d5-40db-9f79-e769e3526998	\N	9f2e9e97-b9f2-42ec-89f4-b654f4789aef	2026-02-20 21:24:17.277099+01	2026-02-20 21:24:17.37663+01	{"title": "Smoke Drop Quiz", "version": 1, "questions": [{"id": "q1", "type": "single_choice", "prompt": "Which shirt color do you want?", "options": ["Black", "White"], "required": true}, {"id": "q2", "type": "text", "prompt": "Tell us your vibe", "required": false}]}
ddf6fc5a-96a7-41c2-8159-ba9ca9d4df91	ui-smoke-drop-1771619084710	UI Smoke Drop 1771619084710	\N	\N	draft	\N	\N	bc7dad5b-da0d-4d2e-ac3e-9bc7d87c1ac3	\N	9f2e9e97-b9f2-42ec-89f4-b654f4789aef	2026-02-20 21:24:47.476385+01	2026-02-20 21:24:47.476385+01	{"title": "Smoke Drop Quiz", "version": 1, "questions": [{"id": "q1", "type": "single_choice", "prompt": "Which shirt color do you want?", "options": ["Black", "White"], "required": true}, {"id": "q2", "type": "text", "prompt": "Tell us your vibe", "required": false}]}
32bc4404-5599-4c3d-a068-1ee3dd774620	foreign-drop-mlvcdhmv-zgfzeb	Foreign Artist Drop	\N	\N	draft	\N	\N	99c8346e-e658-4748-83e2-b2315e7e1cfc	\N	9f2e9e97-b9f2-42ec-89f4-b654f4789aef	2026-02-20 21:27:55.406553+01	2026-02-20 21:27:55.406553+01	{"title": "Smoke Drop Quiz", "version": 1, "questions": [{"id": "q1", "type": "single_choice", "prompt": "Which shirt color do you want?", "options": ["Black", "White"], "required": true}, {"id": "q2", "type": "text", "prompt": "Tell us your vibe", "required": false}]}
561c8936-4247-49da-bd33-5317bef84c9c	smoke-drop-mlvdwtvc-hwqnwa	Smoke Drop	\N	\N	archived	\N	\N	176d489c-c3d5-40db-9f79-e769e3526998	\N	9f2e9e97-b9f2-42ec-89f4-b654f4789aef	2026-02-20 22:10:57.340103+01	2026-02-20 22:10:57.435612+01	{"title": "Smoke Drop Quiz", "version": 1, "questions": [{"id": "q1", "type": "single_choice", "prompt": "Which shirt color do you want?", "options": ["Black", "White"], "required": true}, {"id": "q2", "type": "text", "prompt": "Tell us your vibe", "required": false}]}
d79cf7ac-32d9-482f-b71d-e92eb1935f78	smoke-drop-mlvcdhls-d9ryiq	Smoke Drop	\N	\N	archived	\N	\N	176d489c-c3d5-40db-9f79-e769e3526998	\N	9f2e9e97-b9f2-42ec-89f4-b654f4789aef	2026-02-20 21:27:55.366891+01	2026-02-20 21:27:55.455846+01	{"title": "Smoke Drop Quiz", "version": 1, "questions": [{"id": "q1", "type": "single_choice", "prompt": "Which shirt color do you want?", "options": ["Black", "White"], "required": true}, {"id": "q2", "type": "text", "prompt": "Tell us your vibe", "required": false}]}
07af3c15-21d7-4b2c-a7f0-0ab23c288919	foreign-drop-mlvcio0q-5sf957	Foreign Artist Drop	\N	\N	draft	\N	\N	1b2046db-714d-45e6-9db8-59272c0ee2b0	\N	9f2e9e97-b9f2-42ec-89f4-b654f4789aef	2026-02-20 21:31:56.963133+01	2026-02-20 21:31:56.963133+01	{"title": "Smoke Drop Quiz", "version": 1, "questions": [{"id": "q1", "type": "single_choice", "prompt": "Which shirt color do you want?", "options": ["Black", "White"], "required": true}, {"id": "q2", "type": "text", "prompt": "Tell us your vibe", "required": false}]}
2256156d-a11a-4423-a73c-131abba39871	smoke-drop-mlvd7ax3-g2t451	Smoke Drop	\N	\N	archived	\N	\N	176d489c-c3d5-40db-9f79-e769e3526998	\N	9f2e9e97-b9f2-42ec-89f4-b654f4789aef	2026-02-20 21:51:06.382496+01	2026-02-20 21:51:06.471592+01	{"title": "Smoke Drop Quiz", "version": 1, "questions": [{"id": "q1", "type": "single_choice", "prompt": "Which shirt color do you want?", "options": ["Black", "White"], "required": true}, {"id": "q2", "type": "text", "prompt": "Tell us your vibe", "required": false}]}
9d8dba28-8e57-4890-a97e-5042acc1630a	smoke-drop-mlvcinzg-zpr2v0	Smoke Drop	\N	\N	archived	\N	\N	176d489c-c3d5-40db-9f79-e769e3526998	\N	9f2e9e97-b9f2-42ec-89f4-b654f4789aef	2026-02-20 21:31:56.916365+01	2026-02-20 21:31:57.024628+01	{"title": "Smoke Drop Quiz", "version": 1, "questions": [{"id": "q1", "type": "single_choice", "prompt": "Which shirt color do you want?", "options": ["Black", "White"], "required": true}, {"id": "q2", "type": "text", "prompt": "Tell us your vibe", "required": false}]}
66a09dca-8706-4f91-b92a-1ec53af389a1	ui-smoke-drop-1771619553072	UI Smoke Drop 1771619553072	\N	\N	draft	\N	\N	1b2046db-714d-45e6-9db8-59272c0ee2b0	\N	9f2e9e97-b9f2-42ec-89f4-b654f4789aef	2026-02-20 21:32:35.668611+01	2026-02-20 21:32:35.668611+01	{"title": "Smoke Drop Quiz", "version": 1, "questions": [{"id": "q1", "type": "single_choice", "prompt": "Which shirt color do you want?", "options": ["Black", "White"], "required": true}, {"id": "q2", "type": "text", "prompt": "Tell us your vibe", "required": false}]}
75b8bbe0-4c2d-474b-aa21-64fd52350b9e	foreign-drop-mlvco7d2-weib2f	Foreign Artist Drop	\N	\N	draft	\N	\N	4901727b-791c-48e3-a6c9-2c07b3b7dd37	\N	9f2e9e97-b9f2-42ec-89f4-b654f4789aef	2026-02-20 21:36:15.308808+01	2026-02-20 21:36:15.308808+01	{"title": "Smoke Drop Quiz", "version": 1, "questions": [{"id": "q1", "type": "single_choice", "prompt": "Which shirt color do you want?", "options": ["Black", "White"], "required": true}, {"id": "q2", "type": "text", "prompt": "Tell us your vibe", "required": false}]}
2efe0131-c43a-472b-b238-54551a0819e6	foreign-drop-mlvdchxg-t29daj	Foreign Artist Drop	\N	\N	draft	\N	\N	77fc1db1-f0bf-41e3-9ad8-85b418e37631	\N	9f2e9e97-b9f2-42ec-89f4-b654f4789aef	2026-02-20 21:55:08.747913+01	2026-02-20 21:55:08.747913+01	{"title": "Smoke Drop Quiz", "version": 1, "questions": [{"id": "q1", "type": "single_choice", "prompt": "Which shirt color do you want?", "options": ["Black", "White"], "required": true}, {"id": "q2", "type": "text", "prompt": "Tell us your vibe", "required": false}]}
eeec8927-81f1-448f-832c-34950a366039	ui-smoke-drop-1771621882563	UI Smoke Drop 1771621882563	\N	\N	draft	\N	\N	38575567-6e99-43d8-b5e0-887e7b12f92a	\N	9f2e9e97-b9f2-42ec-89f4-b654f4789aef	2026-02-20 22:11:25.136298+01	2026-02-20 22:11:25.136298+01	{"title": "Smoke Drop Quiz", "version": 1, "questions": [{"id": "q1", "type": "single_choice", "prompt": "Which shirt color do you want?", "options": ["Black", "White"], "required": true}, {"id": "q2", "type": "text", "prompt": "Tell us your vibe", "required": false}]}
0123f360-9178-4c26-8ae2-085cb4a797a1	smoke-drop-mlvco7c2-bn2nfe	Smoke Drop	\N	\N	archived	\N	\N	176d489c-c3d5-40db-9f79-e769e3526998	\N	9f2e9e97-b9f2-42ec-89f4-b654f4789aef	2026-02-20 21:36:15.272621+01	2026-02-20 21:36:15.356458+01	{"title": "Smoke Drop Quiz", "version": 1, "questions": [{"id": "q1", "type": "single_choice", "prompt": "Which shirt color do you want?", "options": ["Black", "White"], "required": true}, {"id": "q2", "type": "text", "prompt": "Tell us your vibe", "required": false}]}
be7e8d49-55ac-4985-a76f-16e01099c50e	foreign-drop-mlvcs9uu-z9jqiw	Foreign Artist Drop	\N	\N	draft	\N	\N	dadc916d-ffd9-4b45-9e97-9b88794a280d	\N	9f2e9e97-b9f2-42ec-89f4-b654f4789aef	2026-02-20 21:39:25.166663+01	2026-02-20 21:39:25.166663+01	{"title": "Smoke Drop Quiz", "version": 1, "questions": [{"id": "q1", "type": "single_choice", "prompt": "Which shirt color do you want?", "options": ["Black", "White"], "required": true}, {"id": "q2", "type": "text", "prompt": "Tell us your vibe", "required": false}]}
2ee7bb9a-a5f3-4659-b44a-5cbe3ef693d6	smoke-drop-mlvdchwj-2ys9bq	Smoke Drop	\N	\N	archived	\N	\N	176d489c-c3d5-40db-9f79-e769e3526998	\N	9f2e9e97-b9f2-42ec-89f4-b654f4789aef	2026-02-20 21:55:08.711463+01	2026-02-20 21:55:08.796062+01	{"title": "Smoke Drop Quiz", "version": 1, "questions": [{"id": "q1", "type": "single_choice", "prompt": "Which shirt color do you want?", "options": ["Black", "White"], "required": true}, {"id": "q2", "type": "text", "prompt": "Tell us your vibe", "required": false}]}
46208658-f25e-4536-9393-9ea82ac2aae3	smoke-drop-mlvcs9tj-tys3mz	Smoke Drop	\N	\N	archived	\N	\N	176d489c-c3d5-40db-9f79-e769e3526998	\N	9f2e9e97-b9f2-42ec-89f4-b654f4789aef	2026-02-20 21:39:25.11612+01	2026-02-20 21:39:25.216123+01	{"title": "Smoke Drop Quiz", "version": 1, "questions": [{"id": "q1", "type": "single_choice", "prompt": "Which shirt color do you want?", "options": ["Black", "White"], "required": true}, {"id": "q2", "type": "text", "prompt": "Tell us your vibe", "required": false}]}
505197a3-4084-4eb9-8710-2815489565ad	foreign-drop-mlvd2v3g-vvy5z2	Foreign Artist Drop	\N	\N	draft	\N	\N	6579b656-8d53-4108-9da9-e89638af0ce9	\N	9f2e9e97-b9f2-42ec-89f4-b654f4789aef	2026-02-20 21:47:39.258551+01	2026-02-20 21:47:39.258551+01	{"title": "Smoke Drop Quiz", "version": 1, "questions": [{"id": "q1", "type": "single_choice", "prompt": "Which shirt color do you want?", "options": ["Black", "White"], "required": true}, {"id": "q2", "type": "text", "prompt": "Tell us your vibe", "required": false}]}
7a4d999c-9e7f-4e9c-9c4a-b9e15728e910	foreign-drop-mlvea5yo-ypl29r	Foreign Artist Drop	\N	\N	draft	\N	\N	248251d7-b42a-4301-8126-57bd2dd5389d	\N	9f2e9e97-b9f2-42ec-89f4-b654f4789aef	2026-02-20 22:21:19.546339+01	2026-02-20 22:21:19.546339+01	{"title": "Smoke Drop Quiz", "version": 1, "questions": [{"id": "q1", "type": "single_choice", "prompt": "Which shirt color do you want?", "options": ["Black", "White"], "required": true}, {"id": "q2", "type": "text", "prompt": "Tell us your vibe", "required": false}]}
8492012d-e1c1-41f9-a8c6-4176d76df823	foreign-drop-mlvdpwtf-mov4w5	Foreign Artist Drop	\N	\N	draft	\N	\N	f1c597cf-de0b-4ac1-ba7b-86a059100ed2	\N	9f2e9e97-b9f2-42ec-89f4-b654f4789aef	2026-02-20 22:05:34.569922+01	2026-02-20 22:05:34.569922+01	{"title": "Smoke Drop Quiz", "version": 1, "questions": [{"id": "q1", "type": "single_choice", "prompt": "Which shirt color do you want?", "options": ["Black", "White"], "required": true}, {"id": "q2", "type": "text", "prompt": "Tell us your vibe", "required": false}]}
d39ac800-dec0-4fdc-95b9-77fce98ce020	foreign-drop-mlvfc2nb-hz9nnk	Foreign Artist Drop	\N	\N	draft	\N	\N	843161e4-0f45-4b90-879a-5278df2b4341	\N	9f2e9e97-b9f2-42ec-89f4-b654f4789aef	2026-02-20 22:50:48.175251+01	2026-02-20 22:50:48.175251+01	{"title": "Smoke Drop Quiz", "version": 1, "questions": [{"id": "q1", "type": "single_choice", "prompt": "Which shirt color do you want?", "options": ["Black", "White"], "required": true}, {"id": "q2", "type": "text", "prompt": "Tell us your vibe", "required": false}]}
5c41520b-752b-42d2-b732-1570f72a0a9c	smoke-drop-mlvffjj0-jky2vt	Smoke Drop	\N	\N	archived	\N	\N	176d489c-c3d5-40db-9f79-e769e3526998	\N	9f2e9e97-b9f2-42ec-89f4-b654f4789aef	2026-02-20 22:53:30.016145+01	2026-02-20 22:53:30.108526+01	{"title": "Smoke Drop Quiz", "version": 1, "questions": [{"id": "q1", "type": "single_choice", "prompt": "Which shirt color do you want?", "options": ["Black", "White"], "required": true}, {"id": "q2", "type": "text", "prompt": "Tell us your vibe", "required": false}]}
7da570dd-4f16-4666-b970-e4991990fcf4	smoke-drop-mlvdpwsc-sl87fh	Smoke Drop	\N	\N	archived	\N	\N	176d489c-c3d5-40db-9f79-e769e3526998	\N	9f2e9e97-b9f2-42ec-89f4-b654f4789aef	2026-02-20 22:05:34.52964+01	2026-02-20 22:05:34.617521+01	{"title": "Smoke Drop Quiz", "version": 1, "questions": [{"id": "q1", "type": "single_choice", "prompt": "Which shirt color do you want?", "options": ["Black", "White"], "required": true}, {"id": "q2", "type": "text", "prompt": "Tell us your vibe", "required": false}]}
1ab2f5b8-c8de-4ba1-bc8b-c544789305a7	foreign-drop-mlvdvhpf-ovgkoz	Foreign Artist Drop	\N	\N	draft	\N	\N	f56591fa-c940-4711-8d04-ea89b8549d3d	\N	9f2e9e97-b9f2-42ec-89f4-b654f4789aef	2026-02-20 22:09:54.921896+01	2026-02-20 22:09:54.921896+01	{"title": "Smoke Drop Quiz", "version": 1, "questions": [{"id": "q1", "type": "single_choice", "prompt": "Which shirt color do you want?", "options": ["Black", "White"], "required": true}, {"id": "q2", "type": "text", "prompt": "Tell us your vibe", "required": false}]}
4c881c07-703b-4422-b15b-933ef0ad2658	smoke-drop-mlvea5xi-1v0mip	Smoke Drop	\N	\N	archived	\N	\N	176d489c-c3d5-40db-9f79-e769e3526998	\N	9f2e9e97-b9f2-42ec-89f4-b654f4789aef	2026-02-20 22:21:19.498914+01	2026-02-20 22:21:19.607548+01	{"title": "Smoke Drop Quiz", "version": 1, "questions": [{"id": "q1", "type": "single_choice", "prompt": "Which shirt color do you want?", "options": ["Black", "White"], "required": true}, {"id": "q2", "type": "text", "prompt": "Tell us your vibe", "required": false}]}
e275458a-ff00-4301-a595-672b624520d7	smoke-drop-mlvdvho7-zbc0vt	Smoke Drop	\N	\N	archived	\N	\N	176d489c-c3d5-40db-9f79-e769e3526998	\N	9f2e9e97-b9f2-42ec-89f4-b654f4789aef	2026-02-20 22:09:54.874259+01	2026-02-20 22:09:54.968743+01	{"title": "Smoke Drop Quiz", "version": 1, "questions": [{"id": "q1", "type": "single_choice", "prompt": "Which shirt color do you want?", "options": ["Black", "White"], "required": true}, {"id": "q2", "type": "text", "prompt": "Tell us your vibe", "required": false}]}
53025887-db60-4607-aa3f-7dfe3bd027c3	smoke-drop-mlvfc2mc-3f86wj	Smoke Drop	\N	\N	archived	\N	\N	176d489c-c3d5-40db-9f79-e769e3526998	\N	9f2e9e97-b9f2-42ec-89f4-b654f4789aef	2026-02-20 22:50:48.135055+01	2026-02-20 22:50:48.224277+01	{"title": "Smoke Drop Quiz", "version": 1, "questions": [{"id": "q1", "type": "single_choice", "prompt": "Which shirt color do you want?", "options": ["Black", "White"], "required": true}, {"id": "q2", "type": "text", "prompt": "Tell us your vibe", "required": false}]}
f4357607-f556-492f-9d19-124c0a5b7f42	ui-smoke-drop-1771624448220	UI Smoke Drop 1771624448220	\N	\N	published	\N	\N	97bb2610-c8be-4b3a-9690-90ee16043769	\N	9f2e9e97-b9f2-42ec-89f4-b654f4789aef	2026-02-20 22:54:10.522051+01	2026-02-20 22:54:12.155946+01	{"title": "Smoke Drop Quiz", "version": 1, "questions": [{"id": "q1", "type": "single_choice", "prompt": "Which shirt color do you want?", "options": ["Black", "White"], "required": true}, {"id": "q2", "type": "text", "prompt": "Tell us your vibe", "required": false}]}
e94d393b-ae11-4f68-97c0-e70030bbf85f	foreign-drop-mlvffjk1-tb8ilm	Foreign Artist Drop	\N	\N	draft	\N	\N	97bb2610-c8be-4b3a-9690-90ee16043769	\N	9f2e9e97-b9f2-42ec-89f4-b654f4789aef	2026-02-20 22:53:30.057883+01	2026-02-20 22:53:30.057883+01	{"title": "Smoke Drop Quiz", "version": 1, "questions": [{"id": "q1", "type": "single_choice", "prompt": "Which shirt color do you want?", "options": ["Black", "White"], "required": true}, {"id": "q2", "type": "text", "prompt": "Tell us your vibe", "required": false}]}
02587f30-680a-48c1-9198-4e9916d9514c	foreign-drop-mlvfq2j6-s67bk9	Foreign Artist Drop	\N	\N	draft	\N	\N	566ac4a0-613c-4732-9946-6c9ce20fb392	\N	9f2e9e97-b9f2-42ec-89f4-b654f4789aef	2026-02-20 23:01:41.210305+01	2026-02-20 23:01:41.210305+01	{"title": "Smoke Drop Quiz", "version": 1, "questions": [{"id": "q1", "type": "single_choice", "prompt": "Which shirt color do you want?", "options": ["Black", "White"], "required": true}, {"id": "q2", "type": "text", "prompt": "Tell us your vibe", "required": false}]}
7a177db5-4b34-41e5-b39a-7f76e2920866	smoke-drop-mlvfq2i1-ycv06c	Smoke Drop	\N	\N	archived	\N	\N	176d489c-c3d5-40db-9f79-e769e3526998	\N	9f2e9e97-b9f2-42ec-89f4-b654f4789aef	2026-02-20 23:01:41.165318+01	2026-02-20 23:01:41.264264+01	{"title": "Smoke Drop Quiz", "version": 1, "questions": [{"id": "q1", "type": "single_choice", "prompt": "Which shirt color do you want?", "options": ["Black", "White"], "required": true}, {"id": "q2", "type": "text", "prompt": "Tell us your vibe", "required": false}]}
2e45c066-6e8f-48e7-868a-5bfa1cd725e3	ui-smoke-drop-1771624942441	UI Smoke Drop 1771624942441	\N	\N	published	\N	\N	566ac4a0-613c-4732-9946-6c9ce20fb392	\N	9f2e9e97-b9f2-42ec-89f4-b654f4789aef	2026-02-20 23:02:27.031477+01	2026-02-20 23:02:28.680396+01	{"title": "Smoke Drop Quiz", "version": 1, "questions": [{"id": "q1", "type": "single_choice", "prompt": "Which shirt color do you want?", "options": ["Black", "White"], "required": true}, {"id": "q2", "type": "text", "prompt": "Tell us your vibe", "required": false}]}
452e8572-8016-4393-a015-7bf7c66b4fd8	foreign-drop-mlvg440q-u0hd2j	Foreign Artist Drop	\N	\N	draft	\N	\N	703df037-aca2-436c-ba33-a78c60898d8e	\N	9f2e9e97-b9f2-42ec-89f4-b654f4789aef	2026-02-20 23:12:36.321687+01	2026-02-20 23:12:36.321687+01	{"title": "Smoke Drop Quiz", "version": 1, "questions": [{"id": "q1", "type": "single_choice", "prompt": "Which shirt color do you want?", "options": ["Black", "White"], "required": true}, {"id": "q2", "type": "text", "prompt": "Tell us your vibe", "required": false}]}
20043811-4e62-41fa-a4b2-56e330c52833	smoke-drop-mlvg43zr-3rzlyu	Smoke Drop	\N	\N	archived	\N	\N	176d489c-c3d5-40db-9f79-e769e3526998	\N	9f2e9e97-b9f2-42ec-89f4-b654f4789aef	2026-02-20 23:12:36.282963+01	2026-02-20 23:12:36.448381+01	{"title": "Smoke Drop Quiz", "version": 1, "questions": [{"id": "q1", "type": "single_choice", "prompt": "Which shirt color do you want?", "options": ["Black", "White"], "required": true}, {"id": "q2", "type": "text", "prompt": "Tell us your vibe", "required": false}]}
c0ab2257-6f28-4a6b-8763-1f70661f402a	ui-smoke-drop-1771625606124	UI Smoke Drop 1771625606124	\N	\N	draft	\N	\N	703df037-aca2-436c-ba33-a78c60898d8e	\N	9f2e9e97-b9f2-42ec-89f4-b654f4789aef	2026-02-20 23:13:29.949372+01	2026-02-20 23:13:29.949372+01	{"title": "Smoke Drop Quiz", "version": 1, "questions": [{"id": "q1", "type": "single_choice", "prompt": "Which shirt color do you want?", "options": ["Black", "White"], "required": true}, {"id": "q2", "type": "text", "prompt": "Tell us your vibe", "required": false}]}
19b2396e-9abf-4403-9b5e-2e6d0d740a33	foreign-drop-mlvghdve-i8hikp	Foreign Artist Drop	\N	\N	draft	\N	\N	be21a724-ba89-4f22-a229-eb4dcfb3cc2b	\N	9f2e9e97-b9f2-42ec-89f4-b654f4789aef	2026-02-20 23:22:55.616871+01	2026-02-20 23:22:55.616871+01	{"title": "Smoke Drop Quiz", "version": 1, "questions": [{"id": "q1", "type": "single_choice", "prompt": "Which shirt color do you want?", "options": ["Black", "White"], "required": true}, {"id": "q2", "type": "text", "prompt": "Tell us your vibe", "required": false}]}
c5c5658d-d498-464f-94ed-d87fbf27cae1	smoke-drop-mlvghdu8-4aq1ry	Smoke Drop	\N	\N	archived	\N	\N	176d489c-c3d5-40db-9f79-e769e3526998	\N	9f2e9e97-b9f2-42ec-89f4-b654f4789aef	2026-02-20 23:22:55.570987+01	2026-02-20 23:22:55.666306+01	{"title": "Smoke Drop Quiz", "version": 1, "questions": [{"id": "q1", "type": "single_choice", "prompt": "Which shirt color do you want?", "options": ["Black", "White"], "required": true}, {"id": "q2", "type": "text", "prompt": "Tell us your vibe", "required": false}]}
7604ba14-af30-4d0d-8afb-3d082efd79de	ui-smoke-drop-1771656541742	UI Smoke Drop 1771656541742	\N	\N	published	\N	\N	741e0c31-7d54-46c0-b194-a8fe1b3459de	\N	9f2e9e97-b9f2-42ec-89f4-b654f4789aef	2026-02-21 07:49:03.822912+01	2026-02-21 07:49:05.536302+01	{"title": "Smoke Drop Quiz", "version": 1, "questions": [{"id": "q1", "type": "single_choice", "prompt": "Which shirt color do you want?", "options": ["Black", "White"], "required": true}, {"id": "q2", "type": "text", "prompt": "Tell us your vibe", "required": false}]}
6e36f773-329f-474b-bef3-97c971c5c7d6	ui-smoke-drop-1771626219165	UI Smoke Drop 1771626219165	\N	\N	published	\N	\N	be21a724-ba89-4f22-a229-eb4dcfb3cc2b	\N	9f2e9e97-b9f2-42ec-89f4-b654f4789aef	2026-02-20 23:23:42.039028+01	2026-02-20 23:23:44.016689+01	{"title": "Smoke Drop Quiz", "version": 1, "questions": [{"id": "q1", "type": "single_choice", "prompt": "Which shirt color do you want?", "options": ["Black", "White"], "required": true}, {"id": "q2", "type": "text", "prompt": "Tell us your vibe", "required": false}]}
8220d3f5-a6d7-48fc-a6c5-7ed268b44f60	foreign-drop-mlvxyf1s-vw28ip	Foreign Artist Drop	\N	\N	draft	\N	\N	63ccf5d4-226b-422f-a4cf-8abc851b200f	\N	9f2e9e97-b9f2-42ec-89f4-b654f4789aef	2026-02-21 07:32:03.767703+01	2026-02-21 07:32:03.767703+01	{"title": "Smoke Drop Quiz", "version": 1, "questions": [{"id": "q1", "type": "single_choice", "prompt": "Which shirt color do you want?", "options": ["Black", "White"], "required": true}, {"id": "q2", "type": "text", "prompt": "Tell us your vibe", "required": false}]}
84a79836-5d85-4854-88f1-f3b83e818b6c	foreign-drop-mlvze4cp-q4f8nb	Foreign Artist Drop	\N	\N	draft	\N	\N	3de3b398-42a1-4084-a17d-9b64f6dd50a0	\N	9f2e9e97-b9f2-42ec-89f4-b654f4789aef	2026-02-21 08:12:16.018519+01	2026-02-21 08:12:16.018519+01	{"title": "Smoke Drop Quiz", "version": 1, "questions": [{"id": "q1", "type": "single_choice", "prompt": "Which shirt color do you want?", "options": ["Black", "White"], "required": true}, {"id": "q2", "type": "text", "prompt": "Tell us your vibe", "required": false}]}
873c53fd-7dc1-4947-b47f-d91561eac334	smoke-drop-mlvxyf0p-py03d8	Smoke Drop	\N	\N	archived	\N	\N	176d489c-c3d5-40db-9f79-e769e3526998	\N	9f2e9e97-b9f2-42ec-89f4-b654f4789aef	2026-02-21 07:32:03.725786+01	2026-02-21 07:32:03.819415+01	{"title": "Smoke Drop Quiz", "version": 1, "questions": [{"id": "q1", "type": "single_choice", "prompt": "Which shirt color do you want?", "options": ["Black", "White"], "required": true}, {"id": "q2", "type": "text", "prompt": "Tell us your vibe", "required": false}]}
00d2f25b-ba11-49d6-ae6f-7a3ffde623fb	smoke-drop-mlw210p8-c1je1a	Smoke Drop	\N	\N	archived	\N	\N	176d489c-c3d5-40db-9f79-e769e3526998	\N	9f2e9e97-b9f2-42ec-89f4-b654f4789aef	2026-02-21 09:26:03.600362+01	2026-02-21 09:26:03.714129+01	{"title": "Smoke Drop Quiz", "version": 1, "questions": [{"id": "q1", "type": "single_choice", "prompt": "Which shirt color do you want?", "options": ["Black", "White"], "required": true}, {"id": "q2", "type": "text", "prompt": "Tell us your vibe", "required": false}]}
0da06fab-2024-473f-af9e-0f7b9b567f04	smoke-drop-mlvze4bq-drob49	Smoke Drop	\N	\N	archived	\N	\N	176d489c-c3d5-40db-9f79-e769e3526998	\N	9f2e9e97-b9f2-42ec-89f4-b654f4789aef	2026-02-21 08:12:15.979145+01	2026-02-21 08:12:16.065633+01	{"title": "Smoke Drop Quiz", "version": 1, "questions": [{"id": "q1", "type": "single_choice", "prompt": "Which shirt color do you want?", "options": ["Black", "White"], "required": true}, {"id": "q2", "type": "text", "prompt": "Tell us your vibe", "required": false}]}
df1d1659-364f-4336-880d-7896dd0674e2	ui-smoke-drop-1771655558568	UI Smoke Drop 1771655558568	\N	\N	published	\N	\N	63ccf5d4-226b-422f-a4cf-8abc851b200f	\N	9f2e9e97-b9f2-42ec-89f4-b654f4789aef	2026-02-21 07:32:40.573287+01	2026-02-21 07:32:42.290234+01	{"title": "Smoke Drop Quiz", "version": 1, "questions": [{"id": "q1", "type": "single_choice", "prompt": "Which shirt color do you want?", "options": ["Black", "White"], "required": true}, {"id": "q2", "type": "text", "prompt": "Tell us your vibe", "required": false}]}
8460abdb-ea27-46bd-ac6d-1c91c949459f	foreign-drop-mlvy6hnz-rgefn1	Foreign Artist Drop	\N	\N	draft	\N	\N	84f5f748-caa1-4709-881a-84edac33ec59	\N	9f2e9e97-b9f2-42ec-89f4-b654f4789aef	2026-02-21 07:38:20.406307+01	2026-02-21 07:38:20.406307+01	{"title": "Smoke Drop Quiz", "version": 1, "questions": [{"id": "q1", "type": "single_choice", "prompt": "Which shirt color do you want?", "options": ["Black", "White"], "required": true}, {"id": "q2", "type": "text", "prompt": "Tell us your vibe", "required": false}]}
2924b7c5-ddd2-4b9d-86a5-c15b4b7213e9	foreign-drop-mlw2483m-o7j06c	Foreign Artist Drop	\N	\N	draft	\N	\N	1c2760cc-5b76-4947-b121-a622dc82d9df	\N	9f2e9e97-b9f2-42ec-89f4-b654f4789aef	2026-02-21 09:28:33.160897+01	2026-02-21 09:28:33.160897+01	{"title": "Smoke Drop Quiz", "version": 1, "questions": [{"id": "q1", "type": "single_choice", "prompt": "Which shirt color do you want?", "options": ["Black", "White"], "required": true}, {"id": "q2", "type": "text", "prompt": "Tell us your vibe", "required": false}]}
02667ac1-cc5e-4736-bba0-a5ca65974355	foreign-drop-mlw34gri-cdbgo7	Foreign Artist Drop	\N	\N	draft	\N	\N	653bbc8b-3bb5-4122-8de4-57d8e9962dfe	\N	9f2e9e97-b9f2-42ec-89f4-b654f4789aef	2026-02-21 09:56:44.006679+01	2026-02-21 09:56:44.006679+01	{"title": "Smoke Drop Quiz", "version": 1, "questions": [{"id": "q1", "type": "single_choice", "prompt": "Which shirt color do you want?", "options": ["Black", "White"], "required": true}, {"id": "q2", "type": "text", "prompt": "Tell us your vibe", "required": false}]}
d109ef2d-d9cd-4352-af42-b22ed3dd2bdc	smoke-drop-mlvy6hn4-3kc4v4	Smoke Drop	\N	\N	archived	\N	\N	176d489c-c3d5-40db-9f79-e769e3526998	\N	9f2e9e97-b9f2-42ec-89f4-b654f4789aef	2026-02-21 07:38:20.371303+01	2026-02-21 07:38:20.454636+01	{"title": "Smoke Drop Quiz", "version": 1, "questions": [{"id": "q1", "type": "single_choice", "prompt": "Which shirt color do you want?", "options": ["Black", "White"], "required": true}, {"id": "q2", "type": "text", "prompt": "Tell us your vibe", "required": false}]}
ddc5fe24-a189-4f03-8ac8-e530e6c76096	ui-smoke-drop-1771657956083	UI Smoke Drop 1771657956083	\N	\N	published	\N	\N	3de3b398-42a1-4084-a17d-9b64f6dd50a0	\N	9f2e9e97-b9f2-42ec-89f4-b654f4789aef	2026-02-21 08:12:38.635385+01	2026-02-21 08:12:40.886653+01	{"title": "Smoke Drop Quiz", "version": 1, "questions": [{"id": "q1", "type": "single_choice", "prompt": "Which shirt color do you want?", "options": ["Black", "White"], "required": true}, {"id": "q2", "type": "text", "prompt": "Tell us your vibe", "required": false}]}
861d5a51-644d-415b-b314-e3d49c9cc141	smoke-drop-mlw2482q-m24jcx	Smoke Drop	\N	\N	archived	\N	\N	176d489c-c3d5-40db-9f79-e769e3526998	\N	9f2e9e97-b9f2-42ec-89f4-b654f4789aef	2026-02-21 09:28:33.125908+01	2026-02-21 09:28:33.207187+01	{"title": "Smoke Drop Quiz", "version": 1, "questions": [{"id": "q1", "type": "single_choice", "prompt": "Which shirt color do you want?", "options": ["Black", "White"], "required": true}, {"id": "q2", "type": "text", "prompt": "Tell us your vibe", "required": false}]}
0d51b13d-9635-4fc2-8963-8175bc1ea4a0	ui-smoke-drop-1771655936548	UI Smoke Drop 1771655936548	\N	\N	published	\N	\N	84f5f748-caa1-4709-881a-84edac33ec59	\N	9f2e9e97-b9f2-42ec-89f4-b654f4789aef	2026-02-21 07:38:58.956794+01	2026-02-21 07:39:00.816297+01	{"title": "Smoke Drop Quiz", "version": 1, "questions": [{"id": "q1", "type": "single_choice", "prompt": "Which shirt color do you want?", "options": ["Black", "White"], "required": true}, {"id": "q2", "type": "text", "prompt": "Tell us your vibe", "required": false}]}
68050dbe-e733-4fb4-b038-bf9ca79ca035	foreign-drop-mlvy921u-ioklvg	Foreign Artist Drop	\N	\N	draft	\N	\N	c30b2edf-14a9-46bb-bd5d-4f6d914f76dc	\N	9f2e9e97-b9f2-42ec-89f4-b654f4789aef	2026-02-21 07:40:20.1378+01	2026-02-21 07:40:20.1378+01	{"title": "Smoke Drop Quiz", "version": 1, "questions": [{"id": "q1", "type": "single_choice", "prompt": "Which shirt color do you want?", "options": ["Black", "White"], "required": true}, {"id": "q2", "type": "text", "prompt": "Tell us your vibe", "required": false}]}
65ea0a95-6577-4813-a45e-619fd283783e	lorma	lorma	\N	\N	published	\N	\N	8e28dfca-24ad-4ab7-9aa2-a685260df2e3	\N	9f2e9e97-b9f2-42ec-89f4-b654f4789aef	2026-02-21 08:24:01.864153+01	2026-02-21 08:25:17.772976+01	{"title": "Smoke Drop Quiz", "version": 1, "questions": [{"id": "q1", "type": "single_choice", "prompt": "Which shirt color do you want?", "options": ["Black", "White"], "required": true}, {"id": "q2", "type": "text", "prompt": "Tell us your vibe", "required": false}]}
675f916b-1367-4064-854c-f1dbdc24e9c0	smoke-drop-mlvy920z-6tn807	Smoke Drop	\N	\N	archived	\N	\N	176d489c-c3d5-40db-9f79-e769e3526998	\N	9f2e9e97-b9f2-42ec-89f4-b654f4789aef	2026-02-21 07:40:20.103447+01	2026-02-21 07:40:20.185277+01	{"title": "Smoke Drop Quiz", "version": 1, "questions": [{"id": "q1", "type": "single_choice", "prompt": "Which shirt color do you want?", "options": ["Black", "White"], "required": true}, {"id": "q2", "type": "text", "prompt": "Tell us your vibe", "required": false}]}
3ac4430d-bfe8-4358-b136-5a0fea94ae89	foreign-drop-mlw008yh-sviq92	Foreign Artist Drop	\N	\N	draft	\N	\N	36f230b5-a308-43df-9936-f29b697ad15d	\N	9f2e9e97-b9f2-42ec-89f4-b654f4789aef	2026-02-21 08:29:28.416251+01	2026-02-21 08:29:28.416251+01	{"title": "Smoke Drop Quiz", "version": 1, "questions": [{"id": "q1", "type": "single_choice", "prompt": "Which shirt color do you want?", "options": ["Black", "White"], "required": true}, {"id": "q2", "type": "text", "prompt": "Tell us your vibe", "required": false}]}
1c65091e-90c5-4703-adbe-0a699cf3f19e	foreign-drop-mlw284wb-5qgsvz	Foreign Artist Drop	\N	\N	draft	\N	\N	5b8102b4-861e-4734-80ac-8979457f9fef	\N	9f2e9e97-b9f2-42ec-89f4-b654f4789aef	2026-02-21 09:31:35.634862+01	2026-02-21 09:31:35.634862+01	{"title": "Smoke Drop Quiz", "version": 1, "questions": [{"id": "q1", "type": "single_choice", "prompt": "Which shirt color do you want?", "options": ["Black", "White"], "required": true}, {"id": "q2", "type": "text", "prompt": "Tell us your vibe", "required": false}]}
6a08cc59-99cc-4296-b7cc-da363deb2fd7	ui-smoke-drop-1771656053827	UI Smoke Drop 1771656053827	\N	\N	published	\N	\N	c30b2edf-14a9-46bb-bd5d-4f6d914f76dc	\N	9f2e9e97-b9f2-42ec-89f4-b654f4789aef	2026-02-21 07:40:55.906037+01	2026-02-21 07:40:57.717613+01	{"title": "Smoke Drop Quiz", "version": 1, "questions": [{"id": "q1", "type": "single_choice", "prompt": "Which shirt color do you want?", "options": ["Black", "White"], "required": true}, {"id": "q2", "type": "text", "prompt": "Tell us your vibe", "required": false}]}
a67453cb-68a8-40e0-9a6e-4f8fdcb741af	foreign-drop-mlvyjhwg-gwhs5q	Foreign Artist Drop	\N	\N	draft	\N	\N	741e0c31-7d54-46c0-b194-a8fe1b3459de	\N	9f2e9e97-b9f2-42ec-89f4-b654f4789aef	2026-02-21 07:48:27.240447+01	2026-02-21 07:48:27.240447+01	{"title": "Smoke Drop Quiz", "version": 1, "questions": [{"id": "q1", "type": "single_choice", "prompt": "Which shirt color do you want?", "options": ["Black", "White"], "required": true}, {"id": "q2", "type": "text", "prompt": "Tell us your vibe", "required": false}]}
4efd52b9-db1f-4f59-af7c-615f5176156f	smoke-drop-mlw008xd-jfhes4	Smoke Drop	\N	\N	archived	\N	\N	176d489c-c3d5-40db-9f79-e769e3526998	\N	9f2e9e97-b9f2-42ec-89f4-b654f4789aef	2026-02-21 08:29:28.373979+01	2026-02-21 08:29:28.463608+01	{"title": "Smoke Drop Quiz", "version": 1, "questions": [{"id": "q1", "type": "single_choice", "prompt": "Which shirt color do you want?", "options": ["Black", "White"], "required": true}, {"id": "q2", "type": "text", "prompt": "Tell us your vibe", "required": false}]}
30c4df38-bf58-448b-b695-030321afddc2	smoke-drop-mlvyjhvk-anhwbl	Smoke Drop	\N	\N	archived	\N	\N	176d489c-c3d5-40db-9f79-e769e3526998	\N	9f2e9e97-b9f2-42ec-89f4-b654f4789aef	2026-02-21 07:48:27.203501+01	2026-02-21 07:48:27.285339+01	{"title": "Smoke Drop Quiz", "version": 1, "questions": [{"id": "q1", "type": "single_choice", "prompt": "Which shirt color do you want?", "options": ["Black", "White"], "required": true}, {"id": "q2", "type": "text", "prompt": "Tell us your vibe", "required": false}]}
0508c23d-9641-45de-92c5-08abe70ebd03	smoke-drop-mlw34gqk-kathjm	Smoke Drop	\N	\N	archived	\N	\N	176d489c-c3d5-40db-9f79-e769e3526998	\N	9f2e9e97-b9f2-42ec-89f4-b654f4789aef	2026-02-21 09:56:43.9689+01	2026-02-21 09:56:44.062034+01	{"title": "Smoke Drop Quiz", "version": 1, "questions": [{"id": "q1", "type": "single_choice", "prompt": "Which shirt color do you want?", "options": ["Black", "White"], "required": true}, {"id": "q2", "type": "text", "prompt": "Tell us your vibe", "required": false}]}
3e55cdb2-3ac5-44bf-b748-584435d6fe51	smoke-drop-mlw284vc-admb7o	Smoke Drop	\N	\N	archived	\N	\N	176d489c-c3d5-40db-9f79-e769e3526998	\N	9f2e9e97-b9f2-42ec-89f4-b654f4789aef	2026-02-21 09:31:35.596311+01	2026-02-21 09:31:35.680341+01	{"title": "Smoke Drop Quiz", "version": 1, "questions": [{"id": "q1", "type": "single_choice", "prompt": "Which shirt color do you want?", "options": ["Black", "White"], "required": true}, {"id": "q2", "type": "text", "prompt": "Tell us your vibe", "required": false}]}
d1655970-9ce4-495d-a072-47ada70d0d35	smoke-drop-mlw62x0m-wkmhxf	Smoke Drop	\N	\N	archived	\N	\N	176d489c-c3d5-40db-9f79-e769e3526998	\N	9f2e9e97-b9f2-42ec-89f4-b654f4789aef	2026-02-21 11:19:30.602978+01	2026-02-21 11:19:30.688969+01	{"title": "Smoke Drop Quiz", "version": 1, "questions": [{"id": "q1", "type": "single_choice", "prompt": "Which shirt color do you want?", "options": ["Black", "White"], "required": true}, {"id": "q2", "type": "text", "prompt": "Tell us your vibe", "required": false}]}
5063516a-7fb5-4903-bea1-389871e81fc6	ui-smoke-drop-1771658987965	UI Smoke Drop 1771658987965	\N	\N	published	\N	\N	36f230b5-a308-43df-9936-f29b697ad15d	\N	9f2e9e97-b9f2-42ec-89f4-b654f4789aef	2026-02-21 08:29:50.437755+01	2026-02-21 08:29:52.86532+01	{"title": "Smoke Drop Quiz", "version": 1, "questions": [{"id": "q1", "type": "single_choice", "prompt": "Which shirt color do you want?", "options": ["Black", "White"], "required": true}, {"id": "q2", "type": "text", "prompt": "Tell us your vibe", "required": false}]}
88afc5dc-bd53-42ba-8409-595ffd0dc479	foreign-drop-mlw1irr4-r8i7uw	Foreign Artist Drop	\N	\N	draft	\N	\N	4bd419cd-a50a-4716-b5c4-90bc064bf323	\N	9f2e9e97-b9f2-42ec-89f4-b654f4789aef	2026-02-21 09:11:52.2018+01	2026-02-21 09:11:52.2018+01	{"title": "Smoke Drop Quiz", "version": 1, "questions": [{"id": "q1", "type": "single_choice", "prompt": "Which shirt color do you want?", "options": ["Black", "White"], "required": true}, {"id": "q2", "type": "text", "prompt": "Tell us your vibe", "required": false}]}
31dc7b2e-f41c-47af-9aba-e6759ccf5b65	ui-smoke-drop-1771669189304	UI Smoke Drop 1771669189304	\N	\N	published	\N	\N	a8613635-f525-4973-911a-1cae0a91836a	\N	9f2e9e97-b9f2-42ec-89f4-b654f4789aef	2026-02-21 11:19:51.78716+01	2026-02-21 11:19:53.710991+01	{"title": "Smoke Drop Quiz", "version": 1, "questions": [{"id": "q1", "type": "single_choice", "prompt": "Which shirt color do you want?", "options": ["Black", "White"], "required": true}, {"id": "q2", "type": "text", "prompt": "Tell us your vibe", "required": false}]}
dc89772d-42a3-4c3e-a08f-1a5791b58893	smoke-drop-mlw1irpz-3biq1j	Smoke Drop	\N	\N	archived	\N	\N	176d489c-c3d5-40db-9f79-e769e3526998	\N	9f2e9e97-b9f2-42ec-89f4-b654f4789aef	2026-02-21 09:11:52.156027+01	2026-02-21 09:11:52.253909+01	{"title": "Smoke Drop Quiz", "version": 1, "questions": [{"id": "q1", "type": "single_choice", "prompt": "Which shirt color do you want?", "options": ["Black", "White"], "required": true}, {"id": "q2", "type": "text", "prompt": "Tell us your vibe", "required": false}]}
36e3d9bd-5969-4114-880f-a0bedc62cc0f	foreign-drop-mlw210qm-7ukcvs	Foreign Artist Drop	\N	\N	draft	\N	\N	de325c79-26fe-4efb-87f7-da823951da92	\N	9f2e9e97-b9f2-42ec-89f4-b654f4789aef	2026-02-21 09:26:03.655947+01	2026-02-21 09:26:03.655947+01	{"title": "Smoke Drop Quiz", "version": 1, "questions": [{"id": "q1", "type": "single_choice", "prompt": "Which shirt color do you want?", "options": ["Black", "White"], "required": true}, {"id": "q2", "type": "text", "prompt": "Tell us your vibe", "required": false}]}
4ddd172a-cdcf-499b-aa60-57d49eb6651d	ui-smoke-drop-1771662717396	UI Smoke Drop 1771662717396	\N	\N	published	\N	\N	5b8102b4-861e-4734-80ac-8979457f9fef	\N	9f2e9e97-b9f2-42ec-89f4-b654f4789aef	2026-02-21 09:32:00.062523+01	2026-02-21 09:32:02.272981+01	{"title": "Smoke Drop Quiz", "version": 1, "questions": [{"id": "q1", "type": "single_choice", "prompt": "Which shirt color do you want?", "options": ["Black", "White"], "required": true}, {"id": "q2", "type": "text", "prompt": "Tell us your vibe", "required": false}]}
dde7c1b9-9006-4546-a9f2-1f39d0c91957	ui-smoke-drop-1771665442963	UI Smoke Drop 1771665442963	\N	\N	published	\N	\N	56ceecc6-074e-48c8-81ad-60323faf5e22	\N	9f2e9e97-b9f2-42ec-89f4-b654f4789aef	2026-02-21 10:17:25.82332+01	2026-02-21 10:17:27.682612+01	{"title": "Smoke Drop Quiz", "version": 1, "questions": [{"id": "q1", "type": "single_choice", "prompt": "Which shirt color do you want?", "options": ["Black", "White"], "required": true}, {"id": "q2", "type": "text", "prompt": "Tell us your vibe", "required": false}]}
9b0f18d3-6c7f-4071-9e48-743920b234af	ui-smoke-drop-1771664222952	UI Smoke Drop 1771664222952	\N	\N	published	\N	\N	653bbc8b-3bb5-4122-8de4-57d8e9962dfe	\N	9f2e9e97-b9f2-42ec-89f4-b654f4789aef	2026-02-21 09:57:05.307763+01	2026-02-21 09:57:07.368253+01	{"title": "Smoke Drop Quiz", "version": 1, "questions": [{"id": "q1", "type": "single_choice", "prompt": "Which shirt color do you want?", "options": ["Black", "White"], "required": true}, {"id": "q2", "type": "text", "prompt": "Tell us your vibe", "required": false}]}
31e4edbc-9a20-458f-9e25-96b412fd40f8	foreign-drop-mlw3ufpg-qlgv0u	Foreign Artist Drop	\N	\N	draft	\N	\N	56ceecc6-074e-48c8-81ad-60323faf5e22	\N	9f2e9e97-b9f2-42ec-89f4-b654f4789aef	2026-02-21 10:16:55.690947+01	2026-02-21 10:16:55.690947+01	{"title": "Smoke Drop Quiz", "version": 1, "questions": [{"id": "q1", "type": "single_choice", "prompt": "Which shirt color do you want?", "options": ["Black", "White"], "required": true}, {"id": "q2", "type": "text", "prompt": "Tell us your vibe", "required": false}]}
2d735431-2e56-4355-ac2c-69bafbe23983	foreign-drop-mlw5qssb-gv0vkh	Foreign Artist Drop	\N	\N	draft	\N	\N	5b03c06c-53c7-472a-b178-35d6feba8d8a	\N	9f2e9e97-b9f2-42ec-89f4-b654f4789aef	2026-02-21 11:10:05.250943+01	2026-02-21 11:10:05.250943+01	{"title": "Smoke Drop Quiz", "version": 1, "questions": [{"id": "q1", "type": "single_choice", "prompt": "Which shirt color do you want?", "options": ["Black", "White"], "required": true}, {"id": "q2", "type": "text", "prompt": "Tell us your vibe", "required": false}]}
50a3a169-0f7b-4713-820c-325aacdc60ff	ui-smoke-drop-1771668632880	UI Smoke Drop 1771668632880	\N	\N	published	\N	\N	5b03c06c-53c7-472a-b178-35d6feba8d8a	\N	9f2e9e97-b9f2-42ec-89f4-b654f4789aef	2026-02-21 11:10:35.887722+01	2026-02-21 11:10:37.707479+01	{"title": "Smoke Drop Quiz", "version": 1, "questions": [{"id": "q1", "type": "single_choice", "prompt": "Which shirt color do you want?", "options": ["Black", "White"], "required": true}, {"id": "q2", "type": "text", "prompt": "Tell us your vibe", "required": false}]}
3faaa478-e88e-472f-a85f-372cee9b3a9e	smoke-drop-mlw3ufok-9mrc0s	Smoke Drop	\N	\N	archived	\N	\N	176d489c-c3d5-40db-9f79-e769e3526998	\N	9f2e9e97-b9f2-42ec-89f4-b654f4789aef	2026-02-21 10:16:55.655317+01	2026-02-21 10:16:55.736945+01	{"title": "Smoke Drop Quiz", "version": 1, "questions": [{"id": "q1", "type": "single_choice", "prompt": "Which shirt color do you want?", "options": ["Black", "White"], "required": true}, {"id": "q2", "type": "text", "prompt": "Tell us your vibe", "required": false}]}
1c548bb3-80ce-4439-88d7-0e00289ee5b9	smoke-drop-mlw5qsr6-rup7um	Smoke Drop	\N	\N	archived	\N	\N	176d489c-c3d5-40db-9f79-e769e3526998	\N	9f2e9e97-b9f2-42ec-89f4-b654f4789aef	2026-02-21 11:10:05.208242+01	2026-02-21 11:10:05.302515+01	{"title": "Smoke Drop Quiz", "version": 1, "questions": [{"id": "q1", "type": "single_choice", "prompt": "Which shirt color do you want?", "options": ["Black", "White"], "required": true}, {"id": "q2", "type": "text", "prompt": "Tell us your vibe", "required": false}]}
46214bbe-6bb5-4bf2-bbae-b15973fd91a6	foreign-drop-mlw62x1m-dxthcm	Foreign Artist Drop	\N	\N	draft	\N	\N	a8613635-f525-4973-911a-1cae0a91836a	\N	9f2e9e97-b9f2-42ec-89f4-b654f4789aef	2026-02-21 11:19:30.641298+01	2026-02-21 11:19:30.641298+01	{"title": "Smoke Drop Quiz", "version": 1, "questions": [{"id": "q1", "type": "single_choice", "prompt": "Which shirt color do you want?", "options": ["Black", "White"], "required": true}, {"id": "q2", "type": "text", "prompt": "Tell us your vibe", "required": false}]}
\.


--
-- Data for Name: entity_media_links; Type: TABLE DATA; Schema: public; Owner: postgres
--

COPY public.entity_media_links (id, media_asset_id, entity_type, entity_id, role, sort_order, created_at) FROM stdin;
b26c8b4e-e08a-4ef9-9c7f-dd7c2bd90394	f29e764b-e3c8-4307-a66a-e5ce7c58347f	artist_access_request	2b4fde12-aec6-4c1b-ba60-f4c0c1871bcb	profile_photo	0	2026-02-21 09:37:25.557748+01
86fea966-b733-4cd6-9d1d-687c6f3e9a23	18ed80ab-5eec-4419-9de9-c53dfb7748a9	artist_access_request	3d33de84-1679-412e-be39-0fd8602ed319	profile_photo	0	2026-02-21 11:09:03.591674+01
71513104-6ba1-4b8b-bd75-719f13ffc96e	18ed80ab-5eec-4419-9de9-c53dfb7748a9	artist	e1e388f6-bca2-46b1-8146-e21bb3e0fc87	profile_photo	0	2026-02-21 11:09:44.203955+01
21a92bee-009d-4d81-9080-7a7dfd37d872	012664b8-0e2c-4402-9349-c70a559c9702	artist_access_request	b79c41fe-2317-49d5-9580-fa094a42d2cc	profile_photo	0	2026-02-21 12:03:55.821789+01
808b147b-428e-4f17-8201-51b6d2da69d0	012664b8-0e2c-4402-9349-c70a559c9702	artist	1843a0e8-51cc-4b92-9b88-4d4edd436788	profile_photo	0	2026-02-21 12:05:26.396727+01
\.


--
-- Data for Name: knex_migrations; Type: TABLE DATA; Schema: public; Owner: postgres
--

COPY public.knex_migrations (id, name, batch, migration_time) FROM stdin;
1	001_create_users_and_maps.js	1	2026-02-19 20:47:51.034+01
2	002_create_artists_and_labels.js	1	2026-02-19 20:47:51.044+01
3	003_create_products_and_variants.js	1	2026-02-19 20:47:51.054+01
4	004_create_drops_and_drop_products.js	1	2026-02-19 20:47:51.068+01
5	005_create_orders_and_order_items.js	1	2026-02-19 20:47:51.075+01
6	006_create_order_events.js	1	2026-02-19 20:47:51.08+01
7	007_create_payments_and_attempts.js	1	2026-02-19 20:47:51.094+01
8	008_create_payment_events.js	1	2026-02-19 20:47:51.098+01
9	009_extend_payments_and_events.js	1	2026-02-19 20:47:51.1+01
10	010_create_leads_table.js	1	2026-02-19 20:47:51.102+01
11	011_create_artist_access_requests.js	1	2026-02-19 20:47:51.109+01
12	012_create_label_users_map.js	1	2026-02-19 20:47:51.121+01
13	013_products_uuid_defaults.js	1	2026-02-19 20:47:51.122+01
14	014_product_variants_stock_default.js	1	2026-02-19 20:47:51.123+01
15	015_add_artist_featured_flag.js	1	2026-02-19 20:47:51.127+01
16	016_add_drops_quiz_json.js	1	2026-02-19 20:47:51.132+01
17	017_add_drops_quiz_json_column.js	1	2026-02-19 20:47:51.133+01
18	018_add_leads_pipeline_fields.js	1	2026-02-19 20:47:51.139+01
19	019_create_media_assets_and_entity_media_links.js	1	2026-02-19 20:47:51.155+01
20	020_add_artist_access_requests_requestor_user_id.js	1	2026-02-19 20:47:51.16+01
21	20260217121020_create_db_table.js	1	2026-02-19 20:47:51.16+01
22	021_expand_artist_access_requests_fields.js	2	2026-02-20 16:11:42.95+01
23	022_expand_order_events_types.js	3	2026-02-20 20:56:45.2+01
24	023_align_artist_access_requests_onboarding.js	4	2026-02-21 09:11:49.441+01
25	024_allow_artist_access_request_media_links.js	5	2026-02-21 09:26:00.865+01
\.


--
-- Data for Name: knex_migrations_lock; Type: TABLE DATA; Schema: public; Owner: postgres
--

COPY public.knex_migrations_lock (index, is_locked) FROM stdin;
1	0
\.


--
-- Data for Name: label_artist_map; Type: TABLE DATA; Schema: public; Owner: postgres
--

COPY public.label_artist_map (id, label_id, artist_id) FROM stdin;
5f920f74-b205-436d-b6ac-c1abee3e3bbe	94757686-8142-4645-a57c-f81414ce1659	176d489c-c3d5-40db-9f79-e769e3526998
\.


--
-- Data for Name: label_users_map; Type: TABLE DATA; Schema: public; Owner: postgres
--

COPY public.label_users_map (id, user_id, label_id, created_at) FROM stdin;
eb279765-0a1e-4a0a-9d2a-48066c089b5a	f151a1bf-caa2-4df0-b76a-ddaac48c6aa9	94757686-8142-4645-a57c-f81414ce1659	2026-02-20 18:12:46.983691+01
\.


--
-- Data for Name: labels; Type: TABLE DATA; Schema: public; Owner: postgres
--

COPY public.labels (id, handle, name, created_at) FROM stdin;
94757686-8142-4645-a57c-f81414ce1659	test-label	Test Label	2026-02-20 17:09:31.997358+01
\.


--
-- Data for Name: leads; Type: TABLE DATA; Schema: public; Owner: postgres
--

COPY public.leads (id, source, drop_handle, artist_handle, name, phone, email, answers_json, created_at, status, admin_note, updated_at) FROM stdin;
9e94f586-efaf-446d-8d3d-b8fdc30378cf	drop_quiz	smoke-drop-mlv981p3-uvw2om	taalpatar-shepai	Smoke Lead	\N	smoke.lead.1771619598649@test.com	{"score": 0, "dropId": "16576451-1c20-4fe8-bdff-f8a19d1f10fe", "answers": {}, "maxScore": 0, "attribution": {"drop_id": "16576451-1c20-4fe8-bdff-f8a19d1f10fe", "artist_id": "176d489c-c3d5-40db-9f79-e769e3526998", "drop_handle": "smoke-drop-mlv981p3-uvw2om", "artist_handle": "taalpatar-shepai"}}	2026-02-20 21:33:19.927667+01	new	\N	2026-02-20 21:33:19.927667+01
7da005b6-768d-4586-8519-b15aca0f3ad1	drop_quiz	ui-smoke-drop-1771622518235	foreign-artist-mlvea5yo-ypl29r	Smoke Lead	\N	smoke.lead.1771622563421@test.com	{"score": 0, "dropId": "89e5d3f4-a514-4f3f-a99d-52e452faba5b", "answers": {}, "maxScore": 0, "attribution": {"drop_id": "89e5d3f4-a514-4f3f-a99d-52e452faba5b", "artist_id": "248251d7-b42a-4301-8126-57bd2dd5389d", "drop_handle": "ui-smoke-drop-1771622518235", "artist_handle": "foreign-artist-mlvea5yo-ypl29r"}}	2026-02-20 22:22:44.895+01	new	\N	2026-02-20 22:22:44.895+01
31a35899-3b9b-4b91-b155-da0be5053e31	drop_quiz	ui-smoke-drop-1771624448220	foreign-artist-mlvffjk1-tb8ilm	Smoke Lead	\N	smoke.lead.1771624483311@example.invalid	{"score": 0, "dropId": "f4357607-f556-492f-9d19-124c0a5b7f42", "answers": {}, "maxScore": 0, "attribution": {"drop_id": "f4357607-f556-492f-9d19-124c0a5b7f42", "artist_id": "97bb2610-c8be-4b3a-9690-90ee16043769", "drop_handle": "ui-smoke-drop-1771624448220", "artist_handle": "foreign-artist-mlvffjk1-tb8ilm"}}	2026-02-20 22:54:44.812788+01	new	\N	2026-02-20 22:54:44.812788+01
14dbdd42-fefd-4d68-96e5-61b70122c973	drop_quiz	smoke-drop-mlv981p3-uvw2om	taalpatar-shepai	Smoke Lead	\N	smoke.lead.1771624933468@example.invalid	{"score": 0, "dropId": "16576451-1c20-4fe8-bdff-f8a19d1f10fe", "answers": {}, "maxScore": 0, "attribution": {"drop_id": "16576451-1c20-4fe8-bdff-f8a19d1f10fe", "artist_id": "176d489c-c3d5-40db-9f79-e769e3526998", "drop_handle": "smoke-drop-mlv981p3-uvw2om", "artist_handle": "taalpatar-shepai"}}	2026-02-20 23:02:14.889611+01	new	\N	2026-02-20 23:02:14.889611+01
9a11a673-d239-4b73-8670-b20e0ac0a65c	drop_quiz	smoke-drop-mlv981p3-uvw2om	taalpatar-shepai	Smoke Lead	\N	smoke.lead.1771625596373@example.invalid	{"score": 0, "dropId": "16576451-1c20-4fe8-bdff-f8a19d1f10fe", "answers": {}, "maxScore": 0, "attribution": {"drop_id": "16576451-1c20-4fe8-bdff-f8a19d1f10fe", "artist_id": "176d489c-c3d5-40db-9f79-e769e3526998", "drop_handle": "smoke-drop-mlv981p3-uvw2om", "artist_handle": "taalpatar-shepai"}}	2026-02-20 23:13:17.924946+01	new	\N	2026-02-20 23:13:17.924946+01
4c6ed94f-f9c3-4686-8a26-a02dfcb5f687	drop_quiz	smoke-drop-mlv981p3-uvw2om	taalpatar-shepai	Smoke Lead	\N	smoke.lead.1771626204795@example.invalid	{"score": 0, "dropId": "16576451-1c20-4fe8-bdff-f8a19d1f10fe", "answers": {}, "maxScore": 0, "attribution": {"drop_id": "16576451-1c20-4fe8-bdff-f8a19d1f10fe", "artist_id": "176d489c-c3d5-40db-9f79-e769e3526998", "drop_handle": "smoke-drop-mlv981p3-uvw2om", "artist_handle": "taalpatar-shepai"}}	2026-02-20 23:23:26.335699+01	new	\N	2026-02-20 23:23:26.335699+01
ab7bcdb9-8e56-4fa4-9676-87f1a6e7e419	drop_quiz	smoke-drop-mlv981p3-uvw2om	taalpatar-shepai	Smoke Lead	\N	smoke.lead.1771655922172@example.invalid	{"score": 0, "dropId": "16576451-1c20-4fe8-bdff-f8a19d1f10fe", "answers": {}, "maxScore": 0, "attribution": {"drop_id": "16576451-1c20-4fe8-bdff-f8a19d1f10fe", "artist_id": "176d489c-c3d5-40db-9f79-e769e3526998", "drop_handle": "smoke-drop-mlv981p3-uvw2om", "artist_handle": "taalpatar-shepai"}}	2026-02-21 07:38:43.573216+01	new	\N	2026-02-21 07:38:43.573216+01
dc0f5f90-9c54-449c-9a82-70c05fc17bba	drop_quiz	smoke-drop-mlv981p3-uvw2om	taalpatar-shepai	Smoke Lead	\N	smoke.lead.1771658991739@example.invalid	{"score": 0, "dropId": "16576451-1c20-4fe8-bdff-f8a19d1f10fe", "answers": {}, "maxScore": 0, "attribution": {"drop_id": "16576451-1c20-4fe8-bdff-f8a19d1f10fe", "artist_id": "176d489c-c3d5-40db-9f79-e769e3526998", "drop_handle": "smoke-drop-mlv981p3-uvw2om", "artist_handle": "taalpatar-shepai"}}	2026-02-21 08:29:53.187146+01	new	\N	2026-02-21 08:29:53.187146+01
9fcbb9a1-39ad-4207-8dd2-d27fb5d1e157	drop_quiz	ui-smoke-drop-1771662717396	foreign-artist-mlw284wb-5qgsvz	Smoke Lead	\N	smoke.lead.1771662780381@example.invalid	{"score": 0, "dropId": "4ddd172a-cdcf-499b-aa60-57d49eb6651d", "answers": {}, "maxScore": 0, "attribution": {"drop_id": "4ddd172a-cdcf-499b-aa60-57d49eb6651d", "artist_id": "5b8102b4-861e-4734-80ac-8979457f9fef", "drop_handle": "ui-smoke-drop-1771662717396", "artist_handle": "foreign-artist-mlw284wb-5qgsvz"}}	2026-02-21 09:33:01.613056+01	new	\N	2026-02-21 09:33:01.613056+01
ae2df390-0887-440b-8884-e68e91a3b2a5	drop_quiz	ui-smoke-drop-1771665442963	foreign-artist-mlw3ufpg-qlgv0u	Smoke Lead	\N	smoke.lead.1771665508277@example.invalid	{"score": 0, "dropId": "dde7c1b9-9006-4546-a9f2-1f39d0c91957", "answers": {}, "maxScore": 0, "attribution": {"drop_id": "dde7c1b9-9006-4546-a9f2-1f39d0c91957", "artist_id": "56ceecc6-074e-48c8-81ad-60323faf5e22", "drop_handle": "ui-smoke-drop-1771665442963", "artist_handle": "foreign-artist-mlw3ufpg-qlgv0u"}}	2026-02-21 10:18:29.459057+01	new	\N	2026-02-21 10:18:29.459057+01
2d7190f4-839f-4bdf-a974-633e3b80395d	drop_quiz	smoke-drop-mlv981p3-uvw2om	taalpatar-shepai	Smoke Lead	\N	smoke.lead.1771670155167@example.invalid	{"score": 0, "dropId": "16576451-1c20-4fe8-bdff-f8a19d1f10fe", "answers": {"q1": "Black", "q2": "Smoke answer"}, "maxScore": 0, "attribution": {"drop_id": "16576451-1c20-4fe8-bdff-f8a19d1f10fe", "artist_id": "176d489c-c3d5-40db-9f79-e769e3526998", "drop_handle": "smoke-drop-mlv981p3-uvw2om", "artist_handle": "taalpatar-shepai"}}	2026-02-21 11:35:57.043099+01	new	\N	2026-02-21 11:35:57.043099+01
\.


--
-- Data for Name: media_assets; Type: TABLE DATA; Schema: public; Owner: postgres
--

COPY public.media_assets (id, public_url, created_at) FROM stdin;
f29e764b-e3c8-4307-a66a-e5ce7c58347f	/uploads/artist-access-requests/1771663045577-1303e4eb-3a17-4629-8e16-03b407f1c0c3.jpg	2026-02-21 09:37:25.557748+01
18ed80ab-5eec-4419-9de9-c53dfb7748a9	http://localhost:3000/uploads/media-assets/1771668494659-78318577-1fae-4761-abe8-be44f7fc955c.jpg	2026-02-21 11:08:14.668463+01
93729bd4-e834-43a1-870a-7f0ae655d975	http://localhost:3000/uploads/media-assets/1771671360840-211abf00-fe70-416c-a42c-ba6942866a68.jpg	2026-02-21 11:56:00.954224+01
012664b8-0e2c-4402-9349-c70a559c9702	http://localhost:3000/uploads/media-assets/1771671829873-6b414b3d-eaf2-4a26-b8bf-9d9292400bc6.jpg	2026-02-21 12:03:49.890833+01
\.


--
-- Data for Name: order_events; Type: TABLE DATA; Schema: public; Owner: postgres
--

COPY public.order_events (id, order_id, type, actor_user_id, note, created_at) FROM stdin;
aa183f54-f5f5-4e20-963b-980a777a2bee	11b130ae-fa40-441c-afc4-f6e48ec53bc6	placed	8ab8e1ac-ba60-49eb-8369-022ede51c676	\N	2026-02-20 13:56:21.978234+01
29956bb3-2a5c-413b-9125-66b9fb0a9e42	c4750d61-161e-41e0-8692-a81db2b8d27d	placed	8ab8e1ac-ba60-49eb-8369-022ede51c676	\N	2026-02-20 17:09:32.224514+01
ac28cd35-dd76-46a0-af21-0f2722d06e99	6729fa76-6781-452d-8541-8d4da701f746	placed	8ab8e1ac-ba60-49eb-8369-022ede51c676	\N	2026-02-20 17:09:32.265046+01
e3554264-84a3-4746-8531-4f5fc2d19a13	6729fa76-6781-452d-8541-8d4da701f746	cancelled	8ab8e1ac-ba60-49eb-8369-022ede51c676	\N	2026-02-20 17:09:32.298941+01
4cf8b8f2-3203-4fca-8606-283771b2f92d	2cc659dd-edba-46ee-944c-159b07eba073	placed	8ab8e1ac-ba60-49eb-8369-022ede51c676	\N	2026-02-20 17:09:32.317983+01
f2c7da00-af14-4cdf-8c59-e1435f42e533	2cc659dd-edba-46ee-944c-159b07eba073	fulfilled	9f2e9e97-b9f2-42ec-89f4-b654f4789aef	\N	2026-02-20 17:09:32.530848+01
be9ccedd-00fc-4401-affd-c13e99026425	8d35d5d9-ad26-421d-b0bc-cf71d9145d64	placed	8ab8e1ac-ba60-49eb-8369-022ede51c676	\N	2026-02-20 17:09:32.549438+01
8fe8408c-95ef-4f77-b8e2-711509907a62	38bd416e-d3bf-4b0a-b591-d0429fd60da7	placed	8ab8e1ac-ba60-49eb-8369-022ede51c676	\N	2026-02-20 17:33:06.797772+01
a05d0a46-b4bc-4ce4-93db-8dde12a0b0dc	5c4b9c99-88c9-4a75-ae3f-e3ab0c7ec629	placed	8ab8e1ac-ba60-49eb-8369-022ede51c676	\N	2026-02-20 17:33:06.839405+01
04c73868-8c1d-44b0-b0b1-be19cd54a809	5c4b9c99-88c9-4a75-ae3f-e3ab0c7ec629	cancelled	8ab8e1ac-ba60-49eb-8369-022ede51c676	\N	2026-02-20 17:33:06.889873+01
a94f6943-e698-484b-a84d-e03196b1d2e1	87f15afa-a924-43ad-9291-7f8a43aadc28	placed	8ab8e1ac-ba60-49eb-8369-022ede51c676	\N	2026-02-20 17:33:06.922448+01
e78f08cc-d531-4c70-ae24-36fc6f0c185c	87f15afa-a924-43ad-9291-7f8a43aadc28	fulfilled	9f2e9e97-b9f2-42ec-89f4-b654f4789aef	\N	2026-02-20 17:33:07.212035+01
1ae611fc-386f-4056-b75f-a8980043bb92	8d5cf17b-ab18-44ed-8b7c-f1f93dd2e4da	placed	8ab8e1ac-ba60-49eb-8369-022ede51c676	\N	2026-02-20 17:33:07.23897+01
15e76b31-68ec-4db5-a65c-391a346b095a	ddec03cd-1e7e-4e5f-b991-623cd04aa0e3	placed	8ab8e1ac-ba60-49eb-8369-022ede51c676	\N	2026-02-20 18:13:44.331852+01
7c84b39c-81c5-4917-869c-384480630d0c	e098187b-8b6e-49ff-95c8-6f12f2cfef9a	placed	8ab8e1ac-ba60-49eb-8369-022ede51c676	\N	2026-02-20 18:13:44.360108+01
bb6a1231-e016-49d4-83a2-72cfd0e72549	e098187b-8b6e-49ff-95c8-6f12f2cfef9a	cancelled	8ab8e1ac-ba60-49eb-8369-022ede51c676	\N	2026-02-20 18:13:44.459091+01
9ecb8632-bf76-4614-b542-91c0f9a3693f	7b358604-d770-457b-9b67-ba326d68ce1f	placed	8ab8e1ac-ba60-49eb-8369-022ede51c676	\N	2026-02-20 18:13:44.503889+01
f1ce9896-6121-42da-8813-1ad13dfc1e24	7b358604-d770-457b-9b67-ba326d68ce1f	fulfilled	9f2e9e97-b9f2-42ec-89f4-b654f4789aef	\N	2026-02-20 18:13:44.856767+01
7c4d5efe-1efd-4d57-ba7e-4eefcdd1fb12	4f7a1a68-ee5d-42d6-b9eb-4e41e999d4f4	placed	8ab8e1ac-ba60-49eb-8369-022ede51c676	\N	2026-02-20 18:13:44.875956+01
ee00d315-80a9-414b-bd28-862cbe4bb70a	e196cf06-45cc-4c30-b0bc-516847e0d7ac	placed	8ab8e1ac-ba60-49eb-8369-022ede51c676	\N	2026-02-20 18:48:03.63693+01
b74f82d1-a3c8-4d57-9ab7-7ec2583be672	b15c9c47-cea4-4d11-870e-ac4133b31a89	placed	8ab8e1ac-ba60-49eb-8369-022ede51c676	\N	2026-02-20 18:48:03.670612+01
b7153b08-ef42-431b-9c71-c723fc7633ba	b15c9c47-cea4-4d11-870e-ac4133b31a89	cancelled	8ab8e1ac-ba60-49eb-8369-022ede51c676	\N	2026-02-20 18:48:03.705008+01
85441b7a-efe2-4548-a782-f32adacbd70a	68715f1d-5bc5-4da7-ba41-bd1bd276a1ef	placed	8ab8e1ac-ba60-49eb-8369-022ede51c676	\N	2026-02-20 18:48:03.722618+01
a3357d00-892d-47f4-99eb-2e6dc8c79f28	68715f1d-5bc5-4da7-ba41-bd1bd276a1ef	fulfilled	9f2e9e97-b9f2-42ec-89f4-b654f4789aef	\N	2026-02-20 18:48:03.902564+01
a51ad46b-e6fa-48f4-a339-de0082608ab5	eabfb5f2-955c-4ea8-9eff-93d9bb7d8347	placed	8ab8e1ac-ba60-49eb-8369-022ede51c676	\N	2026-02-20 18:48:03.919829+01
f75cc68a-f4d9-4433-9b6a-c0b0102a6dad	9191a0c8-7819-4d29-9ed9-db6c40565d19	placed	8ab8e1ac-ba60-49eb-8369-022ede51c676	\N	2026-02-20 19:19:08.222103+01
a7e46031-b79a-4079-a3c1-9e1b2b9c8083	07f6180d-5566-477f-86ce-dfff8f17d29c	placed	8ab8e1ac-ba60-49eb-8369-022ede51c676	\N	2026-02-20 19:19:08.262286+01
25e2148e-ff7b-4931-a99b-2140b6c91013	07f6180d-5566-477f-86ce-dfff8f17d29c	cancelled	8ab8e1ac-ba60-49eb-8369-022ede51c676	\N	2026-02-20 19:19:08.306488+01
f193ee25-ef13-4add-9557-5fc99910270c	a0fa0339-6fd0-45ca-bc26-c0a12a6ebeed	placed	8ab8e1ac-ba60-49eb-8369-022ede51c676	\N	2026-02-20 19:23:36.454023+01
4a7af591-07a1-4ea3-9381-6b46ac38c809	de62dff0-82be-4f81-adb8-e0702ede57c2	placed	8ab8e1ac-ba60-49eb-8369-022ede51c676	\N	2026-02-20 19:23:36.472201+01
8db567c6-0042-46e4-8170-2189edfa0307	de62dff0-82be-4f81-adb8-e0702ede57c2	cancelled	8ab8e1ac-ba60-49eb-8369-022ede51c676	\N	2026-02-20 19:23:36.502059+01
4f4b725f-eee1-4993-98c5-1848c211de1d	0c469a62-4e13-430d-94ae-9e83324dc4e2	placed	8ab8e1ac-ba60-49eb-8369-022ede51c676	\N	2026-02-20 19:24:37.85729+01
65495e0f-836a-467c-acbd-7107c8397c7c	0c469a62-4e13-430d-94ae-9e83324dc4e2	cancelled	8ab8e1ac-ba60-49eb-8369-022ede51c676	\N	2026-02-20 19:24:37.892161+01
fe8faa81-c412-43ee-ae75-19c0f0787062	d92eda0e-8755-45a3-a4ff-cf7d434b8617	placed	8ab8e1ac-ba60-49eb-8369-022ede51c676	\N	2026-02-20 19:24:37.907535+01
02054e3e-a08e-4568-8b54-dbc6198d9a20	d92eda0e-8755-45a3-a4ff-cf7d434b8617	fulfilled	9f2e9e97-b9f2-42ec-89f4-b654f4789aef	\N	2026-02-20 19:24:38.066649+01
875b6603-3d74-4170-806c-bcc6ac59bf01	804da28b-a531-459e-95e7-cc2dc90a6e0d	placed	8ab8e1ac-ba60-49eb-8369-022ede51c676	\N	2026-02-20 19:24:38.083065+01
420b90ec-8b98-48b8-b846-67584f82cbce	175e63d3-0a8a-49a2-b1d7-40d28510e5c1	placed	8ab8e1ac-ba60-49eb-8369-022ede51c676	\N	2026-02-20 19:26:37.721183+01
385f4d99-6936-40dc-aa93-9a8cd09578bd	6fd019a2-0dfe-4284-b487-1c526130e8b4	placed	8ab8e1ac-ba60-49eb-8369-022ede51c676	\N	2026-02-20 19:26:37.750347+01
ca48e032-4ad9-4287-9a12-d18b08d64eba	6fd019a2-0dfe-4284-b487-1c526130e8b4	cancelled	8ab8e1ac-ba60-49eb-8369-022ede51c676	\N	2026-02-20 19:26:37.78556+01
e9fcc31b-dc42-455f-8b42-acf96c594627	fa33fd81-d015-4cd0-bd86-afb37d3817ea	placed	8ab8e1ac-ba60-49eb-8369-022ede51c676	\N	2026-02-20 19:36:29.933239+01
71f9ef08-a908-40b6-b42e-cf7a431022b3	5070f81a-c225-4088-9f53-1a96db3e3456	placed	8ab8e1ac-ba60-49eb-8369-022ede51c676	\N	2026-02-20 19:36:29.96159+01
6b9dc5ff-2eee-4f61-a8af-d48bb2210939	5070f81a-c225-4088-9f53-1a96db3e3456	cancelled	8ab8e1ac-ba60-49eb-8369-022ede51c676	\N	2026-02-20 19:36:29.997869+01
cd0e94a4-9ed4-4ce1-bdd6-ef775194da7f	bd9d1d44-8c8b-4cb7-8451-c40c2bbc4015	placed	8ab8e1ac-ba60-49eb-8369-022ede51c676	\N	2026-02-20 19:37:26.704908+01
2bc96a7e-f347-45e3-8f3b-e39363a8266b	f7f24de9-cb52-4bfa-b1c7-89d0ab2af686	placed	8ab8e1ac-ba60-49eb-8369-022ede51c676	\N	2026-02-20 19:37:26.734607+01
c55732d1-6e80-4dff-a850-40e8b17e9c1d	f7f24de9-cb52-4bfa-b1c7-89d0ab2af686	cancelled	8ab8e1ac-ba60-49eb-8369-022ede51c676	\N	2026-02-20 19:37:26.779054+01
92a85fe4-9bba-4eda-abd1-1d1bbf1ff61c	f1daf52b-cc8a-47b5-80bc-8ed5826fc99a	placed	8ab8e1ac-ba60-49eb-8369-022ede51c676	\N	2026-02-20 19:41:51.028006+01
1d9b5e7f-901b-41e5-a97c-90b38eeac4ba	778e69cc-ebb7-4b3c-ae97-864ab94e4f58	placed	8ab8e1ac-ba60-49eb-8369-022ede51c676	\N	2026-02-20 19:59:42.135404+01
1cc35f8d-d02e-4417-b782-f3b69abbd451	df9815d7-df63-4551-9ba0-893c6116f580	placed	8ab8e1ac-ba60-49eb-8369-022ede51c676	\N	2026-02-20 19:59:42.167309+01
c6702d65-bbb6-4771-8559-b60e23797b2a	df9815d7-df63-4551-9ba0-893c6116f580	cancelled	8ab8e1ac-ba60-49eb-8369-022ede51c676	\N	2026-02-20 19:59:42.205912+01
86588b0e-ec2f-4848-a402-e0f0068a8742	ad87c2f0-be44-4ab8-984e-f1e5ed636b01	placed	8ab8e1ac-ba60-49eb-8369-022ede51c676	\N	2026-02-20 20:00:15.612234+01
c9c33a11-c506-4ad0-87d7-bf54bb94e56b	69d491f8-83a9-44eb-af56-7e510f5e8c1a	placed	8ab8e1ac-ba60-49eb-8369-022ede51c676	\N	2026-02-20 20:00:15.642286+01
72c95984-279a-4802-8819-fee15d2c6f45	69d491f8-83a9-44eb-af56-7e510f5e8c1a	cancelled	8ab8e1ac-ba60-49eb-8369-022ede51c676	\N	2026-02-20 20:00:15.677072+01
0f3f920f-0fb7-4b30-a4e8-cc97e8e044a8	9c8ade65-e880-4ee2-9cbb-778ed41ea7dd	placed	8ab8e1ac-ba60-49eb-8369-022ede51c676	\N	2026-02-20 20:13:42.098851+01
9ffb9f04-2f4c-4234-98cc-d856163e7d4c	8861e174-a67a-4f8d-8ac7-73e38b09dc7d	placed	8ab8e1ac-ba60-49eb-8369-022ede51c676	\N	2026-02-20 20:13:42.129111+01
a28f4339-8a86-4420-aed2-b3a1b0867806	8861e174-a67a-4f8d-8ac7-73e38b09dc7d	cancelled	8ab8e1ac-ba60-49eb-8369-022ede51c676	\N	2026-02-20 20:13:42.166479+01
2e91b925-fe8c-48a4-bf0b-45be1fffb2cb	71f95c7b-9aab-4c9a-b8e9-ac0cdac01a61	placed	8ab8e1ac-ba60-49eb-8369-022ede51c676	\N	2026-02-20 20:14:43.544693+01
57cf17ac-41df-4aa6-b0d2-41ca68f1ec68	115e3cb2-fb07-42b8-86d4-49630f80731e	placed	8ab8e1ac-ba60-49eb-8369-022ede51c676	\N	2026-02-20 20:14:43.575099+01
d9409290-b5a6-4f5a-b020-1d937162812d	115e3cb2-fb07-42b8-86d4-49630f80731e	cancelled	8ab8e1ac-ba60-49eb-8369-022ede51c676	\N	2026-02-20 20:14:43.61168+01
744f1a98-d79e-48aa-a585-3bf256f4adac	37f2dfb5-e0c9-4afb-8467-fc979c734445	placed	8ab8e1ac-ba60-49eb-8369-022ede51c676	\N	2026-02-20 20:16:31.429068+01
dd8da483-57ab-4fb1-a4ee-df8de02bc660	22763ba0-c768-43f4-9b73-9c50cbd50648	placed	8ab8e1ac-ba60-49eb-8369-022ede51c676	\N	2026-02-20 20:16:31.473269+01
023af96b-5416-46ce-99c3-9a6b6527264d	22763ba0-c768-43f4-9b73-9c50cbd50648	cancelled	8ab8e1ac-ba60-49eb-8369-022ede51c676	\N	2026-02-20 20:16:31.511908+01
d5ef7bd7-c63e-461a-8d47-6af68d986a94	f9b883e1-1e1e-46e4-bcb5-031b4944d7bb	placed	8ab8e1ac-ba60-49eb-8369-022ede51c676	\N	2026-02-20 20:18:35.274696+01
c3bf02db-3489-4075-8ed3-a4f8bb7b4e93	02e3b891-4352-46f7-8a79-d18471224d01	placed	8ab8e1ac-ba60-49eb-8369-022ede51c676	\N	2026-02-20 20:18:35.3376+01
53449bf5-10c9-4851-b1fe-991403fe97a1	02e3b891-4352-46f7-8a79-d18471224d01	cancelled	8ab8e1ac-ba60-49eb-8369-022ede51c676	\N	2026-02-20 20:18:35.374603+01
8e454f76-bee2-4630-9ac0-1847061804dc	3080bb3b-826c-4eed-8d73-fe948b01a984	placed	8ab8e1ac-ba60-49eb-8369-022ede51c676	\N	2026-02-20 20:23:53.565401+01
6ab277a5-a1a8-4f67-96f3-3fb91fb185e7	6685b0ad-8425-4a73-ab89-7709895eb466	placed	8ab8e1ac-ba60-49eb-8369-022ede51c676	\N	2026-02-20 20:23:53.58615+01
44d60953-88bf-4780-b556-ea196989dadb	6685b0ad-8425-4a73-ab89-7709895eb466	cancelled	8ab8e1ac-ba60-49eb-8369-022ede51c676	\N	2026-02-20 20:23:53.621338+01
482bd220-1408-43b1-866a-f5f394cb81fe	af170ef9-62c1-4ba3-a701-bd704dcc9b2d	placed	8ab8e1ac-ba60-49eb-8369-022ede51c676	\N	2026-02-20 20:34:33.599511+01
715a6268-c293-4b82-993e-c5b44ac1f83c	1c3afce1-cd15-409c-8bb6-c82a6fcc3b4e	placed	8ab8e1ac-ba60-49eb-8369-022ede51c676	\N	2026-02-20 20:34:33.623481+01
8e268efa-57d0-4871-9220-78ca12b704d3	1c3afce1-cd15-409c-8bb6-c82a6fcc3b4e	cancelled	8ab8e1ac-ba60-49eb-8369-022ede51c676	\N	2026-02-20 20:34:33.657386+01
aecadaa4-4453-4242-890c-88d3277fa8a8	5c38489c-48e3-4fcf-b48c-a15ac7b9fbbc	placed	8ab8e1ac-ba60-49eb-8369-022ede51c676	\N	2026-02-20 20:41:53.78554+01
01223ed6-49c8-482a-a410-1a7c6fe924c0	e047c737-1f2e-4b79-96a3-33b7e170bc18	placed	8ab8e1ac-ba60-49eb-8369-022ede51c676	\N	2026-02-20 20:41:53.814444+01
0ab4a3aa-9761-4d57-ba8d-ffb49f9cf79f	e047c737-1f2e-4b79-96a3-33b7e170bc18	cancelled	8ab8e1ac-ba60-49eb-8369-022ede51c676	\N	2026-02-20 20:41:53.858998+01
6e0d0ae6-d552-4511-add8-1392c637ba88	2e1a9213-faa6-4147-92de-c95b4e8d4dd5	placed	8ab8e1ac-ba60-49eb-8369-022ede51c676	\N	2026-02-20 20:43:12.637041+01
5c8a0447-120d-40b4-b477-714cc4f79f68	8d7f5527-bc56-4308-9d36-9c6d633041a2	placed	8ab8e1ac-ba60-49eb-8369-022ede51c676	\N	2026-02-20 20:43:12.669654+01
cc022e25-8932-4b98-87bb-858b624a4455	8d7f5527-bc56-4308-9d36-9c6d633041a2	cancelled	8ab8e1ac-ba60-49eb-8369-022ede51c676	\N	2026-02-20 20:43:12.756649+01
8dd532bf-2a55-4328-af8c-b36987a3a46e	eff3d32d-f4b5-4b73-94e4-b59817e7634d	placed	8ab8e1ac-ba60-49eb-8369-022ede51c676	\N	2026-02-20 20:43:12.787103+01
1a8ccacc-cd9d-4745-a759-434cdf9506ad	eff3d32d-f4b5-4b73-94e4-b59817e7634d	fulfilled	9f2e9e97-b9f2-42ec-89f4-b654f4789aef	\N	2026-02-20 20:43:13.006733+01
125a0eb0-0d2d-4313-90c7-09367daae3f7	5520580a-ec2b-4f5b-88f1-f2823ae7e890	placed	8ab8e1ac-ba60-49eb-8369-022ede51c676	\N	2026-02-20 20:43:13.03213+01
a74846a4-0f5b-4cd3-b63e-5f60678113d3	04140a73-9d6c-441b-a4cf-2221a0ca7292	placed	8ab8e1ac-ba60-49eb-8369-022ede51c676	\N	2026-02-20 20:44:01.682589+01
8810dc0c-c054-463a-ace9-e6fa04139dbe	08c2b3bb-a35d-48eb-9d40-77cc6b9aa929	placed	8ab8e1ac-ba60-49eb-8369-022ede51c676	\N	2026-02-20 20:44:01.718134+01
530f83a7-48f4-40f1-b9db-449541741f40	08c2b3bb-a35d-48eb-9d40-77cc6b9aa929	cancelled	8ab8e1ac-ba60-49eb-8369-022ede51c676	\N	2026-02-20 20:44:01.767541+01
07047110-1ca3-4c08-8262-d86d83b0739f	bc648b0c-80ea-4e93-adec-e51e4607b92c	placed	8ab8e1ac-ba60-49eb-8369-022ede51c676	\N	2026-02-20 20:44:01.797686+01
c8b55b0a-758e-4608-9576-a96eaed0dd0f	bc648b0c-80ea-4e93-adec-e51e4607b92c	fulfilled	9f2e9e97-b9f2-42ec-89f4-b654f4789aef	\N	2026-02-20 20:44:02.028756+01
90de2e32-368a-471b-ab0a-96bea2fbfa4c	795fcf42-7e75-4e23-a18a-6201c9917730	placed	8ab8e1ac-ba60-49eb-8369-022ede51c676	\N	2026-02-20 20:44:02.047894+01
1852070b-2cc1-4210-a6a0-6c4041217a7c	85140b4a-e302-412c-a274-520bc7408627	placed	8ab8e1ac-ba60-49eb-8369-022ede51c676	\N	2026-02-20 20:44:14.180429+01
79978460-5137-40d9-bb61-dcdd40516fd6	186bc096-a424-4105-bd5e-047011777d59	placed	8ab8e1ac-ba60-49eb-8369-022ede51c676	\N	2026-02-20 20:44:14.226313+01
b26aa334-50cb-4cc6-bef7-571bdaf07075	186bc096-a424-4105-bd5e-047011777d59	cancelled	8ab8e1ac-ba60-49eb-8369-022ede51c676	\N	2026-02-20 20:44:14.318325+01
645e0fbb-577a-4aaa-bb78-40b62bc24d9d	07211e33-37fe-4e47-9752-e68571fecef1	placed	8ab8e1ac-ba60-49eb-8369-022ede51c676	\N	2026-02-20 20:44:14.350719+01
3d2f9590-e694-4f07-b03f-e397635d2d5c	07211e33-37fe-4e47-9752-e68571fecef1	fulfilled	9f2e9e97-b9f2-42ec-89f4-b654f4789aef	\N	2026-02-20 20:44:14.57728+01
10d1ce26-faa9-4b48-bad4-c4e8b6fe0397	cae0281f-daa2-4802-844a-fe59985eb3a1	placed	8ab8e1ac-ba60-49eb-8369-022ede51c676	\N	2026-02-20 20:44:14.604309+01
4bcdc6aa-44d8-4739-8848-aa04367667b8	b129cb6a-a6c4-4c37-9a8a-8e2b459d2967	placed	8ab8e1ac-ba60-49eb-8369-022ede51c676	\N	2026-02-20 20:47:22.42985+01
a22a1245-6e87-4272-b2b4-4dcc32eaf98d	f9452907-3a38-4bca-8432-efb293681744	placed	8ab8e1ac-ba60-49eb-8369-022ede51c676	\N	2026-02-20 20:47:22.462429+01
d2d23fb3-842d-47e3-858d-a615929fbae6	f9452907-3a38-4bca-8432-efb293681744	cancelled	8ab8e1ac-ba60-49eb-8369-022ede51c676	\N	2026-02-20 20:47:22.49842+01
dbe7e415-a65c-43a2-a8a0-1dfd74b67937	5016a4cf-93f5-4727-af35-1e60d4f398a4	placed	8ab8e1ac-ba60-49eb-8369-022ede51c676	\N	2026-02-20 20:51:52.907476+01
405bcf67-3e44-4e9c-9557-db1eca561ee0	58fc95ef-1ee4-4c5f-acae-b727cd70c502	placed	8ab8e1ac-ba60-49eb-8369-022ede51c676	\N	2026-02-20 20:51:52.938182+01
fdb10ad4-54f0-41d1-a524-4a76c210a2f6	58fc95ef-1ee4-4c5f-acae-b727cd70c502	cancelled	8ab8e1ac-ba60-49eb-8369-022ede51c676	\N	2026-02-20 20:51:52.976783+01
12dd8ffd-0adf-4d6d-8e52-eb689c9b3dec	10431dc8-d0c9-4a75-aae0-b411ee1c7217	placed	8ab8e1ac-ba60-49eb-8369-022ede51c676	\N	2026-02-20 20:54:29.75453+01
3e62aef8-57f2-4f1e-9bd1-38efaf465e20	81d4244b-2ac6-445e-92f6-1ff9c0fbe2bd	placed	8ab8e1ac-ba60-49eb-8369-022ede51c676	\N	2026-02-20 20:54:29.801484+01
b8ff289f-36ef-44c1-9001-4db5d10ce34a	81d4244b-2ac6-445e-92f6-1ff9c0fbe2bd	cancelled	8ab8e1ac-ba60-49eb-8369-022ede51c676	\N	2026-02-20 20:54:29.852273+01
991bd976-5e82-4975-975a-90543103e16a	48145712-2ff3-4427-8a9b-90877e1460a9	placed	8ab8e1ac-ba60-49eb-8369-022ede51c676	\N	2026-02-20 20:54:29.881823+01
b37273c8-ae0a-4e6e-9bc1-c1db2106bbf1	48145712-2ff3-4427-8a9b-90877e1460a9	fulfilled	9f2e9e97-b9f2-42ec-89f4-b654f4789aef	\N	2026-02-20 20:54:30.110648+01
b02d8284-5e93-4a34-805b-fd5dc808caf9	3e6e1fe4-7b05-4d26-a8e3-cf5b4173702e	placed	8ab8e1ac-ba60-49eb-8369-022ede51c676	\N	2026-02-20 20:54:30.135793+01
c626cb84-f333-4056-8f27-628568663121	bcfea0f2-ead2-4a8b-8b99-9fd44fa4c366	placed	8ab8e1ac-ba60-49eb-8369-022ede51c676	\N	2026-02-20 20:56:59.016452+01
d653d722-e00c-459b-a968-842c7ea2e064	a1cff8e1-29eb-493c-ac9c-339489cbeea4	placed	8ab8e1ac-ba60-49eb-8369-022ede51c676	\N	2026-02-20 20:56:59.04727+01
654b0e97-abdf-42a4-9333-bbe18347e649	a1cff8e1-29eb-493c-ac9c-339489cbeea4	cancelled	8ab8e1ac-ba60-49eb-8369-022ede51c676	\N	2026-02-20 20:56:59.0912+01
61ea9a09-75a6-4f1f-9c09-e9ef5d788f95	e2f5edcb-8c02-4da9-90e4-15a6b17c6107	placed	8ab8e1ac-ba60-49eb-8369-022ede51c676	\N	2026-02-20 20:56:59.120344+01
8afc4c1c-126e-42af-a1e5-97956c20a16e	e2f5edcb-8c02-4da9-90e4-15a6b17c6107	paid	8ab8e1ac-ba60-49eb-8369-022ede51c676	\N	2026-02-20 20:56:59.165452+01
817c253d-5408-4cca-9be1-3bc69e2a3a08	e2f5edcb-8c02-4da9-90e4-15a6b17c6107	fulfilled	9f2e9e97-b9f2-42ec-89f4-b654f4789aef	\N	2026-02-20 20:56:59.334561+01
87518eb7-1e0c-4a09-bdf3-0c239554872b	e2f5edcb-8c02-4da9-90e4-15a6b17c6107	refunded	9f2e9e97-b9f2-42ec-89f4-b654f4789aef	\N	2026-02-20 20:56:59.344186+01
0ef4ce2b-18d5-41a1-b145-cb931290e15d	8987e09c-4397-4bd1-b8e4-8603b962def7	placed	8ab8e1ac-ba60-49eb-8369-022ede51c676	\N	2026-02-20 20:56:59.35554+01
3e73a76c-0653-4802-872a-509af3a4f0eb	cebcbbfc-b657-43de-9b4b-e585c3cd1e16	placed	8ab8e1ac-ba60-49eb-8369-022ede51c676	\N	2026-02-20 20:57:50.419981+01
391bac93-b1ed-40df-b46d-43e64e363a86	6def4716-8684-4136-afd8-546a8707984f	placed	8ab8e1ac-ba60-49eb-8369-022ede51c676	\N	2026-02-20 20:57:50.454308+01
2b45f929-2f87-47fd-9d5c-5978c508c396	6def4716-8684-4136-afd8-546a8707984f	cancelled	8ab8e1ac-ba60-49eb-8369-022ede51c676	\N	2026-02-20 20:57:50.498231+01
2bcb51bb-b7c3-42d7-9a69-65db0268c1b3	05a269c5-82e9-4071-93a7-6e3ecd52cb26	placed	8ab8e1ac-ba60-49eb-8369-022ede51c676	\N	2026-02-20 20:58:51.752547+01
5db39da1-8aee-48b9-a09a-1c47c834b2c4	05a269c5-82e9-4071-93a7-6e3ecd52cb26	cancelled	8ab8e1ac-ba60-49eb-8369-022ede51c676	\N	2026-02-20 20:58:51.789125+01
29746f87-8c23-4035-9841-afc8cd2b37e1	4af5eedd-5f4e-4633-8964-38538dcaaef9	placed	8ab8e1ac-ba60-49eb-8369-022ede51c676	\N	2026-02-20 20:58:51.804843+01
66b2f785-7852-4059-9ddb-590279d22339	4af5eedd-5f4e-4633-8964-38538dcaaef9	paid	8ab8e1ac-ba60-49eb-8369-022ede51c676	\N	2026-02-20 20:58:51.833922+01
445beb31-601b-49ef-bb20-e01ec1e0a465	4af5eedd-5f4e-4633-8964-38538dcaaef9	fulfilled	9f2e9e97-b9f2-42ec-89f4-b654f4789aef	\N	2026-02-20 20:58:51.96284+01
7e380bb0-d0eb-4f70-b1a5-6ca4d8b48b47	4af5eedd-5f4e-4633-8964-38538dcaaef9	refunded	9f2e9e97-b9f2-42ec-89f4-b654f4789aef	\N	2026-02-20 20:58:51.97121+01
c1796357-45c6-4f05-850f-a5bafd71ca9f	9a4f0956-b1d5-46ab-83c5-7b2b698fca65	placed	8ab8e1ac-ba60-49eb-8369-022ede51c676	\N	2026-02-20 20:58:51.981274+01
729b297a-76aa-45b2-96c4-25192c26b260	7c9f417d-537b-4a17-b4fd-9ee83b9350db	placed	8ab8e1ac-ba60-49eb-8369-022ede51c676	\N	2026-02-20 21:02:34.228504+01
4fecb863-dc11-4844-9cef-2b9520ab1183	dfad82d8-2fc9-492c-abfd-d411e43f52d5	placed	8ab8e1ac-ba60-49eb-8369-022ede51c676	\N	2026-02-20 21:02:34.256601+01
12523939-ecb1-4451-9dea-e837ce768175	dfad82d8-2fc9-492c-abfd-d411e43f52d5	cancelled	8ab8e1ac-ba60-49eb-8369-022ede51c676	\N	2026-02-20 21:02:34.295247+01
2baa18cb-f1e1-400a-9a91-20fab01f3883	44f4ed71-9149-4b48-945d-ec6ca4172d69	placed	8ab8e1ac-ba60-49eb-8369-022ede51c676	\N	2026-02-20 21:03:51.639372+01
f5ef0c76-0751-43e9-9884-b52d35401bdd	73960257-f597-496d-bb1b-d86c4ab35460	placed	8ab8e1ac-ba60-49eb-8369-022ede51c676	\N	2026-02-20 21:03:51.667193+01
babb54d9-1506-4c6e-900f-fc12b3cbfe47	73960257-f597-496d-bb1b-d86c4ab35460	cancelled	8ab8e1ac-ba60-49eb-8369-022ede51c676	\N	2026-02-20 21:03:51.701365+01
e3b0a2fc-f800-4590-810e-0aabd034a681	fb0aeb87-39bf-4d26-97d5-446fd74da851	placed	8ab8e1ac-ba60-49eb-8369-022ede51c676	\N	2026-02-20 21:03:51.721412+01
ea369dc9-5def-43e4-a1cf-64373e8b5d5b	fb0aeb87-39bf-4d26-97d5-446fd74da851	paid	8ab8e1ac-ba60-49eb-8369-022ede51c676	\N	2026-02-20 21:03:51.753373+01
b3ba0781-3e60-4f2b-9e64-2f58e102c64a	fb0aeb87-39bf-4d26-97d5-446fd74da851	fulfilled	9f2e9e97-b9f2-42ec-89f4-b654f4789aef	\N	2026-02-20 21:03:51.899051+01
581a8431-5a65-4561-a8f1-e40130474c26	fb0aeb87-39bf-4d26-97d5-446fd74da851	refunded	9f2e9e97-b9f2-42ec-89f4-b654f4789aef	\N	2026-02-20 21:03:51.908531+01
797c0a0f-bfb2-4925-96e8-7d503a522f53	3eadc42b-3c41-47ef-8b6b-b2efcc119b82	placed	8ab8e1ac-ba60-49eb-8369-022ede51c676	\N	2026-02-20 21:03:51.920624+01
7f755eca-754a-45ae-a78a-97a787f6ff8a	cda16108-267f-4de6-81bf-5a77a7ddbc10	placed	8ab8e1ac-ba60-49eb-8369-022ede51c676	\N	2026-02-20 21:04:57.902667+01
c41812cb-88c8-4d36-b55a-58287b59ff51	4b499a1c-c6d8-4066-ab1d-3403fb5b0bf7	placed	8ab8e1ac-ba60-49eb-8369-022ede51c676	\N	2026-02-20 21:04:57.929585+01
ceb979ef-c8e1-438f-ab17-c70d6c21d17d	4b499a1c-c6d8-4066-ab1d-3403fb5b0bf7	cancelled	8ab8e1ac-ba60-49eb-8369-022ede51c676	\N	2026-02-20 21:04:57.967912+01
66dfdbb0-2c6f-4e86-84f7-2a7d93dfded7	d08f7cbb-e183-42c4-8a6d-644e91879885	placed	8ab8e1ac-ba60-49eb-8369-022ede51c676	\N	2026-02-20 21:04:57.99263+01
58d9d685-c198-493f-9945-fdce98df6cec	d08f7cbb-e183-42c4-8a6d-644e91879885	paid	8ab8e1ac-ba60-49eb-8369-022ede51c676	\N	2026-02-20 21:04:58.027812+01
f3fb1fcb-aefc-481f-8f54-49cdb028fe08	d08f7cbb-e183-42c4-8a6d-644e91879885	fulfilled	9f2e9e97-b9f2-42ec-89f4-b654f4789aef	\N	2026-02-20 21:04:58.183493+01
fc77adf1-8f00-4417-baef-d0b9b5673142	d08f7cbb-e183-42c4-8a6d-644e91879885	refunded	9f2e9e97-b9f2-42ec-89f4-b654f4789aef	\N	2026-02-20 21:04:58.192252+01
e8459fa4-b4e9-45f4-8b4e-95bfbfa563d8	ed3ee2fe-6dd8-4d3e-b7e7-f07e133e64f9	placed	8ab8e1ac-ba60-49eb-8369-022ede51c676	\N	2026-02-20 21:04:58.203252+01
3d6ee4d5-fc40-48e2-b75b-10d4a7f2466d	665ee844-fd01-4824-a6d8-c9dc8cb64364	placed	8ab8e1ac-ba60-49eb-8369-022ede51c676	\N	2026-02-20 21:10:05.317092+01
80ab2dd1-e68b-4748-86aa-ab8596aad552	14a45e7c-c2b9-46e7-bae3-2633b70368da	placed	8ab8e1ac-ba60-49eb-8369-022ede51c676	\N	2026-02-20 21:10:05.348812+01
4e864703-3577-45b9-8fe8-74eedb8e222e	14a45e7c-c2b9-46e7-bae3-2633b70368da	cancelled	8ab8e1ac-ba60-49eb-8369-022ede51c676	\N	2026-02-20 21:10:05.389492+01
a93b121d-3270-49ff-a372-f041efc9d07f	2b700e44-eae9-4845-926f-f5f86e84fbb5	placed	8ab8e1ac-ba60-49eb-8369-022ede51c676	\N	2026-02-20 21:10:05.414354+01
6d0eca6d-cfc3-4e93-9483-e8d28035ca1a	2b700e44-eae9-4845-926f-f5f86e84fbb5	paid	8ab8e1ac-ba60-49eb-8369-022ede51c676	\N	2026-02-20 21:10:05.457322+01
4e65fa8b-804a-4210-a2b7-4516f9ac7e3a	2b700e44-eae9-4845-926f-f5f86e84fbb5	fulfilled	9f2e9e97-b9f2-42ec-89f4-b654f4789aef	\N	2026-02-20 21:10:05.616307+01
bce8ff9f-89cd-461a-a0b5-d8d40bbd86f0	2b700e44-eae9-4845-926f-f5f86e84fbb5	refunded	9f2e9e97-b9f2-42ec-89f4-b654f4789aef	\N	2026-02-20 21:10:05.625672+01
d3df2644-c7f3-40b5-962f-8a1e5b6b92b4	5c7d053d-7a74-4fe9-8fb5-0b8100ff2cf3	placed	8ab8e1ac-ba60-49eb-8369-022ede51c676	\N	2026-02-20 21:10:05.636513+01
662a5e52-cfa3-47ba-b917-f59bf27d48ec	4629acb1-5884-4c8f-8cac-2c71c8ca6100	placed	8ab8e1ac-ba60-49eb-8369-022ede51c676	\N	2026-02-20 21:14:17.295452+01
7e345b1c-c7ff-456c-b34f-87524af1fe3a	1fe09fd4-41d2-4170-a33d-2cd383527706	placed	8ab8e1ac-ba60-49eb-8369-022ede51c676	\N	2026-02-20 21:14:17.326193+01
3b0495c8-6c2b-4101-89b4-b167e11b4815	1fe09fd4-41d2-4170-a33d-2cd383527706	cancelled	8ab8e1ac-ba60-49eb-8369-022ede51c676	\N	2026-02-20 21:14:17.366713+01
0dbd74ad-67f5-49c7-a474-b8b562016bbd	9fe0b63b-c294-4c1b-ab86-fe8a69a53f5a	placed	8ab8e1ac-ba60-49eb-8369-022ede51c676	\N	2026-02-20 21:14:17.392712+01
63e06548-d0c1-44d3-b192-9a888d9676d8	9fe0b63b-c294-4c1b-ab86-fe8a69a53f5a	paid	8ab8e1ac-ba60-49eb-8369-022ede51c676	\N	2026-02-20 21:14:17.427191+01
82255bf3-b0ea-4896-bf00-6554f2adcd61	9fe0b63b-c294-4c1b-ab86-fe8a69a53f5a	fulfilled	9f2e9e97-b9f2-42ec-89f4-b654f4789aef	\N	2026-02-20 21:14:17.561693+01
ffca8cae-aae9-40e6-9492-72607644b1db	9fe0b63b-c294-4c1b-ab86-fe8a69a53f5a	refunded	9f2e9e97-b9f2-42ec-89f4-b654f4789aef	\N	2026-02-20 21:14:17.570058+01
cd61922c-cdfd-4e5c-ab11-be1dd5d0ba53	4f4e0445-0502-466a-a084-f6bbe5ea5ba2	placed	8ab8e1ac-ba60-49eb-8369-022ede51c676	\N	2026-02-20 21:14:17.58083+01
6976d0ed-c824-43d6-a0d1-c4f6a231c61a	9de86cde-b115-46ec-8d55-8fe8b8bf69fa	placed	8ab8e1ac-ba60-49eb-8369-022ede51c676	\N	2026-02-20 21:18:57.767845+01
7b2899c9-5b1e-41f0-b5c0-a9120d15c51f	44fc69d6-0083-41d1-b821-da772c3572e2	placed	8ab8e1ac-ba60-49eb-8369-022ede51c676	\N	2026-02-20 21:18:57.794119+01
9c8b7f9e-24e8-4188-886b-bca8851105bd	44fc69d6-0083-41d1-b821-da772c3572e2	cancelled	8ab8e1ac-ba60-49eb-8369-022ede51c676	\N	2026-02-20 21:18:57.823788+01
50e9296e-e4ed-43da-86bf-1e52b75d8532	c649690c-5a5e-4144-82ef-a3df76809a8b	placed	8ab8e1ac-ba60-49eb-8369-022ede51c676	\N	2026-02-20 21:18:57.842292+01
340071cc-55d8-4579-be6a-63172b2b0b58	c649690c-5a5e-4144-82ef-a3df76809a8b	paid	8ab8e1ac-ba60-49eb-8369-022ede51c676	\N	2026-02-20 21:18:57.874417+01
18706e33-6a7d-4101-a9d5-1e9463714f0f	c649690c-5a5e-4144-82ef-a3df76809a8b	fulfilled	9f2e9e97-b9f2-42ec-89f4-b654f4789aef	\N	2026-02-20 21:18:58.004989+01
0144439b-cdc2-4330-b426-c97e27cd44d4	c649690c-5a5e-4144-82ef-a3df76809a8b	refunded	9f2e9e97-b9f2-42ec-89f4-b654f4789aef	\N	2026-02-20 21:18:58.014064+01
d3e16163-2e37-45ea-ae8f-fb6deafed39b	a6cb22c4-338f-4eaf-939d-fb9a714db515	placed	8ab8e1ac-ba60-49eb-8369-022ede51c676	\N	2026-02-20 21:18:58.024937+01
ad9c49e9-2b81-4a0d-a306-73f6a4706a02	993ca6ba-e0a8-4fa2-a181-b43ddd581877	placed	8ab8e1ac-ba60-49eb-8369-022ede51c676	\N	2026-02-20 21:24:16.648813+01
40c627e2-f4f5-4c04-99f5-8008a5eb00b0	2b62b2c1-2f6d-4045-b4a6-e228586fefc4	placed	8ab8e1ac-ba60-49eb-8369-022ede51c676	\N	2026-02-20 21:24:16.679978+01
0ab9a5c4-2136-4778-afa3-49e66aa36cb0	2b62b2c1-2f6d-4045-b4a6-e228586fefc4	cancelled	8ab8e1ac-ba60-49eb-8369-022ede51c676	\N	2026-02-20 21:24:16.72021+01
53b85afa-6431-4262-af91-d65e66bfb36d	1825977c-acd5-41e0-a647-dea33339b376	placed	8ab8e1ac-ba60-49eb-8369-022ede51c676	\N	2026-02-20 21:24:16.741773+01
fff7e12d-8fe9-4ac2-b4fa-3ec8d25df485	1825977c-acd5-41e0-a647-dea33339b376	paid	8ab8e1ac-ba60-49eb-8369-022ede51c676	\N	2026-02-20 21:24:16.776681+01
2ddc5f51-a7d7-4ebc-8a99-2feb7c5be1bb	1825977c-acd5-41e0-a647-dea33339b376	fulfilled	9f2e9e97-b9f2-42ec-89f4-b654f4789aef	\N	2026-02-20 21:24:16.924334+01
6a47d685-2691-469b-acb1-5af403fc270c	1825977c-acd5-41e0-a647-dea33339b376	refunded	9f2e9e97-b9f2-42ec-89f4-b654f4789aef	\N	2026-02-20 21:24:16.931776+01
23622a37-7b0c-4031-91b0-ab76af1b1c09	bcdf4b27-273c-4114-886a-5fafd89560e9	placed	8ab8e1ac-ba60-49eb-8369-022ede51c676	\N	2026-02-20 21:24:16.943205+01
62df0c62-cfdd-4d4c-a958-c8caef640cff	d39b3162-e693-4486-a9d0-e4ff5fc22933	placed	8ab8e1ac-ba60-49eb-8369-022ede51c676	\N	2026-02-20 21:27:54.741781+01
c5a522b0-7a52-46df-9263-9336b0d73b70	ec4437c5-e7e5-487a-b0af-e4d9d26cc641	placed	8ab8e1ac-ba60-49eb-8369-022ede51c676	\N	2026-02-20 21:27:54.77565+01
268720ee-eae7-4986-a539-7587d5ea97b1	ec4437c5-e7e5-487a-b0af-e4d9d26cc641	cancelled	8ab8e1ac-ba60-49eb-8369-022ede51c676	\N	2026-02-20 21:27:54.813004+01
52c48c36-983b-4a6a-895b-52764472011d	0d02c53a-905d-40ff-9766-3c84bf402093	placed	8ab8e1ac-ba60-49eb-8369-022ede51c676	\N	2026-02-20 21:27:54.834376+01
fe85f258-a6da-4496-8603-fad21f268e95	0d02c53a-905d-40ff-9766-3c84bf402093	paid	8ab8e1ac-ba60-49eb-8369-022ede51c676	\N	2026-02-20 21:27:54.866652+01
8753f4eb-b15c-487d-95be-25f31093bbe9	0d02c53a-905d-40ff-9766-3c84bf402093	fulfilled	9f2e9e97-b9f2-42ec-89f4-b654f4789aef	\N	2026-02-20 21:27:55.007699+01
ebec5050-80e4-41e2-bd19-b2bca0783100	0d02c53a-905d-40ff-9766-3c84bf402093	refunded	9f2e9e97-b9f2-42ec-89f4-b654f4789aef	\N	2026-02-20 21:27:55.015563+01
3505ae47-e1e5-4700-8187-8cb0bf7618f4	e31afaa1-bc8d-46ea-bc69-0ef74a1209be	placed	8ab8e1ac-ba60-49eb-8369-022ede51c676	\N	2026-02-20 21:27:55.026879+01
089038c1-5f08-4c28-9095-320838adf2bd	da698d3d-6516-4694-8eb0-5544236d7608	placed	8ab8e1ac-ba60-49eb-8369-022ede51c676	\N	2026-02-20 21:31:56.238825+01
896e6d95-b707-41cc-8813-f2ff8c2a605f	4abf7cea-506d-4015-b120-7c5a4fccea14	placed	8ab8e1ac-ba60-49eb-8369-022ede51c676	\N	2026-02-20 21:31:56.271178+01
a1c21644-f636-4017-8fe8-38c78e2e7b8a	4abf7cea-506d-4015-b120-7c5a4fccea14	cancelled	8ab8e1ac-ba60-49eb-8369-022ede51c676	\N	2026-02-20 21:31:56.311769+01
b11f7612-40b6-47da-904b-7e5311922458	05238c7e-4a24-406a-aa4d-4e882e450d82	placed	8ab8e1ac-ba60-49eb-8369-022ede51c676	\N	2026-02-20 21:31:56.337202+01
e1f68f76-207d-430f-ad0c-ad0d288c8725	05238c7e-4a24-406a-aa4d-4e882e450d82	paid	8ab8e1ac-ba60-49eb-8369-022ede51c676	\N	2026-02-20 21:31:56.384111+01
cba38a8a-1376-46bb-923b-b788517c51bb	05238c7e-4a24-406a-aa4d-4e882e450d82	fulfilled	9f2e9e97-b9f2-42ec-89f4-b654f4789aef	\N	2026-02-20 21:31:56.544654+01
cea3095e-8a86-418a-82a1-dcdf16036c8f	05238c7e-4a24-406a-aa4d-4e882e450d82	refunded	9f2e9e97-b9f2-42ec-89f4-b654f4789aef	\N	2026-02-20 21:31:56.553848+01
40648a09-d1e1-4373-949a-98cc2d76d0e4	68bf0a2c-e9fe-4ea6-b928-aabb7df75b82	placed	8ab8e1ac-ba60-49eb-8369-022ede51c676	\N	2026-02-20 21:31:56.565758+01
ff7f3aaa-faef-4075-ba1c-dd8b23863bfe	fadf3fc9-6b20-490a-9cb0-e6f83779a0d4	placed	8ab8e1ac-ba60-49eb-8369-022ede51c676	\N	2026-02-20 21:36:14.676448+01
d645b3c2-6d99-4a11-b97d-9f8b52b3e978	0b274fe5-4f63-44c3-8e75-eeac58a1eb41	placed	8ab8e1ac-ba60-49eb-8369-022ede51c676	\N	2026-02-20 21:36:14.704199+01
5fbc5c13-7299-4395-9828-09a8521082bf	0b274fe5-4f63-44c3-8e75-eeac58a1eb41	cancelled	8ab8e1ac-ba60-49eb-8369-022ede51c676	\N	2026-02-20 21:36:14.742734+01
81547240-c8bf-4674-b00a-f26626679ad5	ede3f2cc-fc98-4668-8e9f-013cb4a9c053	placed	8ab8e1ac-ba60-49eb-8369-022ede51c676	\N	2026-02-20 21:36:14.764862+01
5d5b1dff-dc03-46c1-9439-32cba3d11281	ede3f2cc-fc98-4668-8e9f-013cb4a9c053	paid	8ab8e1ac-ba60-49eb-8369-022ede51c676	\N	2026-02-20 21:36:14.797179+01
4bd41877-b773-40f5-b8bf-b1151d2b8270	ede3f2cc-fc98-4668-8e9f-013cb4a9c053	fulfilled	9f2e9e97-b9f2-42ec-89f4-b654f4789aef	\N	2026-02-20 21:36:14.927794+01
2c3d79e0-f83e-4dba-a210-9f107090ef1f	ede3f2cc-fc98-4668-8e9f-013cb4a9c053	refunded	9f2e9e97-b9f2-42ec-89f4-b654f4789aef	\N	2026-02-20 21:36:14.935675+01
a0ec2bd0-97aa-4dff-8202-ee76d22174ba	c712f00e-b53e-4219-a035-81b63cb37711	placed	8ab8e1ac-ba60-49eb-8369-022ede51c676	\N	2026-02-20 21:36:14.946321+01
58d276e0-d14f-4177-ba17-2c4c01980112	a5a97b90-fee6-4952-a073-d53ab55c095b	placed	8ab8e1ac-ba60-49eb-8369-022ede51c676	\N	2026-02-20 21:39:24.418902+01
fc1b7202-ddbd-4d21-a228-4c527fea3287	70858204-73af-430f-b959-7cecb07dcf18	placed	8ab8e1ac-ba60-49eb-8369-022ede51c676	\N	2026-02-20 21:39:24.456323+01
f1b1c12d-d5c0-4f1e-9428-46bbcaa9fbe5	70858204-73af-430f-b959-7cecb07dcf18	cancelled	8ab8e1ac-ba60-49eb-8369-022ede51c676	\N	2026-02-20 21:39:24.502257+01
1126b654-dbb8-4a74-8217-8edb46e905be	2c906c4b-35ec-4cbc-8d41-1893479f6a10	placed	8ab8e1ac-ba60-49eb-8369-022ede51c676	\N	2026-02-20 21:39:24.528153+01
501c8e97-e8ad-45a7-ba56-ea554857f30b	2c906c4b-35ec-4cbc-8d41-1893479f6a10	paid	8ab8e1ac-ba60-49eb-8369-022ede51c676	\N	2026-02-20 21:39:24.567497+01
487ad5ad-07da-4e07-818b-560d6550eae5	2c906c4b-35ec-4cbc-8d41-1893479f6a10	fulfilled	9f2e9e97-b9f2-42ec-89f4-b654f4789aef	\N	2026-02-20 21:39:24.725278+01
4ab2bff4-be60-4a29-8963-1f7b8762d1da	2c906c4b-35ec-4cbc-8d41-1893479f6a10	refunded	9f2e9e97-b9f2-42ec-89f4-b654f4789aef	\N	2026-02-20 21:39:24.734904+01
ec4ff1d6-b0ee-47c1-8561-85e87d351e1a	835c2b62-ef0b-40ab-815e-80392c899ccb	placed	8ab8e1ac-ba60-49eb-8369-022ede51c676	\N	2026-02-20 21:39:24.748538+01
9c60d691-063f-4538-810b-bc8e4948406c	dc6e40ac-0acc-435d-aa6e-d0e562396a22	placed	8ab8e1ac-ba60-49eb-8369-022ede51c676	\N	2026-02-20 21:47:38.009214+01
4e9a8b14-3931-4b50-8680-044bc2a629d9	95260c7b-c04b-4e70-ab74-e844b8187caa	placed	8ab8e1ac-ba60-49eb-8369-022ede51c676	\N	2026-02-20 21:47:38.061295+01
4860a5dc-d751-42fb-baa6-70171ccc6e65	95260c7b-c04b-4e70-ab74-e844b8187caa	cancelled	8ab8e1ac-ba60-49eb-8369-022ede51c676	\N	2026-02-20 21:47:38.123485+01
7598bb45-fca0-49dd-a235-5420590832f2	3dd3bb24-5270-4dcd-90ef-0ba39302f473	placed	8ab8e1ac-ba60-49eb-8369-022ede51c676	\N	2026-02-20 21:47:38.161627+01
54231568-030a-4718-8c86-696f0912569a	3dd3bb24-5270-4dcd-90ef-0ba39302f473	paid	8ab8e1ac-ba60-49eb-8369-022ede51c676	\N	2026-02-20 21:47:38.228191+01
e1409acb-d221-40e1-8bf4-1ae2c300f4e9	3dd3bb24-5270-4dcd-90ef-0ba39302f473	fulfilled	9f2e9e97-b9f2-42ec-89f4-b654f4789aef	\N	2026-02-20 21:47:38.49711+01
c35a5635-ab5a-4d9f-972e-79cfeeb20ab9	3dd3bb24-5270-4dcd-90ef-0ba39302f473	refunded	9f2e9e97-b9f2-42ec-89f4-b654f4789aef	\N	2026-02-20 21:47:38.512001+01
ca87de57-7cc6-486c-a1d7-60843122470f	a6915b35-ab35-4d61-89af-c7b69bc53ec9	placed	8ab8e1ac-ba60-49eb-8369-022ede51c676	\N	2026-02-20 21:47:38.531541+01
edb6a7af-f0b4-42fb-8b68-64af47a1c19b	7dc2af83-d8d9-4ae2-8020-5daf084863c7	placed	8ab8e1ac-ba60-49eb-8369-022ede51c676	\N	2026-02-20 21:49:44.139311+01
d14c4a21-32bd-4b14-a93e-c3ee8a85acb5	4bc96398-5322-40df-9750-554e4c07089d	placed	8ab8e1ac-ba60-49eb-8369-022ede51c676	\N	2026-02-20 21:49:44.175121+01
28b05b9e-9a32-4fff-b903-c394dd7a3897	4bc96398-5322-40df-9750-554e4c07089d	cancelled	8ab8e1ac-ba60-49eb-8369-022ede51c676	\N	2026-02-20 21:49:44.224745+01
d7364567-776b-43b4-815e-f08380c61c08	6a283a0b-e8b9-4269-b62e-542f0809d88b	placed	8ab8e1ac-ba60-49eb-8369-022ede51c676	\N	2026-02-20 21:49:44.249136+01
fc7e8b74-5a5e-4430-8e9d-95389067e22f	6a283a0b-e8b9-4269-b62e-542f0809d88b	paid	8ab8e1ac-ba60-49eb-8369-022ede51c676	\N	2026-02-20 21:49:44.303916+01
3a8915d3-51c7-4b53-8b45-980f41bcc5e5	6a283a0b-e8b9-4269-b62e-542f0809d88b	fulfilled	9f2e9e97-b9f2-42ec-89f4-b654f4789aef	\N	2026-02-20 21:49:44.5135+01
a859eef9-4317-442f-b121-745610c0537d	6a283a0b-e8b9-4269-b62e-542f0809d88b	refunded	9f2e9e97-b9f2-42ec-89f4-b654f4789aef	\N	2026-02-20 21:49:44.523188+01
7fb2bd68-085b-4132-9944-3baaa117a828	2a2a1104-d995-495b-b143-cfca9a7e9359	placed	8ab8e1ac-ba60-49eb-8369-022ede51c676	\N	2026-02-20 21:49:44.535015+01
47973188-fb06-4a8e-925b-4d7296c7f002	8c16f6de-9736-4919-b05e-49a87eefcf88	placed	8ab8e1ac-ba60-49eb-8369-022ede51c676	\N	2026-02-20 21:51:05.689243+01
9abe9e7d-3ae2-4bf9-bc0f-e2d70941269f	291ae60c-3bbf-4666-aeed-5fcf75587850	placed	8ab8e1ac-ba60-49eb-8369-022ede51c676	\N	2026-02-20 21:51:05.720384+01
f38eaa9a-dcf0-4abe-a543-19c56dcb3723	291ae60c-3bbf-4666-aeed-5fcf75587850	cancelled	8ab8e1ac-ba60-49eb-8369-022ede51c676	\N	2026-02-20 21:51:05.763382+01
67ef565e-15b4-4eaa-8068-5251ad0c0118	78cc834c-bb2b-4a83-ac22-45ebcf79b5d1	placed	8ab8e1ac-ba60-49eb-8369-022ede51c676	\N	2026-02-20 21:51:05.78838+01
d933fcc8-a876-4166-8318-ffad030a8b93	78cc834c-bb2b-4a83-ac22-45ebcf79b5d1	paid	8ab8e1ac-ba60-49eb-8369-022ede51c676	\N	2026-02-20 21:51:05.826983+01
d60ed6de-38e7-4444-ac93-ab4e4a8110af	78cc834c-bb2b-4a83-ac22-45ebcf79b5d1	fulfilled	9f2e9e97-b9f2-42ec-89f4-b654f4789aef	\N	2026-02-20 21:51:05.995942+01
eb6e0caf-3a8d-42a4-bc31-dec70933c200	78cc834c-bb2b-4a83-ac22-45ebcf79b5d1	refunded	9f2e9e97-b9f2-42ec-89f4-b654f4789aef	\N	2026-02-20 21:51:06.00281+01
0e65c93f-677d-4a6e-90c4-a89b4bd9f639	270973bf-8fd4-46c6-8fdb-7a16634c3487	placed	8ab8e1ac-ba60-49eb-8369-022ede51c676	\N	2026-02-20 21:51:06.014004+01
7254a518-0179-4387-8f36-99711fc81a8d	65212a65-976b-4178-afef-7604034d06d5	placed	8ab8e1ac-ba60-49eb-8369-022ede51c676	\N	2026-02-20 21:55:07.988851+01
73904afb-ca39-4abb-b1f0-7c12ba45ee09	dabd6fa9-b82a-44ba-acf8-3bf79b82e4c2	placed	8ab8e1ac-ba60-49eb-8369-022ede51c676	\N	2026-02-20 21:55:08.027494+01
9bb8fedf-3c35-436d-8fa4-b174ed99e59a	dabd6fa9-b82a-44ba-acf8-3bf79b82e4c2	cancelled	8ab8e1ac-ba60-49eb-8369-022ede51c676	\N	2026-02-20 21:55:08.075371+01
5ad3b9ce-1c9b-4b60-9ff5-625db81df7e7	0d032a4b-baa7-4daa-9eed-6aa71a050c73	placed	8ab8e1ac-ba60-49eb-8369-022ede51c676	\N	2026-02-20 21:55:08.102103+01
10b2fed9-9cda-4296-a196-30dcb96d5d22	0d032a4b-baa7-4daa-9eed-6aa71a050c73	paid	8ab8e1ac-ba60-49eb-8369-022ede51c676	\N	2026-02-20 21:55:08.148718+01
98a64b8d-d9c7-4af8-abef-3bac7da240fb	0d032a4b-baa7-4daa-9eed-6aa71a050c73	fulfilled	9f2e9e97-b9f2-42ec-89f4-b654f4789aef	\N	2026-02-20 21:55:08.327627+01
9ff96827-3d92-453a-ab3e-66ef1f989bef	0d032a4b-baa7-4daa-9eed-6aa71a050c73	refunded	9f2e9e97-b9f2-42ec-89f4-b654f4789aef	\N	2026-02-20 21:55:08.334439+01
24084a20-d02a-4f3a-a2d6-2d012e9c62fd	f0d0374f-71f5-4d01-9ed5-67df5b570ba4	placed	8ab8e1ac-ba60-49eb-8369-022ede51c676	\N	2026-02-20 21:55:08.345651+01
077387cf-6e3d-42d8-9166-8f2803ec8528	9f350823-384f-4b10-8d22-b87920977535	placed	8ab8e1ac-ba60-49eb-8369-022ede51c676	\N	2026-02-20 22:05:33.85385+01
c178fe94-824a-4bf9-9576-d9ad4205cb54	2ee13a9e-75f4-4f53-9fa7-fccacaf65bf9	placed	8ab8e1ac-ba60-49eb-8369-022ede51c676	\N	2026-02-20 22:05:33.888535+01
17582232-6008-486e-b102-e58b55784648	2ee13a9e-75f4-4f53-9fa7-fccacaf65bf9	cancelled	8ab8e1ac-ba60-49eb-8369-022ede51c676	\N	2026-02-20 22:05:33.926876+01
934c809a-ad93-4ecf-bab5-3fd60054e0e5	58b54031-2660-446d-b31e-30ac4e4148fc	placed	8ab8e1ac-ba60-49eb-8369-022ede51c676	\N	2026-02-20 22:05:33.95137+01
47bda137-e3f4-4dad-bc8e-c470080c3f25	58b54031-2660-446d-b31e-30ac4e4148fc	paid	8ab8e1ac-ba60-49eb-8369-022ede51c676	\N	2026-02-20 22:05:33.990167+01
2388c9fb-d879-4a43-b6dc-fdc6ed1e9c7d	58b54031-2660-446d-b31e-30ac4e4148fc	fulfilled	9f2e9e97-b9f2-42ec-89f4-b654f4789aef	\N	2026-02-20 22:05:34.15163+01
f1773314-5f70-4fed-a274-8488089d113b	58b54031-2660-446d-b31e-30ac4e4148fc	refunded	9f2e9e97-b9f2-42ec-89f4-b654f4789aef	\N	2026-02-20 22:05:34.159976+01
0c085bf0-5acd-4e26-864c-4abab12282d0	15297e1c-c01e-4edc-88ce-653d87d3212b	placed	8ab8e1ac-ba60-49eb-8369-022ede51c676	\N	2026-02-20 22:05:34.171856+01
673f9f7e-fc40-48cd-bd8a-b4c351dbabd3	fc79a559-e8ad-4c9b-bba5-1564c8d9d72e	placed	8ab8e1ac-ba60-49eb-8369-022ede51c676	\N	2026-02-20 22:09:54.228219+01
b9506c80-3c0f-4380-88c0-a3bb2d08d5cc	18cc3d30-b336-4d70-81df-c751e789fe24	placed	8ab8e1ac-ba60-49eb-8369-022ede51c676	\N	2026-02-20 22:09:54.265923+01
4c4511fc-a721-43b9-80ee-8df00d090a25	18cc3d30-b336-4d70-81df-c751e789fe24	cancelled	8ab8e1ac-ba60-49eb-8369-022ede51c676	\N	2026-02-20 22:09:54.310378+01
e06bd381-ca50-45b5-adbb-5f1000bb1ad7	c702f69c-2979-469b-bde8-4164f023b1c0	placed	8ab8e1ac-ba60-49eb-8369-022ede51c676	\N	2026-02-20 22:09:54.334782+01
ab440773-3996-4412-a979-5e929da65ffa	c702f69c-2979-469b-bde8-4164f023b1c0	paid	8ab8e1ac-ba60-49eb-8369-022ede51c676	\N	2026-02-20 22:09:54.372144+01
68ef2f9d-fbb4-4c18-b0d3-e9ac5e6706fd	c702f69c-2979-469b-bde8-4164f023b1c0	fulfilled	9f2e9e97-b9f2-42ec-89f4-b654f4789aef	\N	2026-02-20 22:09:54.533817+01
f45ac710-550c-4772-808e-c40524b7d119	c702f69c-2979-469b-bde8-4164f023b1c0	refunded	9f2e9e97-b9f2-42ec-89f4-b654f4789aef	\N	2026-02-20 22:09:54.542401+01
f34c6cf1-e8d6-41ec-bafe-0f1917eb6fe7	d05b872f-521f-4650-8a10-f2b95f4da578	placed	8ab8e1ac-ba60-49eb-8369-022ede51c676	\N	2026-02-20 22:09:54.55515+01
acf692a5-ec62-46b2-9329-aea4270ffa62	f27ef818-80dc-4a41-ab7c-7a26b92ade58	placed	8ab8e1ac-ba60-49eb-8369-022ede51c676	\N	2026-02-20 22:10:56.720511+01
6791a2b9-0bf6-45ab-a933-1ef7f6fbb4d7	9b8d34b9-c912-455b-97f1-257fd9142bf6	placed	8ab8e1ac-ba60-49eb-8369-022ede51c676	\N	2026-02-20 22:10:56.751443+01
f124f795-42e5-4769-831f-178ec0589518	9b8d34b9-c912-455b-97f1-257fd9142bf6	cancelled	8ab8e1ac-ba60-49eb-8369-022ede51c676	\N	2026-02-20 22:10:56.792429+01
efc61a6a-bc42-4fa3-a3a5-ce593ce649da	eb7e50c2-9639-476e-9b4f-dc8bf30c3073	placed	8ab8e1ac-ba60-49eb-8369-022ede51c676	\N	2026-02-20 22:10:56.814192+01
f135aaad-e485-4a17-b132-bfab36759817	eb7e50c2-9639-476e-9b4f-dc8bf30c3073	paid	8ab8e1ac-ba60-49eb-8369-022ede51c676	\N	2026-02-20 22:10:56.851028+01
46db574a-cc25-4076-b105-9560490469a3	eb7e50c2-9639-476e-9b4f-dc8bf30c3073	fulfilled	9f2e9e97-b9f2-42ec-89f4-b654f4789aef	\N	2026-02-20 22:10:56.993713+01
613d11b8-8766-4443-9c3c-250fa53cb184	eb7e50c2-9639-476e-9b4f-dc8bf30c3073	refunded	9f2e9e97-b9f2-42ec-89f4-b654f4789aef	\N	2026-02-20 22:10:57.00343+01
733c6280-cd36-40e9-b47c-3534c5a4cb5c	c97af78a-4ff0-43b0-861d-3577f740aa75	placed	8ab8e1ac-ba60-49eb-8369-022ede51c676	\N	2026-02-20 22:10:57.016726+01
680b6bce-4af6-46db-9e77-93a26801704a	72846465-625b-415b-ba49-affb7ee0fee5	placed	8ab8e1ac-ba60-49eb-8369-022ede51c676	\N	2026-02-20 22:21:18.825966+01
e9adde23-7a6b-4bc7-bca7-23a0c7ba6142	9958f662-07bc-43c0-a3bb-940acc6f44d5	placed	8ab8e1ac-ba60-49eb-8369-022ede51c676	\N	2026-02-20 22:21:18.866516+01
cbc709d0-528e-4dac-ba1a-c4652a175b87	9958f662-07bc-43c0-a3bb-940acc6f44d5	cancelled	8ab8e1ac-ba60-49eb-8369-022ede51c676	\N	2026-02-20 22:21:18.910444+01
b3ace6bc-f113-479d-9421-a888d6721c61	f577e815-4060-43e3-be29-b21a49aa5630	placed	8ab8e1ac-ba60-49eb-8369-022ede51c676	\N	2026-02-20 22:21:18.932771+01
6997be72-6daa-4971-9153-619c72678bd4	f577e815-4060-43e3-be29-b21a49aa5630	paid	8ab8e1ac-ba60-49eb-8369-022ede51c676	\N	2026-02-20 22:21:18.970135+01
c6c85149-31f6-4d25-bc5c-20440deb91e1	f577e815-4060-43e3-be29-b21a49aa5630	fulfilled	9f2e9e97-b9f2-42ec-89f4-b654f4789aef	\N	2026-02-20 22:21:19.137114+01
1729cceb-f894-4fb6-a000-488be3fb2e8f	f577e815-4060-43e3-be29-b21a49aa5630	refunded	9f2e9e97-b9f2-42ec-89f4-b654f4789aef	\N	2026-02-20 22:21:19.145863+01
eed50326-b9b5-4d75-8ab3-4d3b848a9488	c6b30b16-4c64-4973-8fea-3b45f0408025	placed	8ab8e1ac-ba60-49eb-8369-022ede51c676	\N	2026-02-20 22:21:19.156091+01
984629ad-8811-45b4-a32e-8fbbf5d7140c	b36a8b47-a794-41b2-bf63-0476f9f7b39b	placed	8ab8e1ac-ba60-49eb-8369-022ede51c676	\N	2026-02-20 22:32:43.255013+01
7723bac2-1c69-459a-bdd3-04370b3010e1	07896ab6-86e5-4210-a844-08573e4b3545	placed	8ab8e1ac-ba60-49eb-8369-022ede51c676	\N	2026-02-20 22:50:47.507958+01
76697d2c-302c-4223-92a4-c046a987fa9f	0a44d1e8-739b-4c99-b081-62aba62dd48c	placed	8ab8e1ac-ba60-49eb-8369-022ede51c676	\N	2026-02-20 22:50:47.539783+01
deca9ef1-ab33-40ba-beb1-155943005b6c	0a44d1e8-739b-4c99-b081-62aba62dd48c	cancelled	8ab8e1ac-ba60-49eb-8369-022ede51c676	\N	2026-02-20 22:50:47.579943+01
4ba821ec-2899-4ae6-ac53-61f39f5d39e1	79cebe7c-af8d-4767-b52a-cfe9c001fa6d	placed	8ab8e1ac-ba60-49eb-8369-022ede51c676	\N	2026-02-20 22:50:47.600674+01
a4f3374a-4bd1-4925-a919-668cb213b725	79cebe7c-af8d-4767-b52a-cfe9c001fa6d	paid	8ab8e1ac-ba60-49eb-8369-022ede51c676	\N	2026-02-20 22:50:47.635267+01
f6ee0dfc-d4f1-441d-9ef7-25b3cf8adf1f	79cebe7c-af8d-4767-b52a-cfe9c001fa6d	fulfilled	9f2e9e97-b9f2-42ec-89f4-b654f4789aef	\N	2026-02-20 22:50:47.798324+01
ce78537b-5eb1-43d4-90b2-64805408cd89	79cebe7c-af8d-4767-b52a-cfe9c001fa6d	refunded	9f2e9e97-b9f2-42ec-89f4-b654f4789aef	\N	2026-02-20 22:50:47.806902+01
c1c20d89-d92f-4930-8066-f7ab31982ea3	4e8840d2-415e-4e4f-ab89-c2e7b422a685	placed	8ab8e1ac-ba60-49eb-8369-022ede51c676	\N	2026-02-20 22:50:47.817323+01
6beb4cab-0705-48a0-a5e1-7ccf7aea356e	17926064-5b2b-460e-a019-cea9772b8666	placed	8ab8e1ac-ba60-49eb-8369-022ede51c676	\N	2026-02-20 22:53:29.330555+01
d1ef1f5b-a9ab-45b7-b707-3aad083cef68	f5fc7893-a161-46af-96b9-cbb5a77c78a6	placed	8ab8e1ac-ba60-49eb-8369-022ede51c676	\N	2026-02-20 22:53:29.354295+01
9778a892-4819-4f4a-9fd1-633f8618820c	f5fc7893-a161-46af-96b9-cbb5a77c78a6	cancelled	8ab8e1ac-ba60-49eb-8369-022ede51c676	\N	2026-02-20 22:53:29.389643+01
1d8f8062-471a-4155-ab75-203836b11df4	9353d604-5424-41ae-a77d-ca1260130a18	placed	8ab8e1ac-ba60-49eb-8369-022ede51c676	\N	2026-02-20 22:53:29.41038+01
1b8768b5-90e4-40c0-81ce-e7b3ebb90072	9353d604-5424-41ae-a77d-ca1260130a18	paid	8ab8e1ac-ba60-49eb-8369-022ede51c676	\N	2026-02-20 22:53:29.443222+01
d25b6194-1e91-4152-b512-8f08447ed9a2	9353d604-5424-41ae-a77d-ca1260130a18	fulfilled	9f2e9e97-b9f2-42ec-89f4-b654f4789aef	\N	2026-02-20 22:53:29.596645+01
f689bc4e-e88e-478a-ae9d-ccf431ae28d3	9353d604-5424-41ae-a77d-ca1260130a18	refunded	9f2e9e97-b9f2-42ec-89f4-b654f4789aef	\N	2026-02-20 22:53:29.605953+01
8e7e64cf-a1b4-440d-9619-490e02565a28	16fde3a9-0237-4f35-ba6d-ba7456274212	placed	8ab8e1ac-ba60-49eb-8369-022ede51c676	\N	2026-02-20 22:53:29.617085+01
36adfd31-4a1b-4329-a88c-719124638cac	73607db1-3c53-4242-acd2-4b5fea64a591	placed	8ab8e1ac-ba60-49eb-8369-022ede51c676	\N	2026-02-20 23:01:40.481125+01
533f6261-20f1-4260-9986-6aaa40abbca0	efc0e99d-778e-43a3-8ccc-159e016a69db	placed	8ab8e1ac-ba60-49eb-8369-022ede51c676	\N	2026-02-20 23:01:40.513301+01
e6a06bb8-65d8-4342-8eae-bb8373aec83b	efc0e99d-778e-43a3-8ccc-159e016a69db	cancelled	8ab8e1ac-ba60-49eb-8369-022ede51c676	\N	2026-02-20 23:01:40.557535+01
ac0b6979-be0f-4355-a003-0d5f2741d5d2	ec7b69c5-76af-418b-8e82-0f5bb1bc91fc	placed	8ab8e1ac-ba60-49eb-8369-022ede51c676	\N	2026-02-20 23:01:40.581918+01
7426884b-e4e4-49ab-ba72-4bdff1b7629c	ec7b69c5-76af-418b-8e82-0f5bb1bc91fc	paid	8ab8e1ac-ba60-49eb-8369-022ede51c676	\N	2026-02-20 23:01:40.618775+01
e8108dda-b206-439a-8bae-e967a3211fb3	ec7b69c5-76af-418b-8e82-0f5bb1bc91fc	fulfilled	9f2e9e97-b9f2-42ec-89f4-b654f4789aef	\N	2026-02-20 23:01:40.774166+01
6d4fa87d-2443-48be-8958-423566f43bca	ec7b69c5-76af-418b-8e82-0f5bb1bc91fc	refunded	9f2e9e97-b9f2-42ec-89f4-b654f4789aef	\N	2026-02-20 23:01:40.781421+01
116e1409-193e-43ba-a3c0-8b694bd73adf	243ac7b0-bb16-4f89-89da-eb46eff1d6dd	placed	8ab8e1ac-ba60-49eb-8369-022ede51c676	\N	2026-02-20 23:01:40.795785+01
01b77f12-3b74-4dd1-a58d-f77952be1071	e1b5d793-c6e5-415d-ae4d-d2d98af709a5	placed	8ab8e1ac-ba60-49eb-8369-022ede51c676	\N	2026-02-20 23:02:22.841759+01
cd4bb7fe-6c9e-4bb8-bee8-e7e927b6919a	8729365f-4f31-49db-bff7-ef0bc7aa1808	placed	8ab8e1ac-ba60-49eb-8369-022ede51c676	\N	2026-02-20 23:12:35.673212+01
0307570b-7c50-48d2-8e03-bd4be5c545b8	2d78d85f-c4ce-4807-908d-cc45f9f9c8f2	placed	8ab8e1ac-ba60-49eb-8369-022ede51c676	\N	2026-02-20 23:12:35.709272+01
c48fe30f-4cd6-42f5-87f9-5a622d28add6	2d78d85f-c4ce-4807-908d-cc45f9f9c8f2	cancelled	8ab8e1ac-ba60-49eb-8369-022ede51c676	\N	2026-02-20 23:12:35.748457+01
49f8572c-28a7-4ef0-9382-b9658c60e5c4	27e19909-8973-4a5b-90ec-bb60543d9f16	placed	8ab8e1ac-ba60-49eb-8369-022ede51c676	\N	2026-02-20 23:12:35.767636+01
bb0fbec3-f1e3-4eda-b7f3-23122c47f717	27e19909-8973-4a5b-90ec-bb60543d9f16	paid	8ab8e1ac-ba60-49eb-8369-022ede51c676	\N	2026-02-20 23:12:35.802116+01
8542d987-2348-422f-9b60-a33f34e81de4	27e19909-8973-4a5b-90ec-bb60543d9f16	fulfilled	9f2e9e97-b9f2-42ec-89f4-b654f4789aef	\N	2026-02-20 23:12:35.943131+01
6b3c43cf-85d3-4327-a421-d82ec46dda8b	27e19909-8973-4a5b-90ec-bb60543d9f16	refunded	9f2e9e97-b9f2-42ec-89f4-b654f4789aef	\N	2026-02-20 23:12:35.949912+01
423225f5-f6d5-48c5-959d-fe2f39f8cd19	78acf822-6263-4e14-83f4-266eb0841773	placed	8ab8e1ac-ba60-49eb-8369-022ede51c676	\N	2026-02-20 23:12:35.960501+01
0c79033b-67b7-4601-b841-6d95091985df	8ce38416-742f-45c5-9d30-7e80c4bfc025	placed	8ab8e1ac-ba60-49eb-8369-022ede51c676	\N	2026-02-20 23:13:24.872945+01
93b95cf5-2957-42b8-997f-865e040d933a	993aa2ad-bca9-4591-8e4d-82e3ae0b6945	placed	8ab8e1ac-ba60-49eb-8369-022ede51c676	\N	2026-02-20 23:22:54.926315+01
b44c6a0a-a288-486e-bf15-c5cac739c9a0	0fd96006-54d5-41d1-9f84-a0a570bba906	placed	8ab8e1ac-ba60-49eb-8369-022ede51c676	\N	2026-02-20 23:22:54.958944+01
10e803e2-8792-4574-b872-0572c0cd7808	0fd96006-54d5-41d1-9f84-a0a570bba906	cancelled	8ab8e1ac-ba60-49eb-8369-022ede51c676	\N	2026-02-20 23:22:55.000716+01
e3af3010-8b6d-4d26-a74d-b6367435f295	e62cd053-88db-460f-b2dc-a6620405d27b	placed	8ab8e1ac-ba60-49eb-8369-022ede51c676	\N	2026-02-20 23:22:55.02149+01
8db0c491-d0df-446d-b2a4-c1e52d375a2e	e62cd053-88db-460f-b2dc-a6620405d27b	paid	8ab8e1ac-ba60-49eb-8369-022ede51c676	\N	2026-02-20 23:22:55.05563+01
1a9a9dcd-1506-43b8-bfb3-8a4cfe139564	e62cd053-88db-460f-b2dc-a6620405d27b	fulfilled	9f2e9e97-b9f2-42ec-89f4-b654f4789aef	\N	2026-02-20 23:22:55.209268+01
2bab362b-462b-47e8-8f00-ba90f64ff3be	e62cd053-88db-460f-b2dc-a6620405d27b	refunded	9f2e9e97-b9f2-42ec-89f4-b654f4789aef	\N	2026-02-20 23:22:55.21639+01
7a50b443-897d-4741-9435-06b62010d1c8	db4182f6-2bc6-4a5c-9371-a0fe49b07ca1	placed	8ab8e1ac-ba60-49eb-8369-022ede51c676	\N	2026-02-20 23:22:55.226852+01
9b035ba2-262c-4acc-aec0-afad3d8e95f7	06460c3b-de57-4afc-80cf-dfc93b2fb8b0	placed	8ab8e1ac-ba60-49eb-8369-022ede51c676	\N	2026-02-20 23:23:31.50205+01
a0aaaec9-1ffe-4118-a700-2b1313e0ac28	bedcab22-22cb-4679-adc0-f61dd28a6fcf	placed	8ab8e1ac-ba60-49eb-8369-022ede51c676	\N	2026-02-21 07:32:02.897663+01
d8483a89-0d23-414d-905f-733bd71fa2cc	b0aeccab-d7c0-4422-badf-19cf45f54309	placed	8ab8e1ac-ba60-49eb-8369-022ede51c676	\N	2026-02-21 07:32:02.92761+01
3b64355b-f923-4200-9131-2061a751ebe0	b0aeccab-d7c0-4422-badf-19cf45f54309	cancelled	8ab8e1ac-ba60-49eb-8369-022ede51c676	\N	2026-02-21 07:32:02.963504+01
158d5b5c-3071-4c3f-80a6-e13aeb580aa7	7407db1a-f7ef-4f02-9e58-26e212950c20	placed	8ab8e1ac-ba60-49eb-8369-022ede51c676	\N	2026-02-21 07:32:02.984436+01
b3acf45b-42e2-4927-9453-59f34ae8c412	7407db1a-f7ef-4f02-9e58-26e212950c20	paid	8ab8e1ac-ba60-49eb-8369-022ede51c676	\N	2026-02-21 07:32:03.027616+01
e9205c8a-6ffe-424a-8982-c48ea082f922	7407db1a-f7ef-4f02-9e58-26e212950c20	fulfilled	9f2e9e97-b9f2-42ec-89f4-b654f4789aef	\N	2026-02-21 07:32:03.29401+01
2a7e2d64-fb73-49c9-a8cd-d317753bd8fb	7407db1a-f7ef-4f02-9e58-26e212950c20	refunded	9f2e9e97-b9f2-42ec-89f4-b654f4789aef	\N	2026-02-21 07:32:03.302453+01
d55ea098-d429-41eb-8d35-06252761c843	843f1abf-b708-46da-a400-402c4ac8202c	placed	8ab8e1ac-ba60-49eb-8369-022ede51c676	\N	2026-02-21 07:32:03.315191+01
b7809f72-a458-4a6f-a6f8-1f5b0ce71b6e	eaefbc28-e925-4e99-9e68-36d3740a304f	placed	8ab8e1ac-ba60-49eb-8369-022ede51c676	\N	2026-02-21 07:32:28.858319+01
c7060c19-1b9e-4e7c-8bb3-d4c1a2dd560b	7332136e-f389-464b-9d40-6c05f12264e8	placed	8ab8e1ac-ba60-49eb-8369-022ede51c676	\N	2026-02-21 07:38:19.818889+01
33cafaaf-a1c3-4594-b35d-c12f9c3bb6a6	3cf8106e-0130-4bed-8686-2620b0f320b3	placed	8ab8e1ac-ba60-49eb-8369-022ede51c676	\N	2026-02-21 07:38:19.838935+01
652f407c-23d7-4f7f-9529-d147f178fd7b	3cf8106e-0130-4bed-8686-2620b0f320b3	cancelled	8ab8e1ac-ba60-49eb-8369-022ede51c676	\N	2026-02-21 07:38:19.86582+01
15854ae9-a237-4b2f-8b55-5dab14990ebc	bae3af27-a4ea-4860-ba08-bd17797fe8aa	placed	8ab8e1ac-ba60-49eb-8369-022ede51c676	\N	2026-02-21 07:38:19.881906+01
206b309a-ed3b-4bfb-aa96-9b7683e4f6e6	bae3af27-a4ea-4860-ba08-bd17797fe8aa	paid	8ab8e1ac-ba60-49eb-8369-022ede51c676	\N	2026-02-21 07:38:19.910151+01
a55065d0-3d9c-4444-8c18-c34285b5083b	bae3af27-a4ea-4860-ba08-bd17797fe8aa	fulfilled	9f2e9e97-b9f2-42ec-89f4-b654f4789aef	\N	2026-02-21 07:38:20.043925+01
99a573aa-6934-4d2d-bd04-1739f76d5fb6	bae3af27-a4ea-4860-ba08-bd17797fe8aa	refunded	9f2e9e97-b9f2-42ec-89f4-b654f4789aef	\N	2026-02-21 07:38:20.049906+01
c37beb02-498f-450f-bc8d-f1a81f1f488f	d6d04ce1-ce8a-4070-9dd7-dc8cb0f10ddb	placed	8ab8e1ac-ba60-49eb-8369-022ede51c676	\N	2026-02-21 07:38:20.060655+01
9c003511-692a-4775-94d5-d60c8b29e742	ef807a77-1c30-45c6-8562-5e29c9e86d96	placed	8ab8e1ac-ba60-49eb-8369-022ede51c676	\N	2026-02-21 07:38:48.149887+01
08fbb79b-b41a-4584-aad0-be68e3dc1856	9a5adbc7-c434-4ead-9d4c-1d59d4bf5abd	placed	8ab8e1ac-ba60-49eb-8369-022ede51c676	\N	2026-02-21 07:40:19.53073+01
a0161138-5d72-4a49-9f86-e539d8a4e7f7	53a18ae9-628d-45d2-a726-2f8b9bcb8d3f	placed	8ab8e1ac-ba60-49eb-8369-022ede51c676	\N	2026-02-21 07:40:19.549755+01
996f2b15-f2fd-4c69-bd14-868fd067a3a9	53a18ae9-628d-45d2-a726-2f8b9bcb8d3f	cancelled	8ab8e1ac-ba60-49eb-8369-022ede51c676	\N	2026-02-21 07:40:19.582175+01
a76733ce-5ccb-4db1-9fe1-7a81f64942c8	bfe09df9-8901-4e55-865d-17d2b40589a3	placed	8ab8e1ac-ba60-49eb-8369-022ede51c676	\N	2026-02-21 07:40:19.599156+01
5673934f-1275-4905-b073-0d9f291a48c3	bfe09df9-8901-4e55-865d-17d2b40589a3	paid	8ab8e1ac-ba60-49eb-8369-022ede51c676	\N	2026-02-21 07:40:19.631631+01
f9188b31-c11a-4117-8f98-2624690bfeb5	bfe09df9-8901-4e55-865d-17d2b40589a3	fulfilled	9f2e9e97-b9f2-42ec-89f4-b654f4789aef	\N	2026-02-21 07:40:19.768884+01
0dfa2576-b75b-4a8a-aad0-4acbb4d2ce7d	bfe09df9-8901-4e55-865d-17d2b40589a3	refunded	9f2e9e97-b9f2-42ec-89f4-b654f4789aef	\N	2026-02-21 07:40:19.777615+01
50f5e2d1-2c8c-4537-b5dc-30d6d6ba380a	0c8ebe98-6a42-4fe6-9ce4-8dc33b3bc3e0	placed	8ab8e1ac-ba60-49eb-8369-022ede51c676	\N	2026-02-21 07:40:19.788066+01
076d58fc-b305-4c6d-bda0-c313622958f9	f3a24da0-4f3b-46d3-8b71-76290c04a187	placed	8ab8e1ac-ba60-49eb-8369-022ede51c676	\N	2026-02-21 07:40:45.70182+01
51456881-6d4f-42d5-a189-fd9c08caa8eb	8ef9a982-65b7-4638-969c-1b6db82a1b6c	placed	8ab8e1ac-ba60-49eb-8369-022ede51c676	\N	2026-02-21 07:48:26.678127+01
17e9ea05-9da7-4571-986a-6930a1e55fb0	20b3266e-00c4-4a52-9e65-7634835442cd	placed	8ab8e1ac-ba60-49eb-8369-022ede51c676	\N	2026-02-21 07:48:26.703019+01
2197674d-3719-4aa6-8282-ef8fde53265e	20b3266e-00c4-4a52-9e65-7634835442cd	cancelled	8ab8e1ac-ba60-49eb-8369-022ede51c676	\N	2026-02-21 07:48:26.733321+01
94e210e4-31c9-4a4d-aca7-3aa23c59a639	9046d4d6-57b5-4f1f-909a-d1fb0ee40cc8	placed	8ab8e1ac-ba60-49eb-8369-022ede51c676	\N	2026-02-21 07:48:26.749987+01
e6336071-e2f4-4585-96c9-485aa849d9a8	9046d4d6-57b5-4f1f-909a-d1fb0ee40cc8	paid	8ab8e1ac-ba60-49eb-8369-022ede51c676	\N	2026-02-21 07:48:26.780542+01
0e5bd58e-f56a-4afd-98a3-bae170676896	9046d4d6-57b5-4f1f-909a-d1fb0ee40cc8	fulfilled	9f2e9e97-b9f2-42ec-89f4-b654f4789aef	\N	2026-02-21 07:48:26.907998+01
c7860310-6dfa-43e2-b5c0-de6f73fe516c	9046d4d6-57b5-4f1f-909a-d1fb0ee40cc8	refunded	9f2e9e97-b9f2-42ec-89f4-b654f4789aef	\N	2026-02-21 07:48:26.918928+01
630ecb4e-cee2-465b-bf81-73089f062824	5122a52e-d51a-478b-aca1-d1b00a021993	placed	8ab8e1ac-ba60-49eb-8369-022ede51c676	\N	2026-02-21 07:48:26.930108+01
5d370270-f2a3-4f1e-8b5b-9b459882e2bb	44329f79-45eb-41a5-90be-1854a29e6cf1	placed	8ab8e1ac-ba60-49eb-8369-022ede51c676	\N	2026-02-21 07:48:52.212831+01
964b2037-468b-4ad0-b186-de6da3fd35ca	44e5a4c7-4c50-4d16-92db-50e5621c224c	placed	8ab8e1ac-ba60-49eb-8369-022ede51c676	\N	2026-02-21 08:12:15.438709+01
3b7a6203-0df6-4617-882e-5d2edf270652	81786c10-afca-48ea-9e5c-a37948af58ef	placed	8ab8e1ac-ba60-49eb-8369-022ede51c676	\N	2026-02-21 08:12:15.466268+01
df512081-38c7-4b23-8cca-f24e1e72fd8e	81786c10-afca-48ea-9e5c-a37948af58ef	cancelled	8ab8e1ac-ba60-49eb-8369-022ede51c676	\N	2026-02-21 08:12:15.49633+01
53d2a072-42b3-45da-815d-ef3053311c9d	acf86476-fe9a-48de-9c41-a3a71dc1e58d	placed	8ab8e1ac-ba60-49eb-8369-022ede51c676	\N	2026-02-21 08:12:15.51326+01
c54f2d94-286c-4ee0-902f-a4310ab1dc51	acf86476-fe9a-48de-9c41-a3a71dc1e58d	paid	8ab8e1ac-ba60-49eb-8369-022ede51c676	\N	2026-02-21 08:12:15.541604+01
17a0f760-631b-42dc-9c3e-4cce17154cdd	acf86476-fe9a-48de-9c41-a3a71dc1e58d	fulfilled	9f2e9e97-b9f2-42ec-89f4-b654f4789aef	\N	2026-02-21 08:12:15.668131+01
a80f934a-9bf7-4d89-b9dc-f3ce6fb6bc8f	acf86476-fe9a-48de-9c41-a3a71dc1e58d	refunded	9f2e9e97-b9f2-42ec-89f4-b654f4789aef	\N	2026-02-21 08:12:15.676226+01
76fba42f-3f35-4b43-a8c0-9f33cd73a146	9324c1f2-9a21-49a8-9ad7-d32ea424f2ec	placed	8ab8e1ac-ba60-49eb-8369-022ede51c676	\N	2026-02-21 08:12:15.68679+01
9d6ef979-5714-42da-89c2-6823708253ed	1e76e5f5-1b5b-4d8a-bb2c-7f905a38281b	placed	8ab8e1ac-ba60-49eb-8369-022ede51c676	\N	2026-02-21 08:12:47.028271+01
f272381c-3538-4db8-92cb-68c7d29151c5	481f4594-0726-41f8-b835-04a5c10cc0ab	placed	8ab8e1ac-ba60-49eb-8369-022ede51c676	\N	2026-02-21 08:29:27.812127+01
3eebf8c3-727a-4d8e-8fa0-a63e9bcdb2b3	46b5fad5-4f4b-47f0-bad1-b7da3b89d0de	placed	8ab8e1ac-ba60-49eb-8369-022ede51c676	\N	2026-02-21 08:29:27.838757+01
f719a00c-65a5-4e3b-97d9-6325944f98fc	46b5fad5-4f4b-47f0-bad1-b7da3b89d0de	cancelled	8ab8e1ac-ba60-49eb-8369-022ede51c676	\N	2026-02-21 08:29:27.868071+01
249662f1-b92f-41a8-804d-1b1c26245bbe	d1c3ac19-c682-4439-953c-b3f14868a912	placed	8ab8e1ac-ba60-49eb-8369-022ede51c676	\N	2026-02-21 08:29:27.888424+01
ff94c6f5-ec33-4176-8001-9c46ab8dcec1	d1c3ac19-c682-4439-953c-b3f14868a912	paid	8ab8e1ac-ba60-49eb-8369-022ede51c676	\N	2026-02-21 08:29:27.921289+01
a4691429-5e92-41f6-9636-e4d93bcba4ef	d1c3ac19-c682-4439-953c-b3f14868a912	fulfilled	9f2e9e97-b9f2-42ec-89f4-b654f4789aef	\N	2026-02-21 08:29:28.047333+01
bc250054-a139-4e2a-999b-b1a0e4ba68cd	d1c3ac19-c682-4439-953c-b3f14868a912	refunded	9f2e9e97-b9f2-42ec-89f4-b654f4789aef	\N	2026-02-21 08:29:28.054473+01
b5bbe346-fda3-44fa-9593-29a3fe28a195	8e49b94c-21cb-42bf-97b8-e2392332a7e0	placed	8ab8e1ac-ba60-49eb-8369-022ede51c676	\N	2026-02-21 08:29:28.064328+01
166a7a19-8aff-4e1c-8880-6a35af1e5c60	455601d4-3404-4d6b-ad7f-41231e977d29	placed	8ab8e1ac-ba60-49eb-8369-022ede51c676	\N	2026-02-21 08:29:58.657779+01
ebb5be4c-235d-466b-a1a7-d526e034c454	ee274cf5-5492-4f79-bf39-eea899a65c17	placed	8ab8e1ac-ba60-49eb-8369-022ede51c676	\N	2026-02-21 09:11:51.406127+01
461e5e73-15c1-4251-85a2-e7197d9b5255	883bcd0d-f944-41bd-80bc-b4ef9c6cd2c4	placed	8ab8e1ac-ba60-49eb-8369-022ede51c676	\N	2026-02-21 09:11:51.438387+01
fe93933e-31e6-4707-9a24-8bcb2dddfa17	883bcd0d-f944-41bd-80bc-b4ef9c6cd2c4	cancelled	8ab8e1ac-ba60-49eb-8369-022ede51c676	\N	2026-02-21 09:11:51.481673+01
da2e5b0d-90e6-4df4-8583-b61243215d84	7e072e1e-7a0d-4425-a94d-971b984d29e6	placed	8ab8e1ac-ba60-49eb-8369-022ede51c676	\N	2026-02-21 09:11:51.504606+01
30b17aff-64a5-45c4-a5c7-54ce62ff6b61	7e072e1e-7a0d-4425-a94d-971b984d29e6	paid	8ab8e1ac-ba60-49eb-8369-022ede51c676	\N	2026-02-21 09:11:51.543475+01
2989ca4f-da77-491c-b442-eb68f311e603	7e072e1e-7a0d-4425-a94d-971b984d29e6	fulfilled	9f2e9e97-b9f2-42ec-89f4-b654f4789aef	\N	2026-02-21 09:11:51.782423+01
af3fc006-1b5d-4b0c-8b82-11ef8cea1888	7e072e1e-7a0d-4425-a94d-971b984d29e6	refunded	9f2e9e97-b9f2-42ec-89f4-b654f4789aef	\N	2026-02-21 09:11:51.791943+01
c37e07c3-80cb-4bbb-be2d-0951a4bce299	6b6c127a-fd7d-4636-a5df-651a63a91f30	placed	8ab8e1ac-ba60-49eb-8369-022ede51c676	\N	2026-02-21 09:11:51.803563+01
170c3475-340b-4a58-9a98-e788588e72ea	39678eae-b2f3-4c49-9d01-24fed1764f2b	placed	8ab8e1ac-ba60-49eb-8369-022ede51c676	\N	2026-02-21 09:26:02.890846+01
5f9deaef-2431-49d7-85f7-5ec93100a071	1f1e8af8-1cf0-4171-9da5-bee1150bdd5e	placed	8ab8e1ac-ba60-49eb-8369-022ede51c676	\N	2026-02-21 09:26:02.925024+01
139af58e-1745-451b-944b-0b7b5bbd0db8	1f1e8af8-1cf0-4171-9da5-bee1150bdd5e	cancelled	8ab8e1ac-ba60-49eb-8369-022ede51c676	\N	2026-02-21 09:26:02.972012+01
cef6a8e8-33e0-47ac-b674-901d8ab2337e	920fdc7f-f8da-41e8-8339-e9fd49bd4afd	placed	8ab8e1ac-ba60-49eb-8369-022ede51c676	\N	2026-02-21 09:26:02.993763+01
5f7b7dd5-3d7f-49e9-a74c-c9676d19c489	920fdc7f-f8da-41e8-8339-e9fd49bd4afd	paid	8ab8e1ac-ba60-49eb-8369-022ede51c676	\N	2026-02-21 09:26:03.035212+01
3a20b9f2-4ac9-4f95-a87d-7a2596d243e6	920fdc7f-f8da-41e8-8339-e9fd49bd4afd	fulfilled	9f2e9e97-b9f2-42ec-89f4-b654f4789aef	\N	2026-02-21 09:26:03.208436+01
ce6a2280-f969-4974-8f47-e69bfc06ee47	920fdc7f-f8da-41e8-8339-e9fd49bd4afd	refunded	9f2e9e97-b9f2-42ec-89f4-b654f4789aef	\N	2026-02-21 09:26:03.216616+01
a08b7035-9b84-451b-9413-4d43231ed8c9	e6877c01-8b0c-4266-b9d3-1119c8a58048	placed	8ab8e1ac-ba60-49eb-8369-022ede51c676	\N	2026-02-21 09:26:03.229111+01
52b784eb-8ec2-43a3-ab73-9ed02c4c19e1	f03fd331-5664-4e47-92f3-487d811c4a05	placed	8ab8e1ac-ba60-49eb-8369-022ede51c676	\N	2026-02-21 09:28:32.523925+01
131a57b3-023d-404b-8146-dca291c15501	4df30c02-f3fa-40cb-9efc-d36016ab4580	placed	8ab8e1ac-ba60-49eb-8369-022ede51c676	\N	2026-02-21 09:28:32.541494+01
602095a3-c5c4-4df2-93ac-a28b46f9ff3e	4df30c02-f3fa-40cb-9efc-d36016ab4580	cancelled	8ab8e1ac-ba60-49eb-8369-022ede51c676	\N	2026-02-21 09:28:32.577261+01
8c67ebe8-94b6-488b-807f-7d3528b5936d	19d798ad-fb31-489d-a125-dfebcec6f1fe	placed	8ab8e1ac-ba60-49eb-8369-022ede51c676	\N	2026-02-21 09:28:32.594826+01
9a168951-e85d-46c6-ba9f-1fadc3e3dd60	19d798ad-fb31-489d-a125-dfebcec6f1fe	paid	8ab8e1ac-ba60-49eb-8369-022ede51c676	\N	2026-02-21 09:28:32.629421+01
9b6f8c07-9e5a-49cf-8397-ccf9fc0a4b2a	19d798ad-fb31-489d-a125-dfebcec6f1fe	fulfilled	9f2e9e97-b9f2-42ec-89f4-b654f4789aef	\N	2026-02-21 09:28:32.766972+01
69a1276d-d0a0-408d-a24f-48792a3a73ae	19d798ad-fb31-489d-a125-dfebcec6f1fe	refunded	9f2e9e97-b9f2-42ec-89f4-b654f4789aef	\N	2026-02-21 09:28:32.77554+01
7fbee90a-32b2-450e-af9a-ca276e0a5143	8621755c-5ee2-42df-9932-927c895bd851	placed	8ab8e1ac-ba60-49eb-8369-022ede51c676	\N	2026-02-21 09:28:32.787304+01
22e77028-3018-4a48-9ca7-f4d3d9204f0c	a8abd4ab-eedf-4043-9510-05d4ea5c29dc	placed	8ab8e1ac-ba60-49eb-8369-022ede51c676	\N	2026-02-21 09:31:34.979983+01
be0d8db7-15ef-4bf9-a02f-7dbede5e44a7	9f8eea69-97e7-483c-8e40-5a3fbc25c773	placed	8ab8e1ac-ba60-49eb-8369-022ede51c676	\N	2026-02-21 09:31:35.012579+01
d48e2b82-b859-4175-8d88-81a319b67299	9f8eea69-97e7-483c-8e40-5a3fbc25c773	cancelled	8ab8e1ac-ba60-49eb-8369-022ede51c676	\N	2026-02-21 09:31:35.049387+01
a1f818b0-3867-413b-8a39-0358c0713641	cd565cd0-3bef-4750-8b87-381e750cb16b	placed	8ab8e1ac-ba60-49eb-8369-022ede51c676	\N	2026-02-21 09:31:35.070946+01
5a2d190a-f500-4491-a081-f964dafe7323	cd565cd0-3bef-4750-8b87-381e750cb16b	paid	8ab8e1ac-ba60-49eb-8369-022ede51c676	\N	2026-02-21 09:31:35.106004+01
6a719e93-67df-484e-b832-3fe4c94e42f0	cd565cd0-3bef-4750-8b87-381e750cb16b	fulfilled	9f2e9e97-b9f2-42ec-89f4-b654f4789aef	\N	2026-02-21 09:31:35.239931+01
b867b0c8-f630-43a1-96cb-3dccfb2b5160	cd565cd0-3bef-4750-8b87-381e750cb16b	refunded	9f2e9e97-b9f2-42ec-89f4-b654f4789aef	\N	2026-02-21 09:31:35.247167+01
b5d61152-7519-475a-af29-ec56b878fc81	47e3ad7a-6f21-494b-80a2-60398799e96f	placed	8ab8e1ac-ba60-49eb-8369-022ede51c676	\N	2026-02-21 09:31:35.258437+01
51d8d131-00ed-488c-9b6d-f90df325ced1	2bb18b79-76f0-401e-8f91-43547c75bb8b	placed	8ab8e1ac-ba60-49eb-8369-022ede51c676	\N	2026-02-21 09:33:06.294763+01
7a3df2f9-dbb0-42b4-9cf9-e58a2b334785	c6f9256b-7851-4c38-9936-77e7b8323516	placed	8ab8e1ac-ba60-49eb-8369-022ede51c676	\N	2026-02-21 09:56:43.332155+01
24146583-6c09-46d1-a386-cf081701cf86	592031c8-d275-4ff7-8501-7676300bd87e	placed	8ab8e1ac-ba60-49eb-8369-022ede51c676	\N	2026-02-21 09:56:43.365542+01
196b624b-7e94-41f0-a6d5-198e8155c1a8	592031c8-d275-4ff7-8501-7676300bd87e	cancelled	8ab8e1ac-ba60-49eb-8369-022ede51c676	\N	2026-02-21 09:56:43.404511+01
a3f024ac-9e0c-4dfc-81c7-74be60bb5b71	7a34f6a0-a7f6-41be-a78f-a7474c63a7aa	placed	8ab8e1ac-ba60-49eb-8369-022ede51c676	\N	2026-02-21 09:56:43.427027+01
fa15eb07-2059-4e7e-9dbb-a6176fe7fe36	7a34f6a0-a7f6-41be-a78f-a7474c63a7aa	paid	8ab8e1ac-ba60-49eb-8369-022ede51c676	\N	2026-02-21 09:56:43.465002+01
dd336a39-dd73-4bb2-a899-f0ef8db9b7b9	7a34f6a0-a7f6-41be-a78f-a7474c63a7aa	fulfilled	9f2e9e97-b9f2-42ec-89f4-b654f4789aef	\N	2026-02-21 09:56:43.602723+01
d144526e-b8f1-4120-9d7f-61e82c96c069	7a34f6a0-a7f6-41be-a78f-a7474c63a7aa	refunded	9f2e9e97-b9f2-42ec-89f4-b654f4789aef	\N	2026-02-21 09:56:43.609828+01
3d001490-8ce9-4d46-8252-05497c056745	57fc18e7-b030-4730-a517-5c8fce4319b1	placed	8ab8e1ac-ba60-49eb-8369-022ede51c676	\N	2026-02-21 09:56:43.62192+01
069ea2d0-743f-48c2-97a6-cd58d0eafd78	9bb44b12-f196-416e-bbda-388a0a74f04b	placed	8ab8e1ac-ba60-49eb-8369-022ede51c676	\N	2026-02-21 10:16:55.069675+01
9d979979-ad00-45d3-8b97-68052070ca5c	965e6c3f-0334-4a46-868b-4f694d39e011	placed	8ab8e1ac-ba60-49eb-8369-022ede51c676	\N	2026-02-21 10:16:55.094713+01
dc711ceb-3c69-4138-8e23-0183046525c6	965e6c3f-0334-4a46-868b-4f694d39e011	cancelled	8ab8e1ac-ba60-49eb-8369-022ede51c676	\N	2026-02-21 10:16:55.125401+01
71621947-25e0-46c1-b78c-41c65ff88d3c	c84e0eef-1aaf-458d-9188-f6bf62fb92ac	placed	8ab8e1ac-ba60-49eb-8369-022ede51c676	\N	2026-02-21 10:16:55.144065+01
51e5fcfc-91e8-41a0-9626-00348500879c	c84e0eef-1aaf-458d-9188-f6bf62fb92ac	paid	8ab8e1ac-ba60-49eb-8369-022ede51c676	\N	2026-02-21 10:16:55.177265+01
6260a12a-37f9-48a8-aa8b-6f11f74a1361	c84e0eef-1aaf-458d-9188-f6bf62fb92ac	fulfilled	9f2e9e97-b9f2-42ec-89f4-b654f4789aef	\N	2026-02-21 10:16:55.307074+01
015bcff9-a2f7-4ca3-9369-00bf797f79d7	c84e0eef-1aaf-458d-9188-f6bf62fb92ac	refunded	9f2e9e97-b9f2-42ec-89f4-b654f4789aef	\N	2026-02-21 10:16:55.315768+01
f44fc62c-fb2f-4766-971b-797ef727764b	4ddcb4b2-6cee-44f4-b6ef-5ca0c697507a	placed	8ab8e1ac-ba60-49eb-8369-022ede51c676	\N	2026-02-21 10:16:55.327888+01
ff0a2a1a-bb76-4146-9e0f-2363df3a7c8e	17cd5b51-b66b-4807-bfb0-9744464b60f1	placed	8ab8e1ac-ba60-49eb-8369-022ede51c676	\N	2026-02-21 11:10:04.612082+01
511e4f5a-36ef-4267-9d88-435f3254ad11	e0145fce-b691-4969-ba9d-3c8e6d22e3c9	placed	8ab8e1ac-ba60-49eb-8369-022ede51c676	\N	2026-02-21 11:10:04.636807+01
d123aa6a-46d6-4622-8ca8-7b26a12e39c6	e0145fce-b691-4969-ba9d-3c8e6d22e3c9	cancelled	8ab8e1ac-ba60-49eb-8369-022ede51c676	\N	2026-02-21 11:10:04.666672+01
31db4c5e-8ece-46e3-b34a-d71651e3fdfc	ec2bad94-a410-41b4-b12b-71db9aabb25b	placed	8ab8e1ac-ba60-49eb-8369-022ede51c676	\N	2026-02-21 11:10:04.686042+01
0ded8f57-5750-48f8-a954-1bf61ba77755	ec2bad94-a410-41b4-b12b-71db9aabb25b	paid	8ab8e1ac-ba60-49eb-8369-022ede51c676	\N	2026-02-21 11:10:04.720631+01
55fea7bc-cc8f-4b7b-93b4-0564ff95ee05	ec2bad94-a410-41b4-b12b-71db9aabb25b	fulfilled	9f2e9e97-b9f2-42ec-89f4-b654f4789aef	\N	2026-02-21 11:10:04.848928+01
8fc6c726-e1db-400f-96ee-a0ab7773c0f0	ec2bad94-a410-41b4-b12b-71db9aabb25b	refunded	9f2e9e97-b9f2-42ec-89f4-b654f4789aef	\N	2026-02-21 11:10:04.855983+01
7af4314e-cd51-4bc1-bd13-af1320cf7280	c5edc2f2-da9b-48ed-bc80-fea0d1a2ba64	placed	8ab8e1ac-ba60-49eb-8369-022ede51c676	\N	2026-02-21 11:10:04.866335+01
34ae4efb-c817-49a7-9f90-15b58bc911c3	fa8009a6-ea74-4e6d-870a-746e0c3ecca3	placed	8ab8e1ac-ba60-49eb-8369-022ede51c676	\N	2026-02-21 11:19:29.940902+01
14a674d2-67cb-4b7f-be84-61a5430c50e2	92facbcd-ed09-4dad-8846-467f42e466be	placed	8ab8e1ac-ba60-49eb-8369-022ede51c676	\N	2026-02-21 11:19:29.967455+01
42ea6ab3-84f6-4a7d-b958-3a8450d48d78	92facbcd-ed09-4dad-8846-467f42e466be	cancelled	8ab8e1ac-ba60-49eb-8369-022ede51c676	\N	2026-02-21 11:19:29.998728+01
9c73a7de-1fa8-4c79-a7b3-5de834edd5ae	12788b6e-c0b2-413a-a279-f72b857fe26d	placed	8ab8e1ac-ba60-49eb-8369-022ede51c676	\N	2026-02-21 11:19:30.019042+01
3b6fdc26-36ba-42a7-a597-1e72303d4cf7	12788b6e-c0b2-413a-a279-f72b857fe26d	paid	8ab8e1ac-ba60-49eb-8369-022ede51c676	\N	2026-02-21 11:19:30.057073+01
5ef6ff7b-906c-4072-957a-74b8f1b9703f	12788b6e-c0b2-413a-a279-f72b857fe26d	fulfilled	9f2e9e97-b9f2-42ec-89f4-b654f4789aef	\N	2026-02-21 11:19:30.188699+01
e9c7aa91-d9c4-44db-93a3-a8f66736b53a	12788b6e-c0b2-413a-a279-f72b857fe26d	refunded	9f2e9e97-b9f2-42ec-89f4-b654f4789aef	\N	2026-02-21 11:19:30.1985+01
6ca64177-4c1e-47b2-86b8-b55533631de6	2218cf51-712c-4018-9957-f7e6b632194a	placed	8ab8e1ac-ba60-49eb-8369-022ede51c676	\N	2026-02-21 11:19:30.208323+01
f97bddd7-5149-40fd-8115-8116667bc792	c4dba45a-03f1-4c5b-aaf5-fcc027ccc255	placed	8ab8e1ac-ba60-49eb-8369-022ede51c676	\N	2026-02-21 11:35:32.036022+01
e2af751a-4408-4692-9465-f96cc24789d2	a0a58f2f-79ea-428d-a4cc-917f855695a4	placed	8ab8e1ac-ba60-49eb-8369-022ede51c676	\N	2026-02-21 11:35:32.071303+01
0c0b4435-5ad5-481c-80f9-b68689a7f7aa	a0a58f2f-79ea-428d-a4cc-917f855695a4	cancelled	8ab8e1ac-ba60-49eb-8369-022ede51c676	\N	2026-02-21 11:35:32.107033+01
70e6c386-0efc-4257-a398-b824e6986e4a	2223c2dc-4bab-4f9c-a984-6939a0236c53	placed	8ab8e1ac-ba60-49eb-8369-022ede51c676	\N	2026-02-21 11:35:32.127916+01
04948c45-cc8c-4cd7-9b82-617ab211c384	2223c2dc-4bab-4f9c-a984-6939a0236c53	paid	8ab8e1ac-ba60-49eb-8369-022ede51c676	\N	2026-02-21 11:35:32.164309+01
5a41437b-047f-445e-8387-140487644279	2223c2dc-4bab-4f9c-a984-6939a0236c53	fulfilled	9f2e9e97-b9f2-42ec-89f4-b654f4789aef	\N	2026-02-21 11:35:32.299044+01
10be4c17-3f9e-4fed-85d4-d643751625c4	2223c2dc-4bab-4f9c-a984-6939a0236c53	refunded	9f2e9e97-b9f2-42ec-89f4-b654f4789aef	\N	2026-02-21 11:35:32.307353+01
2889f2b7-0531-42b8-989e-63127002ea4a	47db3661-a48e-41e1-951c-846eae24d3dc	placed	8ab8e1ac-ba60-49eb-8369-022ede51c676	\N	2026-02-21 11:35:32.316373+01
\.


--
-- Data for Name: order_items; Type: TABLE DATA; Schema: public; Owner: postgres
--

COPY public.order_items (id, order_id, product_id, product_variant_id, quantity, price_cents, created_at) FROM stdin;
9a5ffec7-2963-451c-a70b-f5eb6ccfe36b	11b130ae-fa40-441c-afc4-f6e48ec53bc6	c3e3afe3-fe6c-490a-91ac-d75da1a3433a	dca4b2b8-434f-4d66-b24f-bb6d26945a53	1	1000	2026-02-20 13:56:21.978234+01
e3bbfe42-54d4-48a2-8c96-71cd92cbb744	c4750d61-161e-41e0-8692-a81db2b8d27d	1ddb8372-c4b8-4976-958f-88428a1f3dc9	92341cf3-0ad5-476e-b896-8b6ab3f722c7	1	999	2026-02-20 17:09:32.224514+01
f1ada256-187f-469c-9ae0-b5b6cda9256b	6729fa76-6781-452d-8541-8d4da701f746	950092bc-13dc-4f1a-a46e-60da9396a796	1850454c-5904-4ab1-8303-abbf35dbc5c9	1	1999	2026-02-20 17:09:32.265046+01
fc1b3545-675c-4b7c-8501-6905f4fcbce7	2cc659dd-edba-46ee-944c-159b07eba073	950092bc-13dc-4f1a-a46e-60da9396a796	1850454c-5904-4ab1-8303-abbf35dbc5c9	1	1999	2026-02-20 17:09:32.317983+01
4ba22436-0e94-474e-a9f9-aa441c4bb908	8d35d5d9-ad26-421d-b0bc-cf71d9145d64	950092bc-13dc-4f1a-a46e-60da9396a796	1850454c-5904-4ab1-8303-abbf35dbc5c9	1	1999	2026-02-20 17:09:32.549438+01
5fd0de7d-cab6-4df5-829b-2223cdf1d029	38bd416e-d3bf-4b0a-b591-d0429fd60da7	d809913b-28bc-42b5-b46d-5d3047912d7c	4d242a75-8c13-4931-bdfa-50d164087ff2	1	999	2026-02-20 17:33:06.797772+01
b336674a-0051-4487-9182-53665ef659fe	5c4b9c99-88c9-4a75-ae3f-e3ab0c7ec629	34894d4d-6cfb-428a-9328-4aee36e4c31b	2d118872-9bab-4773-8bed-947d41a97e5d	1	1999	2026-02-20 17:33:06.839405+01
4a8ae407-a9bb-4366-8837-e094135c4fbd	87f15afa-a924-43ad-9291-7f8a43aadc28	34894d4d-6cfb-428a-9328-4aee36e4c31b	2d118872-9bab-4773-8bed-947d41a97e5d	1	1999	2026-02-20 17:33:06.922448+01
fd31a125-fecc-4563-aa49-12cb7971d27f	8d5cf17b-ab18-44ed-8b7c-f1f93dd2e4da	34894d4d-6cfb-428a-9328-4aee36e4c31b	2d118872-9bab-4773-8bed-947d41a97e5d	1	1999	2026-02-20 17:33:07.23897+01
7ca57af1-9a9c-4afb-9250-d291eb4d5eb4	ddec03cd-1e7e-4e5f-b991-623cd04aa0e3	e5e247c5-18f7-4272-b3ec-ad12644353bd	18f8a2b8-8209-402d-8e64-f918cf9e16ef	1	999	2026-02-20 18:13:44.331852+01
27be0e64-4ae7-441a-8132-e979deab2184	e098187b-8b6e-49ff-95c8-6f12f2cfef9a	36cfcf93-3706-4c31-902a-5a88ae1d5f09	01dd5890-c3ca-48b5-941d-66c66a3bb043	1	1999	2026-02-20 18:13:44.360108+01
33f5272d-544e-447b-9bb1-13ecc341bb07	7b358604-d770-457b-9b67-ba326d68ce1f	36cfcf93-3706-4c31-902a-5a88ae1d5f09	01dd5890-c3ca-48b5-941d-66c66a3bb043	1	1999	2026-02-20 18:13:44.503889+01
ad369eec-ebb2-416a-8327-fd0aa28ab9b5	4f7a1a68-ee5d-42d6-b9eb-4e41e999d4f4	36cfcf93-3706-4c31-902a-5a88ae1d5f09	01dd5890-c3ca-48b5-941d-66c66a3bb043	1	1999	2026-02-20 18:13:44.875956+01
18fba6dd-16a5-4ebe-b635-0fa1005d75f7	e196cf06-45cc-4c30-b0bc-516847e0d7ac	7f7b1910-0d03-4e53-8082-6056c2fe520d	91908b51-35eb-4d3e-8ae1-8b1b2d117287	1	999	2026-02-20 18:48:03.63693+01
daf9bb98-8e15-452c-8644-e236576c7ad0	b15c9c47-cea4-4d11-870e-ac4133b31a89	c74f2279-7173-4cce-84f7-43d980b34185	85db5ed5-1246-46d1-b88b-48a76d33645c	1	1999	2026-02-20 18:48:03.670612+01
eb3d3a36-a5d0-4df9-9e6b-3a806df3d296	68715f1d-5bc5-4da7-ba41-bd1bd276a1ef	c74f2279-7173-4cce-84f7-43d980b34185	85db5ed5-1246-46d1-b88b-48a76d33645c	1	1999	2026-02-20 18:48:03.722618+01
423923a0-decf-4318-8456-e2ab6bf9a2a3	eabfb5f2-955c-4ea8-9eff-93d9bb7d8347	c74f2279-7173-4cce-84f7-43d980b34185	85db5ed5-1246-46d1-b88b-48a76d33645c	1	1999	2026-02-20 18:48:03.919829+01
0ad227b6-49da-4711-b0a9-7bf128644d02	9191a0c8-7819-4d29-9ed9-db6c40565d19	6fa71180-3c65-415f-8863-075f33ac1cc6	9f039447-5b0e-4197-9b01-f8a8750aa7a2	1	999	2026-02-20 19:19:08.222103+01
7de4a1ad-1408-4183-a4cb-a04ca3a34a8f	07f6180d-5566-477f-86ce-dfff8f17d29c	5e6774f8-756b-471a-9fe4-4ee87fda90b9	b3d5fdcc-636b-46d6-a0f1-92b519c8c926	1	1999	2026-02-20 19:19:08.262286+01
73cd6aa2-9229-4150-b08c-c54920866675	a0fa0339-6fd0-45ca-bc26-c0a12a6ebeed	022c05e4-c143-4cd1-8125-05a6e2cfa283	eccdeef5-d70c-4295-b64c-66b57a42dbe9	1	999	2026-02-20 19:23:36.454023+01
1aaabfd7-6a42-43be-997d-2987137240d3	de62dff0-82be-4f81-adb8-e0702ede57c2	a8efb989-a8cd-4e48-801e-2ea49ac6c1f0	c60d2017-4365-4722-b7ef-c2aa33b1996e	1	1999	2026-02-20 19:23:36.472201+01
d58b13c7-60f8-41eb-9b12-9592902f52db	0c469a62-4e13-430d-94ae-9e83324dc4e2	0dc24447-bf0f-4d72-9e74-b2a971f521a8	25752976-ae95-4d0a-a43a-4f42201dadca	1	1999	2026-02-20 19:24:37.85729+01
f1e3ce3b-20cd-4ee5-a09c-c8b4101b1cb6	d92eda0e-8755-45a3-a4ff-cf7d434b8617	0dc24447-bf0f-4d72-9e74-b2a971f521a8	25752976-ae95-4d0a-a43a-4f42201dadca	1	1999	2026-02-20 19:24:37.907535+01
1eb7ce75-43c8-4c08-a8f2-6bebb913df98	804da28b-a531-459e-95e7-cc2dc90a6e0d	0dc24447-bf0f-4d72-9e74-b2a971f521a8	25752976-ae95-4d0a-a43a-4f42201dadca	1	1999	2026-02-20 19:24:38.083065+01
1d191f72-22b4-4bfa-9aca-b7740cc6b635	175e63d3-0a8a-49a2-b1d7-40d28510e5c1	8af16064-2cec-4a67-b51f-92ef46230bd7	1adb3207-4c1d-47e9-a3f6-7f4757bf5b73	1	999	2026-02-20 19:26:37.721183+01
0fc3f5d8-650f-4a29-a186-32945ff5559a	6fd019a2-0dfe-4284-b487-1c526130e8b4	468822fa-46b8-4753-ade6-ddd081f52bd1	27132fef-a203-41be-a0c8-c762e63d25a0	1	1999	2026-02-20 19:26:37.750347+01
ff8e85dc-841c-4461-adfb-963a1d79a5ba	fa33fd81-d015-4cd0-bd86-afb37d3817ea	86f218b2-ca6a-415c-8379-03b63e4f693b	a847ac06-189c-453d-b6e5-08b8f1c767dd	1	999	2026-02-20 19:36:29.933239+01
a71b2be6-7818-4628-885c-bf38819453b5	5070f81a-c225-4088-9f53-1a96db3e3456	3592c658-2e55-45a5-a729-c84afb1d63c7	aa322328-92ba-4df9-9a0f-9f3f295e7f20	1	1999	2026-02-20 19:36:29.96159+01
2ede0178-635d-4762-bad1-cab02590da4c	bd9d1d44-8c8b-4cb7-8451-c40c2bbc4015	1fc8390d-6776-4062-9aa6-d86af9222568	617ad425-5508-4ae8-ad1c-d6df53392411	1	999	2026-02-20 19:37:26.704908+01
d42b9af9-14a5-4aa1-beae-c04ed3747ce8	f7f24de9-cb52-4bfa-b1c7-89d0ab2af686	9afe0360-1d1a-4faf-95ea-0711e86cafdf	30fbcad5-7949-4f30-bfab-9c2cf11d8dc9	1	1999	2026-02-20 19:37:26.734607+01
c0861682-28c7-42e8-9ef7-3d185337ffd0	f1daf52b-cc8a-47b5-80bc-8ed5826fc99a	27fc4077-8fcc-4e2b-b39d-6c1bdfb21eda	cd6a7a3b-35b9-47ba-902b-92dd385e4fdf	1	3	2026-02-20 19:41:51.028006+01
96120a1b-de7a-45ca-8661-bf0c39f4af98	778e69cc-ebb7-4b3c-ae97-864ab94e4f58	acce7197-c80c-4609-a105-85a927983871	9ea0ad1f-8739-4ba5-a5e3-e0ac6c540f1a	1	999	2026-02-20 19:59:42.135404+01
ce47a90e-6864-4e58-9aae-434df5b84d79	df9815d7-df63-4551-9ba0-893c6116f580	2ddd3750-882c-410d-86b9-5ff1f350390f	2a687288-7948-4660-ab27-94eaea523ebf	1	1999	2026-02-20 19:59:42.167309+01
e1532867-bdaa-4c46-8fa4-75bbe37885f2	ad87c2f0-be44-4ab8-984e-f1e5ed636b01	a2cb105d-16e3-4da4-b2b8-fd23b71e5632	5df1c3fa-c096-43b3-9c0b-dbff9b668fbc	1	999	2026-02-20 20:00:15.612234+01
55f2aa25-89d3-45fd-9430-fbfd41bc80e5	69d491f8-83a9-44eb-af56-7e510f5e8c1a	d8c577a8-23f0-49b6-86be-8c39d022e3ff	7f46de71-8af4-4bc2-846f-59baa60d79d9	1	1999	2026-02-20 20:00:15.642286+01
5f1f4171-e87d-4d86-bf0d-140248f5efee	9c8ade65-e880-4ee2-9cbb-778ed41ea7dd	e2bbb0c0-273d-4817-90b9-0d107a429d5f	4f3f100b-6fd9-4223-9333-e605b6fcfd59	1	999	2026-02-20 20:13:42.098851+01
6bfa7c21-1c31-4145-83c4-c483d45e67e1	8861e174-a67a-4f8d-8ac7-73e38b09dc7d	d4f5b0bc-4a26-4912-b75d-7584a927f1f8	4562ac96-2bd8-491b-a75f-a45e95b136fa	1	1999	2026-02-20 20:13:42.129111+01
235b25c8-6730-408e-a708-ef7cd74f1f28	71f95c7b-9aab-4c9a-b8e9-ac0cdac01a61	46f7e586-be6b-4a56-bd50-e787dd117a1f	7c6b4280-050d-4c9c-84ac-e404e0a765a7	1	999	2026-02-20 20:14:43.544693+01
d39f6ed4-43c6-4239-8ba7-68d1af2671b7	115e3cb2-fb07-42b8-86d4-49630f80731e	b3dfcc2e-6b57-41f1-a4ae-575d99a16cdf	f2d3ed2d-9680-4221-9bbc-8c6e2a2f533c	1	1999	2026-02-20 20:14:43.575099+01
414c9d9c-eece-42aa-82a9-358ddbc1320a	37f2dfb5-e0c9-4afb-8467-fc979c734445	63f4b264-2bbd-4bc3-a48b-21cc7af9ef96	9c2ffdb0-ea78-4e77-807f-8570b2e21f48	1	999	2026-02-20 20:16:31.429068+01
b0938210-f676-4b0b-adcf-9833b4efb0e0	22763ba0-c768-43f4-9b73-9c50cbd50648	81086311-4adb-42d3-854e-4cdd1e55e039	239c8492-8f0c-4d4b-aa46-bcfda5626f0e	1	1999	2026-02-20 20:16:31.473269+01
c7330101-f39e-4dca-861f-84be400efb40	f9b883e1-1e1e-46e4-bcb5-031b4944d7bb	3cae1830-eb0b-4a80-9144-9c8bf8c09633	e07945f6-5a00-495a-adc3-fc6ff23d5862	1	999	2026-02-20 20:18:35.274696+01
ecbf467e-caa1-4f81-ac40-b86cee5bd90d	02e3b891-4352-46f7-8a79-d18471224d01	7b5e8388-bdb3-4f5f-b33e-fb50290259b9	060a30cc-92a1-425b-9297-e4c85b19368a	1	1999	2026-02-20 20:18:35.3376+01
bef1826f-0499-47a8-9895-51d52a9872bc	3080bb3b-826c-4eed-8d73-fe948b01a984	53c9f144-97b2-41c6-a627-a5d4d9544a3e	28042007-3372-4d30-a770-9d411768f00d	1	999	2026-02-20 20:23:53.565401+01
230b0894-2a97-4b0e-9876-881e36f49fb8	6685b0ad-8425-4a73-ab89-7709895eb466	6805676a-575f-4f3c-84f0-6f5e2561a13e	53a236ca-6c96-4c0b-a947-fc4044cdf400	1	1999	2026-02-20 20:23:53.58615+01
8f52a26c-6404-45a9-be5e-fc1787891c5d	af170ef9-62c1-4ba3-a701-bd704dcc9b2d	ff039009-76ed-44be-b086-3b3262b4aa53	53fa2302-07df-4f24-a619-3c859973f9a5	1	999	2026-02-20 20:34:33.599511+01
f65c7361-66b5-4387-a6ec-d323387f7fa9	1c3afce1-cd15-409c-8bb6-c82a6fcc3b4e	2f3d6894-c75f-4277-aefb-9228309e01c9	b3b1cb2e-a578-4627-a355-c54649e5334a	1	1999	2026-02-20 20:34:33.623481+01
395dd431-a47f-4a51-b0b6-316d5498242a	5c38489c-48e3-4fcf-b48c-a15ac7b9fbbc	f46c42e4-dce0-45f9-ba56-9e548e908f42	9ce1e921-9518-4e24-a1e0-62c61fef0d9e	1	999	2026-02-20 20:41:53.78554+01
7e87246c-eee6-4d8e-8b5c-9d70eae664cc	e047c737-1f2e-4b79-96a3-33b7e170bc18	92777e0e-2ba7-4f31-a711-36002d4e8741	3546b99d-797c-4eb0-a784-7fa8b3dad996	1	1999	2026-02-20 20:41:53.814444+01
34526301-63db-4808-acc0-1c761fbb86cf	2e1a9213-faa6-4147-92de-c95b4e8d4dd5	77dbbdbc-20d7-41f9-aac0-78f639c517a9	ed2ec0a0-3ec7-49da-8136-81a602dbbe8e	1	999	2026-02-20 20:43:12.637041+01
bdc6e398-c7ef-4aaa-aa1e-1cd602c870df	8d7f5527-bc56-4308-9d36-9c6d633041a2	673d0367-b0fd-4570-a94e-893348d4457d	98e24412-7368-4df0-bf6b-aacc738666b4	1	1999	2026-02-20 20:43:12.669654+01
b526a494-3697-498e-a250-cf963fbf5719	eff3d32d-f4b5-4b73-94e4-b59817e7634d	673d0367-b0fd-4570-a94e-893348d4457d	98e24412-7368-4df0-bf6b-aacc738666b4	1	1999	2026-02-20 20:43:12.787103+01
f743eb8f-8fd0-4825-9f2d-bdd842df0b0c	5520580a-ec2b-4f5b-88f1-f2823ae7e890	673d0367-b0fd-4570-a94e-893348d4457d	98e24412-7368-4df0-bf6b-aacc738666b4	1	1999	2026-02-20 20:43:13.03213+01
64b22a65-fd76-46e9-a1e1-4a3b2e684677	04140a73-9d6c-441b-a4cf-2221a0ca7292	c8be12f3-b38d-48ca-ae0a-6de928344776	6adadb45-9c0f-42b0-8fd4-440e37f18848	1	999	2026-02-20 20:44:01.682589+01
cd27ff79-2330-4a4c-9477-61418bd969af	08c2b3bb-a35d-48eb-9d40-77cc6b9aa929	b4210ece-dc4f-4a6c-9514-0d28568ffb0e	b09b9439-4f47-4863-970a-5245d7a5e5e5	1	1999	2026-02-20 20:44:01.718134+01
f327f1c2-794b-4452-acf0-2e8f72db7479	bc648b0c-80ea-4e93-adec-e51e4607b92c	b4210ece-dc4f-4a6c-9514-0d28568ffb0e	b09b9439-4f47-4863-970a-5245d7a5e5e5	1	1999	2026-02-20 20:44:01.797686+01
bf777483-f659-46f7-b750-258bb7180cdf	795fcf42-7e75-4e23-a18a-6201c9917730	b4210ece-dc4f-4a6c-9514-0d28568ffb0e	b09b9439-4f47-4863-970a-5245d7a5e5e5	1	1999	2026-02-20 20:44:02.047894+01
aceff98a-b753-4fc1-831b-600446251be0	85140b4a-e302-412c-a274-520bc7408627	413c4673-2f36-4938-b1f4-c42b14fed2a9	c3873f53-5940-4e83-b5dc-feeb39234193	1	999	2026-02-20 20:44:14.180429+01
273949b0-570c-4b3c-a04c-5d0ce82083b8	186bc096-a424-4105-bd5e-047011777d59	e120f70e-9862-47c0-b20e-625f7ccdd111	8844ea63-cc67-4514-a6b6-61a469f85735	1	1999	2026-02-20 20:44:14.226313+01
ec1cd523-e8f7-40ce-944b-9cad1a1d8e80	07211e33-37fe-4e47-9752-e68571fecef1	e120f70e-9862-47c0-b20e-625f7ccdd111	8844ea63-cc67-4514-a6b6-61a469f85735	1	1999	2026-02-20 20:44:14.350719+01
0577d4f1-73b2-4f17-84b0-43e3d03b694a	cae0281f-daa2-4802-844a-fe59985eb3a1	e120f70e-9862-47c0-b20e-625f7ccdd111	8844ea63-cc67-4514-a6b6-61a469f85735	1	1999	2026-02-20 20:44:14.604309+01
72bf3d23-c890-413d-b84d-b88a8ae986eb	b129cb6a-a6c4-4c37-9a8a-8e2b459d2967	02518118-b117-487a-81a4-4dcd74120f7a	90547276-1c33-4b9c-9031-8eb15ca80054	1	999	2026-02-20 20:47:22.42985+01
f789afb1-92c8-4c70-82fa-2204b2c627de	f9452907-3a38-4bca-8432-efb293681744	154ca80a-3f40-415c-be0a-1efd274f8c03	644bdb20-bf1a-4569-8a9d-dcbd31122c18	1	1999	2026-02-20 20:47:22.462429+01
c4ff0fb9-f14b-4733-8f98-12bcc2bf07ce	5016a4cf-93f5-4727-af35-1e60d4f398a4	9c78bccb-b006-440f-a9f0-19f04f7ad7d5	628177ac-65a0-45e9-b8c1-8c81ffc21c1e	1	999	2026-02-20 20:51:52.907476+01
2233402b-efdd-490a-8b7a-6c05a8090bb6	58fc95ef-1ee4-4c5f-acae-b727cd70c502	3856de7f-8a10-4cc4-9c8b-428ac162d732	be86adc3-c7e3-4f78-a5eb-dcc3c20d9889	1	1999	2026-02-20 20:51:52.938182+01
17d4e978-d2a3-4181-aeec-60f5b852f887	10431dc8-d0c9-4a75-aae0-b411ee1c7217	5811180c-0d07-4767-b423-342c0eaf3485	5e3739bd-1fbc-4fee-a6db-8cdfa430cb34	1	999	2026-02-20 20:54:29.75453+01
2604e30b-e26a-4f75-84d2-c104a2c382e7	81d4244b-2ac6-445e-92f6-1ff9c0fbe2bd	c83f34a5-f04e-4a27-a2c6-1addec80286f	b166aadd-9aa8-491f-8f5a-12a10dea3bf4	1	1999	2026-02-20 20:54:29.801484+01
74f1cde5-db58-4ce9-9090-6a46a4740e82	48145712-2ff3-4427-8a9b-90877e1460a9	c83f34a5-f04e-4a27-a2c6-1addec80286f	b166aadd-9aa8-491f-8f5a-12a10dea3bf4	1	1999	2026-02-20 20:54:29.881823+01
baee0b30-4c4f-4464-bbdc-3cf72abe147f	3e6e1fe4-7b05-4d26-a8e3-cf5b4173702e	c83f34a5-f04e-4a27-a2c6-1addec80286f	b166aadd-9aa8-491f-8f5a-12a10dea3bf4	1	1999	2026-02-20 20:54:30.135793+01
c72de527-48ad-4f10-ad93-d083e0914111	bcfea0f2-ead2-4a8b-8b99-9fd44fa4c366	240fc3fd-f671-4b67-b1d5-74730aa44ad9	0eab851b-39f1-4662-b3c5-6f23735e2ad3	1	999	2026-02-20 20:56:59.016452+01
af64f8af-499a-49ea-b8da-3e5e15de70d0	a1cff8e1-29eb-493c-ac9c-339489cbeea4	6dd93fac-df2d-495e-ba7f-9f8c91c6c309	530f5926-8674-4c42-ade2-be92de2182b2	1	1999	2026-02-20 20:56:59.04727+01
b0d26df9-3d6e-42cc-9367-b35446872948	e2f5edcb-8c02-4da9-90e4-15a6b17c6107	6dd93fac-df2d-495e-ba7f-9f8c91c6c309	530f5926-8674-4c42-ade2-be92de2182b2	1	1999	2026-02-20 20:56:59.120344+01
4393ae19-5398-4d78-a6f9-9277cbc0d7de	8987e09c-4397-4bd1-b8e4-8603b962def7	6dd93fac-df2d-495e-ba7f-9f8c91c6c309	530f5926-8674-4c42-ade2-be92de2182b2	1	1999	2026-02-20 20:56:59.35554+01
491cbdf6-1c9c-4eb7-a29b-fedb56e9c6fd	cebcbbfc-b657-43de-9b4b-e585c3cd1e16	937945e5-5a14-431d-b43a-d5fa145daf11	c8278e32-d943-48dd-abd2-602a3bce99d6	1	999	2026-02-20 20:57:50.419981+01
daecc3b4-7931-4d0b-9c1a-eb55746a71d1	6def4716-8684-4136-afd8-546a8707984f	65f08541-0df4-4e2f-9aff-502f72f170f2	8f4c7be1-f003-4ff4-9b42-4236a0c32fff	1	1999	2026-02-20 20:57:50.454308+01
c5b1c020-c2c9-42b2-85c6-3be591216311	05a269c5-82e9-4071-93a7-6e3ecd52cb26	5fda7c52-c490-441a-8d73-f4afd450cb59	00829f24-8f54-4fe5-8881-f13ba4b941d7	1	1999	2026-02-20 20:58:51.752547+01
42ff7cd2-8117-4413-897d-1235c6b244ac	4af5eedd-5f4e-4633-8964-38538dcaaef9	5fda7c52-c490-441a-8d73-f4afd450cb59	00829f24-8f54-4fe5-8881-f13ba4b941d7	1	1999	2026-02-20 20:58:51.804843+01
688cc9d3-1d37-41e8-8031-8a0582d6b10d	9a4f0956-b1d5-46ab-83c5-7b2b698fca65	5fda7c52-c490-441a-8d73-f4afd450cb59	00829f24-8f54-4fe5-8881-f13ba4b941d7	1	1999	2026-02-20 20:58:51.981274+01
c7027220-fb7e-4274-9e38-71f90292cfa6	7c9f417d-537b-4a17-b4fd-9ee83b9350db	0a8cd0a8-ace6-425d-ae1a-d5630931c22a	e4ab0183-1ec5-4131-932d-879f1a64ce35	1	999	2026-02-20 21:02:34.228504+01
7f7ab47d-7fb5-4729-8333-507607c96632	dfad82d8-2fc9-492c-abfd-d411e43f52d5	e315a8bd-c2e4-4b18-8698-61ef9a82fe71	69f6453a-09fc-4e0d-adac-21af813263b8	1	1999	2026-02-20 21:02:34.256601+01
47d8b9d8-1e7e-4808-9bbc-b473880e1593	44f4ed71-9149-4b48-945d-ec6ca4172d69	5409b788-9bc7-4c9e-8add-6c4c7eaad11d	0625272c-2b5e-48d7-8e83-6e0ee03dc96f	1	999	2026-02-20 21:03:51.639372+01
e1749d72-6034-4dd3-9873-90912d0ef7df	73960257-f597-496d-bb1b-d86c4ab35460	1aea4237-9cd6-40b9-811a-0216fcae1bc8	609f3fe0-8d78-42cf-8530-c3eb171fd9ca	1	1999	2026-02-20 21:03:51.667193+01
d6c1a5a3-48d6-4413-9cae-e9dd06fe8f23	fb0aeb87-39bf-4d26-97d5-446fd74da851	1aea4237-9cd6-40b9-811a-0216fcae1bc8	609f3fe0-8d78-42cf-8530-c3eb171fd9ca	1	1999	2026-02-20 21:03:51.721412+01
3676db05-b06c-43d8-b93d-e5e90742cd50	3eadc42b-3c41-47ef-8b6b-b2efcc119b82	1aea4237-9cd6-40b9-811a-0216fcae1bc8	609f3fe0-8d78-42cf-8530-c3eb171fd9ca	1	1999	2026-02-20 21:03:51.920624+01
ddba6b7a-7e97-4a16-9e5c-97428107a10f	cda16108-267f-4de6-81bf-5a77a7ddbc10	938a2e83-a712-4e8b-bc9c-09c67e786eb8	3f4460ed-e761-43c6-8f3b-ac0e20553ae6	1	999	2026-02-20 21:04:57.902667+01
a9ba20b5-29ee-4f17-b5aa-6f359bfeeff7	4b499a1c-c6d8-4066-ab1d-3403fb5b0bf7	674b755d-b226-4765-aa7a-619496d21481	04caf1b9-b865-484d-9ffd-6aff927cf245	1	1999	2026-02-20 21:04:57.929585+01
7684d35e-fa0e-4175-8c1e-58d3aff07ab3	d08f7cbb-e183-42c4-8a6d-644e91879885	674b755d-b226-4765-aa7a-619496d21481	04caf1b9-b865-484d-9ffd-6aff927cf245	1	1999	2026-02-20 21:04:57.99263+01
04d55192-3c73-475c-9207-172a5c3a7f2f	ed3ee2fe-6dd8-4d3e-b7e7-f07e133e64f9	674b755d-b226-4765-aa7a-619496d21481	04caf1b9-b865-484d-9ffd-6aff927cf245	1	1999	2026-02-20 21:04:58.203252+01
79267945-c5bd-4a4d-99d3-0e6ee5724305	665ee844-fd01-4824-a6d8-c9dc8cb64364	8307d5ca-a4fc-4970-bf43-b0595a9d96a3	398f8589-bfe8-4a1d-8793-a3a2da3097e2	1	999	2026-02-20 21:10:05.317092+01
b63e9cce-91dc-45fe-85e3-cc3dca1262a2	14a45e7c-c2b9-46e7-bae3-2633b70368da	91922e05-cf07-4b2e-9847-ed55fb20bee9	83c6b07f-f6ae-4737-8cd5-094d840bd617	1	1999	2026-02-20 21:10:05.348812+01
5cf4f4de-c0a0-4664-b2fb-ff164075eaf8	2b700e44-eae9-4845-926f-f5f86e84fbb5	91922e05-cf07-4b2e-9847-ed55fb20bee9	83c6b07f-f6ae-4737-8cd5-094d840bd617	1	1999	2026-02-20 21:10:05.414354+01
e20044de-1f4e-4cae-b508-ef60880f9c23	5c7d053d-7a74-4fe9-8fb5-0b8100ff2cf3	91922e05-cf07-4b2e-9847-ed55fb20bee9	83c6b07f-f6ae-4737-8cd5-094d840bd617	1	1999	2026-02-20 21:10:05.636513+01
3ba56893-d088-4541-9219-3c4e523cb291	4629acb1-5884-4c8f-8cac-2c71c8ca6100	131eb86c-12ef-4556-875f-04205f210f84	65122fa5-7171-4296-875e-4a723641db3f	1	999	2026-02-20 21:14:17.295452+01
ec0a12e7-1a32-460f-9e8e-f8bd78b0b35e	1fe09fd4-41d2-4170-a33d-2cd383527706	163ed294-ac82-427e-a924-a135172838f9	348de363-91d4-457a-b282-150506172022	1	1999	2026-02-20 21:14:17.326193+01
9daf9cfb-796e-4d42-9774-b9a5d6c3c210	9fe0b63b-c294-4c1b-ab86-fe8a69a53f5a	163ed294-ac82-427e-a924-a135172838f9	348de363-91d4-457a-b282-150506172022	1	1999	2026-02-20 21:14:17.392712+01
e2d485c7-4d2e-49f7-b7dc-9cda02283275	4f4e0445-0502-466a-a084-f6bbe5ea5ba2	163ed294-ac82-427e-a924-a135172838f9	348de363-91d4-457a-b282-150506172022	1	1999	2026-02-20 21:14:17.58083+01
1795c4fd-f8ec-44b5-beeb-4a295b2fb13b	9de86cde-b115-46ec-8d55-8fe8b8bf69fa	3eea5f7b-3a54-4ea8-8563-b67531909437	b71ab854-1cc5-45cd-b351-e6b498480e7f	1	999	2026-02-20 21:18:57.767845+01
af4b5457-0c1f-4953-bf23-c59bc8af6378	44fc69d6-0083-41d1-b821-da772c3572e2	c2d25839-bf92-4e65-86f0-8af00b643511	ab4bac27-aa7a-4096-bafb-1c3b920d63ba	1	1999	2026-02-20 21:18:57.794119+01
60952be4-ebb2-40f5-9a8d-8fa1366160f8	c649690c-5a5e-4144-82ef-a3df76809a8b	c2d25839-bf92-4e65-86f0-8af00b643511	ab4bac27-aa7a-4096-bafb-1c3b920d63ba	1	1999	2026-02-20 21:18:57.842292+01
872c5f48-b206-4630-9175-401efc3f8689	a6cb22c4-338f-4eaf-939d-fb9a714db515	c2d25839-bf92-4e65-86f0-8af00b643511	ab4bac27-aa7a-4096-bafb-1c3b920d63ba	1	1999	2026-02-20 21:18:58.024937+01
8c856174-bdba-4a66-b199-6f878997c503	993ca6ba-e0a8-4fa2-a181-b43ddd581877	63349742-9370-4822-afcf-3bf2b527a07b	b4fd5709-00a1-46a3-83bb-7e3e4940e023	1	999	2026-02-20 21:24:16.648813+01
b44b3343-ebe4-42b9-97b9-f6205a5a8240	2b62b2c1-2f6d-4045-b4a6-e228586fefc4	1799e028-83df-477c-8496-18185a680b91	8b0c74f0-8221-4d08-9020-793d49f5d655	1	1999	2026-02-20 21:24:16.679978+01
a62da663-907e-46c9-a68e-b5cdcd83a6bf	1825977c-acd5-41e0-a647-dea33339b376	1799e028-83df-477c-8496-18185a680b91	8b0c74f0-8221-4d08-9020-793d49f5d655	1	1999	2026-02-20 21:24:16.741773+01
e75252ff-4490-4f8d-8d33-b1f8bb317b9f	bcdf4b27-273c-4114-886a-5fafd89560e9	1799e028-83df-477c-8496-18185a680b91	8b0c74f0-8221-4d08-9020-793d49f5d655	1	1999	2026-02-20 21:24:16.943205+01
d70495cd-2ca3-45ff-a582-f1f7e4368574	d39b3162-e693-4486-a9d0-e4ff5fc22933	f36d1e01-0dfe-4674-8e15-96958d53fd3c	83bfa53d-3d6f-49d4-b348-d68224318bb1	1	999	2026-02-20 21:27:54.741781+01
aecf1b14-fb6d-4857-8eab-0fb2fe1970e4	ec4437c5-e7e5-487a-b0af-e4d9d26cc641	9d7ab100-0a36-4a8f-93bb-3c2014d85e8f	baa0879c-6ff3-4963-b51e-107ec3bec040	1	1999	2026-02-20 21:27:54.77565+01
07f36b1f-2bb4-4f60-a849-e6dfe49f7921	0d02c53a-905d-40ff-9766-3c84bf402093	9d7ab100-0a36-4a8f-93bb-3c2014d85e8f	baa0879c-6ff3-4963-b51e-107ec3bec040	1	1999	2026-02-20 21:27:54.834376+01
7024fe59-4960-43b1-ab1a-afe42bcacac5	e31afaa1-bc8d-46ea-bc69-0ef74a1209be	9d7ab100-0a36-4a8f-93bb-3c2014d85e8f	baa0879c-6ff3-4963-b51e-107ec3bec040	1	1999	2026-02-20 21:27:55.026879+01
42b2dfbe-ad33-4857-bd9d-1d8b32a2159d	da698d3d-6516-4694-8eb0-5544236d7608	2475eef8-09ad-4a9f-820f-152f5cdb5284	8278ed3f-08a6-47c9-9600-30f2d6d32285	1	999	2026-02-20 21:31:56.238825+01
7cb64877-69f7-4b3e-ab1c-f80b00ca587f	4abf7cea-506d-4015-b120-7c5a4fccea14	36da4451-6029-4787-ba54-9d6ec65e4443	06962429-7d04-4436-bd7b-28639aa56d06	1	1999	2026-02-20 21:31:56.271178+01
495048d7-4d8f-4be1-8b32-eeefa79e7413	05238c7e-4a24-406a-aa4d-4e882e450d82	36da4451-6029-4787-ba54-9d6ec65e4443	06962429-7d04-4436-bd7b-28639aa56d06	1	1999	2026-02-20 21:31:56.337202+01
cdb3fcad-b31e-476c-a62c-77047cd87a63	68bf0a2c-e9fe-4ea6-b928-aabb7df75b82	36da4451-6029-4787-ba54-9d6ec65e4443	06962429-7d04-4436-bd7b-28639aa56d06	1	1999	2026-02-20 21:31:56.565758+01
19f75da2-c8b4-4207-bdf2-551f34127ebd	fadf3fc9-6b20-490a-9cb0-e6f83779a0d4	2c39f05c-f4da-4b7e-8be4-c8b66727b6ed	f6e38076-5a7e-4da8-a964-79e0a75a0deb	1	999	2026-02-20 21:36:14.676448+01
204df53b-6b43-4b7b-bda6-f74256922b22	0b274fe5-4f63-44c3-8e75-eeac58a1eb41	979b727d-daeb-442c-b013-fe166e82dddc	0bf7361b-6953-4379-b0ee-9ab70ec7bb45	1	1999	2026-02-20 21:36:14.704199+01
d60d64ff-07a9-4f10-8b2c-6727b78073e3	ede3f2cc-fc98-4668-8e9f-013cb4a9c053	979b727d-daeb-442c-b013-fe166e82dddc	0bf7361b-6953-4379-b0ee-9ab70ec7bb45	1	1999	2026-02-20 21:36:14.764862+01
9c84f35a-986a-4632-a71c-7e2add1b0b5d	c712f00e-b53e-4219-a035-81b63cb37711	979b727d-daeb-442c-b013-fe166e82dddc	0bf7361b-6953-4379-b0ee-9ab70ec7bb45	1	1999	2026-02-20 21:36:14.946321+01
53f24368-7e16-4a59-b942-fe6022c1ddaf	a5a97b90-fee6-4952-a073-d53ab55c095b	49109335-34ec-4e78-9ecc-8de394a51be2	3571c31d-c519-4c53-b385-1c6445b9152b	1	999	2026-02-20 21:39:24.418902+01
d7cd8b1d-bf42-4082-96fe-6ee6226a5221	70858204-73af-430f-b959-7cecb07dcf18	abfe816d-1a63-4a30-ac2a-f3b7fd3a7be6	89fef6ce-4b2c-4b27-a61a-a77aa0612ac7	1	1999	2026-02-20 21:39:24.456323+01
5aef8698-d44b-4df1-8bb0-f4b150c44359	2c906c4b-35ec-4cbc-8d41-1893479f6a10	abfe816d-1a63-4a30-ac2a-f3b7fd3a7be6	89fef6ce-4b2c-4b27-a61a-a77aa0612ac7	1	1999	2026-02-20 21:39:24.528153+01
6e5974fb-0530-4f8d-9527-2a638b8d9a3c	835c2b62-ef0b-40ab-815e-80392c899ccb	abfe816d-1a63-4a30-ac2a-f3b7fd3a7be6	89fef6ce-4b2c-4b27-a61a-a77aa0612ac7	1	1999	2026-02-20 21:39:24.748538+01
1ebbe169-3916-4038-800f-7a2250f5e84f	dc6e40ac-0acc-435d-aa6e-d0e562396a22	c7de034e-8135-4207-9806-6d4637eccc54	1d73f01a-7138-4020-8140-b36c4850f931	1	999	2026-02-20 21:47:38.009214+01
b27acb19-5fb6-4c3b-9182-a792a6393f07	95260c7b-c04b-4e70-ab74-e844b8187caa	fc5fa4a4-90fa-48d3-8590-a053070e0567	3df7175b-6dbb-49bd-aed1-4104921aba62	1	1999	2026-02-20 21:47:38.061295+01
a725f519-dba0-4a12-a14f-6bdfe276f035	3dd3bb24-5270-4dcd-90ef-0ba39302f473	fc5fa4a4-90fa-48d3-8590-a053070e0567	3df7175b-6dbb-49bd-aed1-4104921aba62	1	1999	2026-02-20 21:47:38.161627+01
bd55af08-6843-4048-951a-8729f569c615	a6915b35-ab35-4d61-89af-c7b69bc53ec9	fc5fa4a4-90fa-48d3-8590-a053070e0567	3df7175b-6dbb-49bd-aed1-4104921aba62	1	1999	2026-02-20 21:47:38.531541+01
c583fc4a-f66b-4d86-aeec-9fd4b5a29673	7dc2af83-d8d9-4ae2-8020-5daf084863c7	de620741-663c-4202-b5ff-37c86fce2912	6c7dc7e3-fcd0-4063-9bc0-f062213626b8	1	999	2026-02-20 21:49:44.139311+01
3e8d9c05-f0e9-4196-8d5c-f3bba9ec0440	4bc96398-5322-40df-9750-554e4c07089d	b1c84fab-ec93-4fa1-9c6d-71893b3cb652	cc1a17dd-b4a6-4328-8921-2fdfa7211bd6	1	1999	2026-02-20 21:49:44.175121+01
84c0bcdc-c449-4a45-8c53-1901d5c0e972	6a283a0b-e8b9-4269-b62e-542f0809d88b	b1c84fab-ec93-4fa1-9c6d-71893b3cb652	cc1a17dd-b4a6-4328-8921-2fdfa7211bd6	1	1999	2026-02-20 21:49:44.249136+01
3ae12425-ec69-4247-9203-29f71d8635de	2a2a1104-d995-495b-b143-cfca9a7e9359	b1c84fab-ec93-4fa1-9c6d-71893b3cb652	cc1a17dd-b4a6-4328-8921-2fdfa7211bd6	1	1999	2026-02-20 21:49:44.535015+01
87b0211c-a7d0-48a9-be2c-b7dcb7544aef	8c16f6de-9736-4919-b05e-49a87eefcf88	02919bd6-eef1-49ee-8dd2-50a33cec1201	a5ac5cb5-bf4d-4fde-8d37-96c2312b31bc	1	999	2026-02-20 21:51:05.689243+01
67a44dd6-982e-4f92-a513-317063fb1287	291ae60c-3bbf-4666-aeed-5fcf75587850	caf1219e-07a6-4b0c-854d-ae8d129faeb0	81580dd6-ddb9-44e8-a4e0-a9ff9b06e363	1	1999	2026-02-20 21:51:05.720384+01
67ae97cb-a373-4f19-a506-a176e5112b83	78cc834c-bb2b-4a83-ac22-45ebcf79b5d1	caf1219e-07a6-4b0c-854d-ae8d129faeb0	81580dd6-ddb9-44e8-a4e0-a9ff9b06e363	1	1999	2026-02-20 21:51:05.78838+01
ed588ea1-92ee-4124-b806-92e0bd4e650b	270973bf-8fd4-46c6-8fdb-7a16634c3487	caf1219e-07a6-4b0c-854d-ae8d129faeb0	81580dd6-ddb9-44e8-a4e0-a9ff9b06e363	1	1999	2026-02-20 21:51:06.014004+01
bb27c90d-d5c3-479d-b713-be0428c07c8d	65212a65-976b-4178-afef-7604034d06d5	be820394-baa7-470a-bb93-7beca8162474	05c8abe1-730c-4e9b-a601-aba3fecd324e	1	999	2026-02-20 21:55:07.988851+01
d99c3922-0788-48bd-81af-180cb6ef5138	dabd6fa9-b82a-44ba-acf8-3bf79b82e4c2	f132feff-af74-499a-9c9d-9a6e515c168a	5078a563-1ff2-426a-aee6-7dbc769c8fbe	1	1999	2026-02-20 21:55:08.027494+01
b2d1aebf-2152-4e9d-ab09-28ed88d8f5a0	0d032a4b-baa7-4daa-9eed-6aa71a050c73	f132feff-af74-499a-9c9d-9a6e515c168a	5078a563-1ff2-426a-aee6-7dbc769c8fbe	1	1999	2026-02-20 21:55:08.102103+01
9287a0c3-93ab-420b-9c48-e95ac9403f4d	f0d0374f-71f5-4d01-9ed5-67df5b570ba4	f132feff-af74-499a-9c9d-9a6e515c168a	5078a563-1ff2-426a-aee6-7dbc769c8fbe	1	1999	2026-02-20 21:55:08.345651+01
1d4cb338-a94c-46a4-8917-1b9437b65a1d	9f350823-384f-4b10-8d22-b87920977535	9b93c5fa-d006-48fc-9b3a-82980f2d54ea	0fbac1de-6baa-47df-9b0d-e68c0edf0277	1	999	2026-02-20 22:05:33.85385+01
cc313325-a192-4d11-a22e-6c2ca5c4ff59	2ee13a9e-75f4-4f53-9fa7-fccacaf65bf9	eab3b486-3954-4e52-86a3-21854a8a93c4	7ed0ed5b-d463-4ef8-a5d0-69c7ff971602	1	1999	2026-02-20 22:05:33.888535+01
03256dfa-6cc2-492e-aa80-b989b1521d19	58b54031-2660-446d-b31e-30ac4e4148fc	eab3b486-3954-4e52-86a3-21854a8a93c4	7ed0ed5b-d463-4ef8-a5d0-69c7ff971602	1	1999	2026-02-20 22:05:33.95137+01
f6793a5f-d54c-455d-b373-ef799aac6a04	15297e1c-c01e-4edc-88ce-653d87d3212b	eab3b486-3954-4e52-86a3-21854a8a93c4	7ed0ed5b-d463-4ef8-a5d0-69c7ff971602	1	1999	2026-02-20 22:05:34.171856+01
6100f212-c80b-452b-9847-aaecc69e2120	fc79a559-e8ad-4c9b-bba5-1564c8d9d72e	98c82a2d-0b39-461b-9057-a9661b216e9a	78d798ac-5f13-4189-83d7-c7c08b06929c	1	999	2026-02-20 22:09:54.228219+01
75a5decc-6ee5-45d7-9d3c-442c7ed25ff7	18cc3d30-b336-4d70-81df-c751e789fe24	8d1a3e9c-d554-48d8-8cde-88fe74309b88	e05402f8-be5c-43d1-be34-0ff5b0e13352	1	1999	2026-02-20 22:09:54.265923+01
0651b3ab-a439-4f74-beb0-6cb9559012b4	c702f69c-2979-469b-bde8-4164f023b1c0	8d1a3e9c-d554-48d8-8cde-88fe74309b88	e05402f8-be5c-43d1-be34-0ff5b0e13352	1	1999	2026-02-20 22:09:54.334782+01
a08a8260-3860-491c-bfdf-4bf1efb0bf12	d05b872f-521f-4650-8a10-f2b95f4da578	8d1a3e9c-d554-48d8-8cde-88fe74309b88	e05402f8-be5c-43d1-be34-0ff5b0e13352	1	1999	2026-02-20 22:09:54.55515+01
67938a59-e447-49c0-8006-7b170a21d12e	f27ef818-80dc-4a41-ab7c-7a26b92ade58	4d57619c-025f-4218-9ba4-2f04bfb737f2	a378c662-08ff-4f7b-9dcb-30952c0d2a0c	1	999	2026-02-20 22:10:56.720511+01
1280b929-b172-4fc9-aa2e-3493758918df	9b8d34b9-c912-455b-97f1-257fd9142bf6	596b413d-611d-41d4-b2c3-1eb5f31ad34c	4e0c0a91-44ce-4172-b66f-067c573e8d4a	1	1999	2026-02-20 22:10:56.751443+01
dc4b96a5-5744-4883-b17c-158c9c9ec3fb	eb7e50c2-9639-476e-9b4f-dc8bf30c3073	596b413d-611d-41d4-b2c3-1eb5f31ad34c	4e0c0a91-44ce-4172-b66f-067c573e8d4a	1	1999	2026-02-20 22:10:56.814192+01
8fefae52-cc2d-4876-a558-cb92b1b6073a	c97af78a-4ff0-43b0-861d-3577f740aa75	596b413d-611d-41d4-b2c3-1eb5f31ad34c	4e0c0a91-44ce-4172-b66f-067c573e8d4a	1	1999	2026-02-20 22:10:57.016726+01
6cec908a-ede8-4114-a998-a24f43d3e5df	72846465-625b-415b-ba49-affb7ee0fee5	13763295-ac0e-46e8-9119-70d98929c692	664bd0ac-4434-4ae5-9d56-d89f90adcfc1	1	999	2026-02-20 22:21:18.825966+01
ddc63eb4-6799-4e3c-825d-96a1cbcaa4fd	9958f662-07bc-43c0-a3bb-940acc6f44d5	1ccea51b-a031-4a3d-8723-26f66d060fdd	98ae2596-4ab0-4cfa-9721-6a2071523f8c	1	1999	2026-02-20 22:21:18.866516+01
869f23fb-7860-4047-8f57-3f0c6b375e7d	f577e815-4060-43e3-be29-b21a49aa5630	1ccea51b-a031-4a3d-8723-26f66d060fdd	98ae2596-4ab0-4cfa-9721-6a2071523f8c	1	1999	2026-02-20 22:21:18.932771+01
ca64ecd9-e14b-4b0c-966c-f0c871556859	c6b30b16-4c64-4973-8fea-3b45f0408025	1ccea51b-a031-4a3d-8723-26f66d060fdd	98ae2596-4ab0-4cfa-9721-6a2071523f8c	1	1999	2026-02-20 22:21:19.156091+01
f32770d4-1a0e-4b6b-b81f-b98cae9cd456	b36a8b47-a794-41b2-bf63-0476f9f7b39b	27fc4077-8fcc-4e2b-b39d-6c1bdfb21eda	b3218a79-f87e-4398-9683-c045bce143b0	1	4	2026-02-20 22:32:43.255013+01
61d13489-71c1-44ee-a62a-a3aa6be6a538	07896ab6-86e5-4210-a844-08573e4b3545	046d6763-de3a-4256-8110-6695fff674b4	4cc69383-fac8-427e-bdf1-f26cb22e3297	1	999	2026-02-20 22:50:47.507958+01
de308305-27ec-4186-92f8-8f3e2d5a7e40	0a44d1e8-739b-4c99-b081-62aba62dd48c	29cd0506-06a2-4f4e-84bc-bb03a9ba9170	68e8bbc3-3d2d-4ce9-bf2b-ae4c75b47dc6	1	1999	2026-02-20 22:50:47.539783+01
079c6a0a-5d76-43e8-aa48-085d71e1b6cc	79cebe7c-af8d-4767-b52a-cfe9c001fa6d	29cd0506-06a2-4f4e-84bc-bb03a9ba9170	68e8bbc3-3d2d-4ce9-bf2b-ae4c75b47dc6	1	1999	2026-02-20 22:50:47.600674+01
7bbbf064-785e-4089-9886-68002f8b4249	4e8840d2-415e-4e4f-ab89-c2e7b422a685	29cd0506-06a2-4f4e-84bc-bb03a9ba9170	68e8bbc3-3d2d-4ce9-bf2b-ae4c75b47dc6	1	1999	2026-02-20 22:50:47.817323+01
4de4b1ff-5674-4fc3-86a6-d9270c79615c	17926064-5b2b-460e-a019-cea9772b8666	566753e1-ebc8-4aec-988e-fb06b73113d6	1e7582ec-cf19-4578-b130-262af8e1f3c1	1	999	2026-02-20 22:53:29.330555+01
a1557c8a-67d5-4562-a28d-9651eb4d1136	f5fc7893-a161-46af-96b9-cbb5a77c78a6	ba0191a0-1d72-42bf-bc88-59910b085995	4bd19713-7df5-48fb-8db8-d8b93385d7fc	1	1999	2026-02-20 22:53:29.354295+01
b1f2604f-d22c-4651-a244-46b55183a430	9353d604-5424-41ae-a77d-ca1260130a18	ba0191a0-1d72-42bf-bc88-59910b085995	4bd19713-7df5-48fb-8db8-d8b93385d7fc	1	1999	2026-02-20 22:53:29.41038+01
a24c7ea1-11f4-4a91-94eb-64cdf7c9be0b	16fde3a9-0237-4f35-ba6d-ba7456274212	ba0191a0-1d72-42bf-bc88-59910b085995	4bd19713-7df5-48fb-8db8-d8b93385d7fc	1	1999	2026-02-20 22:53:29.617085+01
0c316101-e133-477d-9c2f-5ae277330195	73607db1-3c53-4242-acd2-4b5fea64a591	ce24865b-d598-4e9a-839c-89fe7aa126cc	aa2a8fcb-85ce-4000-bd76-aad9af973322	1	999	2026-02-20 23:01:40.481125+01
515e65d7-2d99-4651-b2cf-e144e9aafcef	efc0e99d-778e-43a3-8ccc-159e016a69db	b4d6d8fb-67db-419e-a582-056f05a14591	b0010bcd-6a33-4177-86d8-d832ab78ee1b	1	1999	2026-02-20 23:01:40.513301+01
6c80b7ed-cc12-4dc5-9deb-ac59daca6944	ec7b69c5-76af-418b-8e82-0f5bb1bc91fc	b4d6d8fb-67db-419e-a582-056f05a14591	b0010bcd-6a33-4177-86d8-d832ab78ee1b	1	1999	2026-02-20 23:01:40.581918+01
7b484a13-b780-4adf-9d8b-84ef982829e3	243ac7b0-bb16-4f89-89da-eb46eff1d6dd	b4d6d8fb-67db-419e-a582-056f05a14591	b0010bcd-6a33-4177-86d8-d832ab78ee1b	1	1999	2026-02-20 23:01:40.795785+01
a9ca46aa-b95a-4f01-8f36-5783789dd1f6	e1b5d793-c6e5-415d-ae4d-d2d98af709a5	f9b715b5-731b-4ce8-bec7-1352be224c67	b11a449c-2a7b-469f-b9c5-a5e497145a74	1	1999	2026-02-20 23:02:22.841759+01
78e05266-7e17-4c58-9c30-d23025c91049	8729365f-4f31-49db-bff7-ef0bc7aa1808	feb1bfb8-7a3c-4b77-97cc-2dbde737692e	42c2ba90-6170-4374-aa74-7c4520e01f34	1	999	2026-02-20 23:12:35.673212+01
78528656-d7d4-4fa4-8d1c-73045ca0043d	2d78d85f-c4ce-4807-908d-cc45f9f9c8f2	75f69400-19fb-4cf5-9c42-09904a77ac30	88f2eec7-5806-4951-b503-1f9022a0fa59	1	1999	2026-02-20 23:12:35.709272+01
8bab02be-8679-46fc-8d17-909981003b53	27e19909-8973-4a5b-90ec-bb60543d9f16	75f69400-19fb-4cf5-9c42-09904a77ac30	88f2eec7-5806-4951-b503-1f9022a0fa59	1	1999	2026-02-20 23:12:35.767636+01
c35bd484-81ce-4765-9406-fc44f81c781d	78acf822-6263-4e14-83f4-266eb0841773	75f69400-19fb-4cf5-9c42-09904a77ac30	88f2eec7-5806-4951-b503-1f9022a0fa59	1	1999	2026-02-20 23:12:35.960501+01
5aa2f755-fa11-4b51-a362-066f1d0158e0	8ce38416-742f-45c5-9d30-7e80c4bfc025	f9b715b5-731b-4ce8-bec7-1352be224c67	b11a449c-2a7b-469f-b9c5-a5e497145a74	1	1999	2026-02-20 23:13:24.872945+01
e38cbfe6-f859-4cc3-9fd8-77ed009a184f	993aa2ad-bca9-4591-8e4d-82e3ae0b6945	c3dfff94-e6b7-4914-9df8-e58c8d6b5cfc	fbf402a1-3c06-4b2e-86da-aee9108e0de6	1	999	2026-02-20 23:22:54.926315+01
f52bb6bd-188c-4c90-a250-d1503712f20e	0fd96006-54d5-41d1-9f84-a0a570bba906	26ace0ff-a73d-444b-9758-afc1821a48f5	a8c1d283-db06-4b49-86c4-ff0d15c307e6	1	1999	2026-02-20 23:22:54.958944+01
e110d8c5-8c0d-4b0a-8167-9fe17b1c0958	e62cd053-88db-460f-b2dc-a6620405d27b	26ace0ff-a73d-444b-9758-afc1821a48f5	a8c1d283-db06-4b49-86c4-ff0d15c307e6	1	1999	2026-02-20 23:22:55.02149+01
a437440e-8bfa-4e59-af04-48d6480ed4c1	db4182f6-2bc6-4a5c-9371-a0fe49b07ca1	26ace0ff-a73d-444b-9758-afc1821a48f5	a8c1d283-db06-4b49-86c4-ff0d15c307e6	1	1999	2026-02-20 23:22:55.226852+01
2cbf0b56-5d79-47cd-b8c3-65017fe39f19	06460c3b-de57-4afc-80cf-dfc93b2fb8b0	f9b715b5-731b-4ce8-bec7-1352be224c67	b11a449c-2a7b-469f-b9c5-a5e497145a74	1	1999	2026-02-20 23:23:31.50205+01
b941133e-27f9-49b5-98fd-26f38c117d21	bedcab22-22cb-4679-adc0-f61dd28a6fcf	41cf9af2-6480-4945-9209-cc877ca33586	b90a9cbb-8908-4d1d-94db-228f6723d6e0	1	999	2026-02-21 07:32:02.897663+01
866558ca-4cd8-4435-8446-d6cee0c1ef57	b0aeccab-d7c0-4422-badf-19cf45f54309	5c8d80cd-935c-4716-837b-7d9d9f71e242	10fc734f-485d-4bac-979a-46f9de7adf15	1	1999	2026-02-21 07:32:02.92761+01
1375eb2f-f211-411c-ad6d-e40d75683b9f	7407db1a-f7ef-4f02-9e58-26e212950c20	5c8d80cd-935c-4716-837b-7d9d9f71e242	10fc734f-485d-4bac-979a-46f9de7adf15	1	1999	2026-02-21 07:32:02.984436+01
4d08a917-c7df-47ab-bf10-35affa5138e8	843f1abf-b708-46da-a400-402c4ac8202c	5c8d80cd-935c-4716-837b-7d9d9f71e242	10fc734f-485d-4bac-979a-46f9de7adf15	1	1999	2026-02-21 07:32:03.315191+01
e3778b98-da31-4e62-ad32-44d2dcae8857	eaefbc28-e925-4e99-9e68-36d3740a304f	f9b715b5-731b-4ce8-bec7-1352be224c67	b11a449c-2a7b-469f-b9c5-a5e497145a74	1	1999	2026-02-21 07:32:28.858319+01
074bb003-0145-40d1-b8e8-a79f4b11c472	7332136e-f389-464b-9d40-6c05f12264e8	8f2dd030-6ffe-44be-b145-c77f217bd617	4aef63df-5298-4417-9943-4c6c432ca451	1	999	2026-02-21 07:38:19.818889+01
e264ef19-4c32-48cc-8501-6bbc290217a1	3cf8106e-0130-4bed-8686-2620b0f320b3	4874e565-fd33-4aa8-adf4-8be644bf59c5	fe3256e3-02bc-43dc-ac84-0dcd02d49745	1	1999	2026-02-21 07:38:19.838935+01
4e0ce5c1-64bd-4cd0-9ea1-e32efda32e5c	bae3af27-a4ea-4860-ba08-bd17797fe8aa	4874e565-fd33-4aa8-adf4-8be644bf59c5	fe3256e3-02bc-43dc-ac84-0dcd02d49745	1	1999	2026-02-21 07:38:19.881906+01
6966a483-422e-46e7-b29f-8be5b87ae478	d6d04ce1-ce8a-4070-9dd7-dc8cb0f10ddb	4874e565-fd33-4aa8-adf4-8be644bf59c5	fe3256e3-02bc-43dc-ac84-0dcd02d49745	1	1999	2026-02-21 07:38:20.060655+01
d47d58e0-9039-4c4e-b040-061af984c438	ef807a77-1c30-45c6-8562-5e29c9e86d96	f9b715b5-731b-4ce8-bec7-1352be224c67	b11a449c-2a7b-469f-b9c5-a5e497145a74	1	1999	2026-02-21 07:38:48.149887+01
13c46a96-a9ab-40df-8734-34c850191f6d	9a5adbc7-c434-4ead-9d4c-1d59d4bf5abd	08517c02-8794-4dc8-ad63-6ebcca336caf	a74361fb-963b-4e39-89a3-fb2afd96b6f3	1	999	2026-02-21 07:40:19.53073+01
ff24d296-f1b8-4971-8768-e57312e0cdcc	53a18ae9-628d-45d2-a726-2f8b9bcb8d3f	f93431c4-eb5d-48ba-8de7-ab7c68aeae82	3635a710-83a9-4c09-b155-46db92881b86	1	1999	2026-02-21 07:40:19.549755+01
ecfdae49-69ca-4b9c-8caa-4974fc7fbbb3	bfe09df9-8901-4e55-865d-17d2b40589a3	f93431c4-eb5d-48ba-8de7-ab7c68aeae82	3635a710-83a9-4c09-b155-46db92881b86	1	1999	2026-02-21 07:40:19.599156+01
8f3b26de-e490-47a4-b37e-a945194645e6	0c8ebe98-6a42-4fe6-9ce4-8dc33b3bc3e0	f93431c4-eb5d-48ba-8de7-ab7c68aeae82	3635a710-83a9-4c09-b155-46db92881b86	1	1999	2026-02-21 07:40:19.788066+01
e5ae7801-be94-4929-bf88-a360ebfc1d9f	f3a24da0-4f3b-46d3-8b71-76290c04a187	f9b715b5-731b-4ce8-bec7-1352be224c67	b11a449c-2a7b-469f-b9c5-a5e497145a74	1	1999	2026-02-21 07:40:45.70182+01
9e883b82-61f8-4b33-8eba-7a597459e5fc	8ef9a982-65b7-4638-969c-1b6db82a1b6c	d993a676-8bb0-4c83-bc87-6479afb7374b	8eff0419-8162-4846-8561-6f09a2896aa7	1	999	2026-02-21 07:48:26.678127+01
6a8472c1-2de2-4f38-91c3-2d7a05a619c9	20b3266e-00c4-4a52-9e65-7634835442cd	e6eb6839-9f27-4db4-b079-1bb6c56c8b8d	339b71e2-e996-4d69-a18d-38ad4ad0638e	1	1999	2026-02-21 07:48:26.703019+01
737894c1-8d95-4574-b77c-cf2eea854eb9	9046d4d6-57b5-4f1f-909a-d1fb0ee40cc8	e6eb6839-9f27-4db4-b079-1bb6c56c8b8d	339b71e2-e996-4d69-a18d-38ad4ad0638e	1	1999	2026-02-21 07:48:26.749987+01
e9315ff6-960d-4aeb-a3ab-1a572443f944	5122a52e-d51a-478b-aca1-d1b00a021993	e6eb6839-9f27-4db4-b079-1bb6c56c8b8d	339b71e2-e996-4d69-a18d-38ad4ad0638e	1	1999	2026-02-21 07:48:26.930108+01
04175055-17b4-4f3a-abf5-993a44a23201	44329f79-45eb-41a5-90be-1854a29e6cf1	f9b715b5-731b-4ce8-bec7-1352be224c67	b11a449c-2a7b-469f-b9c5-a5e497145a74	1	1999	2026-02-21 07:48:52.212831+01
476c1f6f-7285-4867-a074-2e6efdadcf9a	44e5a4c7-4c50-4d16-92db-50e5621c224c	ccc30c82-ab15-4544-b978-500159c43b5f	5e80fab8-b3cd-422e-a86d-ed20855ea835	1	999	2026-02-21 08:12:15.438709+01
93f0469d-3a02-4084-848d-a96d6dd78b0d	81786c10-afca-48ea-9e5c-a37948af58ef	e6cf84ff-237b-405e-9e3b-8200675afb73	5d656b01-f661-4cbf-8bed-13260febd3b5	1	1999	2026-02-21 08:12:15.466268+01
07591465-683b-40c8-8901-f5649e586d2d	acf86476-fe9a-48de-9c41-a3a71dc1e58d	e6cf84ff-237b-405e-9e3b-8200675afb73	5d656b01-f661-4cbf-8bed-13260febd3b5	1	1999	2026-02-21 08:12:15.51326+01
f3c0d12b-d67e-4782-9712-76fda1a6ff67	9324c1f2-9a21-49a8-9ad7-d32ea424f2ec	e6cf84ff-237b-405e-9e3b-8200675afb73	5d656b01-f661-4cbf-8bed-13260febd3b5	1	1999	2026-02-21 08:12:15.68679+01
42591679-619f-4b2c-8ee7-e9f667d95707	1e76e5f5-1b5b-4d8a-bb2c-7f905a38281b	f9b715b5-731b-4ce8-bec7-1352be224c67	b11a449c-2a7b-469f-b9c5-a5e497145a74	1	1999	2026-02-21 08:12:47.028271+01
596424e8-c7ef-481a-aded-a8cc1ad7df45	481f4594-0726-41f8-b835-04a5c10cc0ab	f11f5dff-d097-4606-9fcc-6d8b07f9f781	f95ccd23-28f5-4f50-83e0-0b99c7391d6e	1	999	2026-02-21 08:29:27.812127+01
2037b61e-9d69-4cbf-8485-f7651029708b	46b5fad5-4f4b-47f0-bad1-b7da3b89d0de	d473feec-1f5b-47ee-bf49-fd781aa39576	6ba7c4c8-705b-4327-8b78-cbee3bbda7d3	1	1999	2026-02-21 08:29:27.838757+01
7f9e0e26-317f-4fe9-8c84-d3d326b68366	d1c3ac19-c682-4439-953c-b3f14868a912	d473feec-1f5b-47ee-bf49-fd781aa39576	6ba7c4c8-705b-4327-8b78-cbee3bbda7d3	1	1999	2026-02-21 08:29:27.888424+01
533c4509-ae5e-4f85-91eb-a77e6723b678	8e49b94c-21cb-42bf-97b8-e2392332a7e0	d473feec-1f5b-47ee-bf49-fd781aa39576	6ba7c4c8-705b-4327-8b78-cbee3bbda7d3	1	1999	2026-02-21 08:29:28.064328+01
c8077e96-65ca-4e63-bb48-52be70982fd5	455601d4-3404-4d6b-ad7f-41231e977d29	f9b715b5-731b-4ce8-bec7-1352be224c67	b11a449c-2a7b-469f-b9c5-a5e497145a74	1	1999	2026-02-21 08:29:58.657779+01
d5eeb6a1-3295-4481-9392-ef1901f6481a	ee274cf5-5492-4f79-bf39-eea899a65c17	470bc1b3-314a-4018-aa70-fd274a91925b	ee4a6ae8-37ed-4f28-88ad-c402a5eb0fff	1	999	2026-02-21 09:11:51.406127+01
0b5d8c69-bd4c-48af-85e4-238956a1d428	883bcd0d-f944-41bd-80bc-b4ef9c6cd2c4	cc420e91-10d4-4e4a-9f95-e243222b387a	4b0d7ba7-e54c-46ed-afd6-7223f481ffc9	1	1999	2026-02-21 09:11:51.438387+01
80586939-1da1-4990-8768-38a72e0fd341	7e072e1e-7a0d-4425-a94d-971b984d29e6	cc420e91-10d4-4e4a-9f95-e243222b387a	4b0d7ba7-e54c-46ed-afd6-7223f481ffc9	1	1999	2026-02-21 09:11:51.504606+01
10ba7bdc-daba-43b3-b11e-f7e14b692bd4	6b6c127a-fd7d-4636-a5df-651a63a91f30	cc420e91-10d4-4e4a-9f95-e243222b387a	4b0d7ba7-e54c-46ed-afd6-7223f481ffc9	1	1999	2026-02-21 09:11:51.803563+01
c1d611f3-5501-4588-94d6-12f16845b459	39678eae-b2f3-4c49-9d01-24fed1764f2b	8f1ec237-7b34-4670-a215-6d7042300089	824a2e87-9a68-4f70-80cb-812fdc1f9120	1	999	2026-02-21 09:26:02.890846+01
b67bb49e-d388-44a0-a708-8f91aecb97be	1f1e8af8-1cf0-4171-9da5-bee1150bdd5e	b6c0d488-eb93-411b-8371-68d9b66f0674	2c14df09-d81d-4017-848b-f13decfa4f49	1	1999	2026-02-21 09:26:02.925024+01
9698cf9f-0cc7-42a3-bfd7-bcf08ed50026	920fdc7f-f8da-41e8-8339-e9fd49bd4afd	b6c0d488-eb93-411b-8371-68d9b66f0674	2c14df09-d81d-4017-848b-f13decfa4f49	1	1999	2026-02-21 09:26:02.993763+01
c31d3a35-41fd-4e7a-9992-ab68f15d09aa	e6877c01-8b0c-4266-b9d3-1119c8a58048	b6c0d488-eb93-411b-8371-68d9b66f0674	2c14df09-d81d-4017-848b-f13decfa4f49	1	1999	2026-02-21 09:26:03.229111+01
c93a1408-f9ae-46c0-853e-9b0ab2bea392	f03fd331-5664-4e47-92f3-487d811c4a05	db4fcb34-e628-4ed2-8da9-370c45875886	8a6e66ee-8fe7-4197-a761-c82067cc18da	1	999	2026-02-21 09:28:32.523925+01
bca9e0af-a687-4210-8854-3e5a616e596d	4df30c02-f3fa-40cb-9efc-d36016ab4580	1e89f845-f769-49f3-9478-03a2a546d2b8	726cf437-60c0-4f74-a70c-71f49d17f6eb	1	1999	2026-02-21 09:28:32.541494+01
a742cef8-8f05-4413-96ee-ab6541185690	19d798ad-fb31-489d-a125-dfebcec6f1fe	1e89f845-f769-49f3-9478-03a2a546d2b8	726cf437-60c0-4f74-a70c-71f49d17f6eb	1	1999	2026-02-21 09:28:32.594826+01
5796ffbf-7365-4e92-b924-65353d24a158	8621755c-5ee2-42df-9932-927c895bd851	1e89f845-f769-49f3-9478-03a2a546d2b8	726cf437-60c0-4f74-a70c-71f49d17f6eb	1	1999	2026-02-21 09:28:32.787304+01
823aa768-afb7-4258-b710-60600f39b6ff	a8abd4ab-eedf-4043-9510-05d4ea5c29dc	ae8b6fb4-7156-4959-b11f-fd9d7da21005	e246edab-0910-4a3a-bbc6-c80772ec1e7f	1	999	2026-02-21 09:31:34.979983+01
d263bd35-c93e-4525-ac08-a92b826068e7	9f8eea69-97e7-483c-8e40-5a3fbc25c773	9e627a15-af86-4af9-a2a3-0421cd2a1289	cd8c2271-4c85-4564-8ce5-a43e8c74af8e	1	1999	2026-02-21 09:31:35.012579+01
065ec2e0-120c-4475-829b-06af8c0142dd	cd565cd0-3bef-4750-8b87-381e750cb16b	9e627a15-af86-4af9-a2a3-0421cd2a1289	cd8c2271-4c85-4564-8ce5-a43e8c74af8e	1	1999	2026-02-21 09:31:35.070946+01
d80e97ef-25a9-48d6-a58d-c92c96b55fcd	47e3ad7a-6f21-494b-80a2-60398799e96f	9e627a15-af86-4af9-a2a3-0421cd2a1289	cd8c2271-4c85-4564-8ce5-a43e8c74af8e	1	1999	2026-02-21 09:31:35.258437+01
4ca63f24-22e1-43d0-9169-c0614938e3f0	2bb18b79-76f0-401e-8f91-43547c75bb8b	f9b715b5-731b-4ce8-bec7-1352be224c67	b11a449c-2a7b-469f-b9c5-a5e497145a74	1	1999	2026-02-21 09:33:06.294763+01
1ca7b519-9d2a-4fc1-a07f-777f93a3e7cf	c6f9256b-7851-4c38-9936-77e7b8323516	4bfb6d4a-fd23-41c3-93d6-1a7b5e914d64	a1bc1796-6447-4068-ba13-3220d6c53200	1	999	2026-02-21 09:56:43.332155+01
85b78291-78f0-487c-85d9-e90dfe0998a2	592031c8-d275-4ff7-8501-7676300bd87e	929f4aaa-08c5-4762-8d02-b6a03880c5b9	ec80bba1-5f19-4ab5-9433-6c5977115310	1	1999	2026-02-21 09:56:43.365542+01
3fc30a71-a40f-4b02-8501-695ab72e4889	7a34f6a0-a7f6-41be-a78f-a7474c63a7aa	929f4aaa-08c5-4762-8d02-b6a03880c5b9	ec80bba1-5f19-4ab5-9433-6c5977115310	1	1999	2026-02-21 09:56:43.427027+01
fbbc7707-7b4c-4a16-a750-c7f6c348f42b	57fc18e7-b030-4730-a517-5c8fce4319b1	929f4aaa-08c5-4762-8d02-b6a03880c5b9	ec80bba1-5f19-4ab5-9433-6c5977115310	1	1999	2026-02-21 09:56:43.62192+01
3b1d448a-a3df-4f9d-8aa5-cd7b0eb05a21	9bb44b12-f196-416e-bbda-388a0a74f04b	01419f1a-7efa-48c3-b715-767bee95246d	989f200f-5f62-4c97-a341-402ce8c36249	1	999	2026-02-21 10:16:55.069675+01
a6fa09f7-c5ba-4b57-9c08-d7f6a7e2ca96	965e6c3f-0334-4a46-868b-4f694d39e011	564f10b4-b2b7-4df3-93c4-8e8c0f708596	24aa033c-7581-4e8a-9424-bdd52c8a2e98	1	1999	2026-02-21 10:16:55.094713+01
d46c2a66-6dd7-48ff-9852-08a09addf0f4	c84e0eef-1aaf-458d-9188-f6bf62fb92ac	564f10b4-b2b7-4df3-93c4-8e8c0f708596	24aa033c-7581-4e8a-9424-bdd52c8a2e98	1	1999	2026-02-21 10:16:55.144065+01
5fccf8ec-f206-47dc-9719-4ddbadbbfd38	4ddcb4b2-6cee-44f4-b6ef-5ca0c697507a	564f10b4-b2b7-4df3-93c4-8e8c0f708596	24aa033c-7581-4e8a-9424-bdd52c8a2e98	1	1999	2026-02-21 10:16:55.327888+01
c4a139c6-08ff-4282-9a7c-7fc0b46f1fde	17cd5b51-b66b-4807-bfb0-9744464b60f1	4a4a671d-113d-43b7-a188-b06652323211	10504942-3e8f-4117-ab32-61c03948e16e	1	999	2026-02-21 11:10:04.612082+01
44049055-d2ae-4d49-a617-51381698b906	e0145fce-b691-4969-ba9d-3c8e6d22e3c9	95d95521-9da9-4e9d-8782-7f90792775b2	7b69ea05-9a89-432c-89ae-f3a8f96c529c	1	1999	2026-02-21 11:10:04.636807+01
5df4519d-7483-4d8b-9a0e-3f6163d9244c	ec2bad94-a410-41b4-b12b-71db9aabb25b	95d95521-9da9-4e9d-8782-7f90792775b2	7b69ea05-9a89-432c-89ae-f3a8f96c529c	1	1999	2026-02-21 11:10:04.686042+01
746c1f49-55cb-471e-baab-5f85eac92bb1	c5edc2f2-da9b-48ed-bc80-fea0d1a2ba64	95d95521-9da9-4e9d-8782-7f90792775b2	7b69ea05-9a89-432c-89ae-f3a8f96c529c	1	1999	2026-02-21 11:10:04.866335+01
52882995-0bec-43fc-9725-104aab312c43	fa8009a6-ea74-4e6d-870a-746e0c3ecca3	198fc793-8e2e-42d7-93f3-6fa68aac7c4f	035dbac3-d21f-4116-9444-ca6a02fc9fb9	1	999	2026-02-21 11:19:29.940902+01
a9e40a04-2179-4cb4-a28b-908a2e31fc67	92facbcd-ed09-4dad-8846-467f42e466be	19960401-d232-4cd9-b696-18c05071be57	b59be1fd-5e8d-4536-83ff-510c9b1bba26	1	1999	2026-02-21 11:19:29.967455+01
ef2a6a23-1000-4300-ae31-854e77b231fb	12788b6e-c0b2-413a-a279-f72b857fe26d	19960401-d232-4cd9-b696-18c05071be57	b59be1fd-5e8d-4536-83ff-510c9b1bba26	1	1999	2026-02-21 11:19:30.019042+01
526dbf9d-f966-42b6-97a1-451aa05983c6	2218cf51-712c-4018-9957-f7e6b632194a	19960401-d232-4cd9-b696-18c05071be57	b59be1fd-5e8d-4536-83ff-510c9b1bba26	1	1999	2026-02-21 11:19:30.208323+01
d5cd3250-ad6f-4e60-944b-57ffd468f9ac	c4dba45a-03f1-4c5b-aaf5-fcc027ccc255	98ba225a-83df-486d-9170-15e31e9671cb	24f2df83-31ba-4ece-a271-8e14c1f5b140	1	999	2026-02-21 11:35:32.036022+01
81395239-b7d3-41fd-b51c-a3216404d3ff	a0a58f2f-79ea-428d-a4cc-917f855695a4	6e8a0b8c-d0b9-42f6-b26c-da2a5d3f1ba8	402d2f0a-fa9b-4454-9666-4dee48b3d1d5	1	1999	2026-02-21 11:35:32.071303+01
7dcd08b9-a10b-4d47-9bc0-9ab267cae5bf	2223c2dc-4bab-4f9c-a984-6939a0236c53	6e8a0b8c-d0b9-42f6-b26c-da2a5d3f1ba8	402d2f0a-fa9b-4454-9666-4dee48b3d1d5	1	1999	2026-02-21 11:35:32.127916+01
5267545c-f2dd-446a-ba08-1ab5905f9b67	47db3661-a48e-41e1-951c-846eae24d3dc	6e8a0b8c-d0b9-42f6-b26c-da2a5d3f1ba8	402d2f0a-fa9b-4454-9666-4dee48b3d1d5	1	1999	2026-02-21 11:35:32.316373+01
\.


--
-- Data for Name: orders; Type: TABLE DATA; Schema: public; Owner: postgres
--

COPY public.orders (id, buyer_user_id, status, total_cents, created_at, updated_at) FROM stdin;
11b130ae-fa40-441c-afc4-f6e48ec53bc6	8ab8e1ac-ba60-49eb-8369-022ede51c676	placed	1000	2026-02-20 13:56:21.978234+01	2026-02-20 13:56:21.978234+01
c4750d61-161e-41e0-8692-a81db2b8d27d	8ab8e1ac-ba60-49eb-8369-022ede51c676	placed	999	2026-02-20 17:09:32.224514+01	2026-02-20 17:09:32.224514+01
6729fa76-6781-452d-8541-8d4da701f746	8ab8e1ac-ba60-49eb-8369-022ede51c676	cancelled	1999	2026-02-20 17:09:32.265046+01	2026-02-20 17:09:32.298941+01
2cc659dd-edba-46ee-944c-159b07eba073	8ab8e1ac-ba60-49eb-8369-022ede51c676	fulfilled	1999	2026-02-20 17:09:32.317983+01	2026-02-20 17:09:32.530848+01
8d35d5d9-ad26-421d-b0bc-cf71d9145d64	8ab8e1ac-ba60-49eb-8369-022ede51c676	placed	1999	2026-02-20 17:09:32.549438+01	2026-02-20 17:09:32.549438+01
38bd416e-d3bf-4b0a-b591-d0429fd60da7	8ab8e1ac-ba60-49eb-8369-022ede51c676	placed	999	2026-02-20 17:33:06.797772+01	2026-02-20 17:33:06.797772+01
5c4b9c99-88c9-4a75-ae3f-e3ab0c7ec629	8ab8e1ac-ba60-49eb-8369-022ede51c676	cancelled	1999	2026-02-20 17:33:06.839405+01	2026-02-20 17:33:06.889873+01
87f15afa-a924-43ad-9291-7f8a43aadc28	8ab8e1ac-ba60-49eb-8369-022ede51c676	fulfilled	1999	2026-02-20 17:33:06.922448+01	2026-02-20 17:33:07.212035+01
8d5cf17b-ab18-44ed-8b7c-f1f93dd2e4da	8ab8e1ac-ba60-49eb-8369-022ede51c676	placed	1999	2026-02-20 17:33:07.23897+01	2026-02-20 17:33:07.23897+01
ddec03cd-1e7e-4e5f-b991-623cd04aa0e3	8ab8e1ac-ba60-49eb-8369-022ede51c676	placed	999	2026-02-20 18:13:44.331852+01	2026-02-20 18:13:44.331852+01
e098187b-8b6e-49ff-95c8-6f12f2cfef9a	8ab8e1ac-ba60-49eb-8369-022ede51c676	cancelled	1999	2026-02-20 18:13:44.360108+01	2026-02-20 18:13:44.459091+01
7b358604-d770-457b-9b67-ba326d68ce1f	8ab8e1ac-ba60-49eb-8369-022ede51c676	fulfilled	1999	2026-02-20 18:13:44.503889+01	2026-02-20 18:13:44.856767+01
4f7a1a68-ee5d-42d6-b9eb-4e41e999d4f4	8ab8e1ac-ba60-49eb-8369-022ede51c676	placed	1999	2026-02-20 18:13:44.875956+01	2026-02-20 18:13:44.875956+01
e196cf06-45cc-4c30-b0bc-516847e0d7ac	8ab8e1ac-ba60-49eb-8369-022ede51c676	placed	999	2026-02-20 18:48:03.63693+01	2026-02-20 18:48:03.63693+01
b15c9c47-cea4-4d11-870e-ac4133b31a89	8ab8e1ac-ba60-49eb-8369-022ede51c676	cancelled	1999	2026-02-20 18:48:03.670612+01	2026-02-20 18:48:03.705008+01
68715f1d-5bc5-4da7-ba41-bd1bd276a1ef	8ab8e1ac-ba60-49eb-8369-022ede51c676	fulfilled	1999	2026-02-20 18:48:03.722618+01	2026-02-20 18:48:03.902564+01
eabfb5f2-955c-4ea8-9eff-93d9bb7d8347	8ab8e1ac-ba60-49eb-8369-022ede51c676	placed	1999	2026-02-20 18:48:03.919829+01	2026-02-20 18:48:03.919829+01
9191a0c8-7819-4d29-9ed9-db6c40565d19	8ab8e1ac-ba60-49eb-8369-022ede51c676	placed	999	2026-02-20 19:19:08.222103+01	2026-02-20 19:19:08.222103+01
07f6180d-5566-477f-86ce-dfff8f17d29c	8ab8e1ac-ba60-49eb-8369-022ede51c676	cancelled	1999	2026-02-20 19:19:08.262286+01	2026-02-20 19:19:08.306488+01
a0fa0339-6fd0-45ca-bc26-c0a12a6ebeed	8ab8e1ac-ba60-49eb-8369-022ede51c676	placed	999	2026-02-20 19:23:36.454023+01	2026-02-20 19:23:36.454023+01
de62dff0-82be-4f81-adb8-e0702ede57c2	8ab8e1ac-ba60-49eb-8369-022ede51c676	cancelled	1999	2026-02-20 19:23:36.472201+01	2026-02-20 19:23:36.502059+01
0c469a62-4e13-430d-94ae-9e83324dc4e2	8ab8e1ac-ba60-49eb-8369-022ede51c676	cancelled	1999	2026-02-20 19:24:37.85729+01	2026-02-20 19:24:37.892161+01
d92eda0e-8755-45a3-a4ff-cf7d434b8617	8ab8e1ac-ba60-49eb-8369-022ede51c676	fulfilled	1999	2026-02-20 19:24:37.907535+01	2026-02-20 19:24:38.066649+01
804da28b-a531-459e-95e7-cc2dc90a6e0d	8ab8e1ac-ba60-49eb-8369-022ede51c676	placed	1999	2026-02-20 19:24:38.083065+01	2026-02-20 19:24:38.083065+01
175e63d3-0a8a-49a2-b1d7-40d28510e5c1	8ab8e1ac-ba60-49eb-8369-022ede51c676	placed	999	2026-02-20 19:26:37.721183+01	2026-02-20 19:26:37.721183+01
6fd019a2-0dfe-4284-b487-1c526130e8b4	8ab8e1ac-ba60-49eb-8369-022ede51c676	cancelled	1999	2026-02-20 19:26:37.750347+01	2026-02-20 19:26:37.78556+01
fa33fd81-d015-4cd0-bd86-afb37d3817ea	8ab8e1ac-ba60-49eb-8369-022ede51c676	placed	999	2026-02-20 19:36:29.933239+01	2026-02-20 19:36:29.933239+01
5070f81a-c225-4088-9f53-1a96db3e3456	8ab8e1ac-ba60-49eb-8369-022ede51c676	cancelled	1999	2026-02-20 19:36:29.96159+01	2026-02-20 19:36:29.997869+01
bd9d1d44-8c8b-4cb7-8451-c40c2bbc4015	8ab8e1ac-ba60-49eb-8369-022ede51c676	placed	999	2026-02-20 19:37:26.704908+01	2026-02-20 19:37:26.704908+01
f7f24de9-cb52-4bfa-b1c7-89d0ab2af686	8ab8e1ac-ba60-49eb-8369-022ede51c676	cancelled	1999	2026-02-20 19:37:26.734607+01	2026-02-20 19:37:26.779054+01
f1daf52b-cc8a-47b5-80bc-8ed5826fc99a	8ab8e1ac-ba60-49eb-8369-022ede51c676	placed	3	2026-02-20 19:41:51.028006+01	2026-02-20 19:41:51.028006+01
778e69cc-ebb7-4b3c-ae97-864ab94e4f58	8ab8e1ac-ba60-49eb-8369-022ede51c676	placed	999	2026-02-20 19:59:42.135404+01	2026-02-20 19:59:42.135404+01
df9815d7-df63-4551-9ba0-893c6116f580	8ab8e1ac-ba60-49eb-8369-022ede51c676	cancelled	1999	2026-02-20 19:59:42.167309+01	2026-02-20 19:59:42.205912+01
ad87c2f0-be44-4ab8-984e-f1e5ed636b01	8ab8e1ac-ba60-49eb-8369-022ede51c676	placed	999	2026-02-20 20:00:15.612234+01	2026-02-20 20:00:15.612234+01
69d491f8-83a9-44eb-af56-7e510f5e8c1a	8ab8e1ac-ba60-49eb-8369-022ede51c676	cancelled	1999	2026-02-20 20:00:15.642286+01	2026-02-20 20:00:15.677072+01
9c8ade65-e880-4ee2-9cbb-778ed41ea7dd	8ab8e1ac-ba60-49eb-8369-022ede51c676	placed	999	2026-02-20 20:13:42.098851+01	2026-02-20 20:13:42.098851+01
8861e174-a67a-4f8d-8ac7-73e38b09dc7d	8ab8e1ac-ba60-49eb-8369-022ede51c676	cancelled	1999	2026-02-20 20:13:42.129111+01	2026-02-20 20:13:42.166479+01
71f95c7b-9aab-4c9a-b8e9-ac0cdac01a61	8ab8e1ac-ba60-49eb-8369-022ede51c676	placed	999	2026-02-20 20:14:43.544693+01	2026-02-20 20:14:43.544693+01
115e3cb2-fb07-42b8-86d4-49630f80731e	8ab8e1ac-ba60-49eb-8369-022ede51c676	cancelled	1999	2026-02-20 20:14:43.575099+01	2026-02-20 20:14:43.61168+01
37f2dfb5-e0c9-4afb-8467-fc979c734445	8ab8e1ac-ba60-49eb-8369-022ede51c676	placed	999	2026-02-20 20:16:31.429068+01	2026-02-20 20:16:31.429068+01
22763ba0-c768-43f4-9b73-9c50cbd50648	8ab8e1ac-ba60-49eb-8369-022ede51c676	cancelled	1999	2026-02-20 20:16:31.473269+01	2026-02-20 20:16:31.511908+01
f9b883e1-1e1e-46e4-bcb5-031b4944d7bb	8ab8e1ac-ba60-49eb-8369-022ede51c676	placed	999	2026-02-20 20:18:35.274696+01	2026-02-20 20:18:35.274696+01
02e3b891-4352-46f7-8a79-d18471224d01	8ab8e1ac-ba60-49eb-8369-022ede51c676	cancelled	1999	2026-02-20 20:18:35.3376+01	2026-02-20 20:18:35.374603+01
3080bb3b-826c-4eed-8d73-fe948b01a984	8ab8e1ac-ba60-49eb-8369-022ede51c676	placed	999	2026-02-20 20:23:53.565401+01	2026-02-20 20:23:53.565401+01
6685b0ad-8425-4a73-ab89-7709895eb466	8ab8e1ac-ba60-49eb-8369-022ede51c676	cancelled	1999	2026-02-20 20:23:53.58615+01	2026-02-20 20:23:53.621338+01
af170ef9-62c1-4ba3-a701-bd704dcc9b2d	8ab8e1ac-ba60-49eb-8369-022ede51c676	placed	999	2026-02-20 20:34:33.599511+01	2026-02-20 20:34:33.599511+01
1c3afce1-cd15-409c-8bb6-c82a6fcc3b4e	8ab8e1ac-ba60-49eb-8369-022ede51c676	cancelled	1999	2026-02-20 20:34:33.623481+01	2026-02-20 20:34:33.657386+01
5c38489c-48e3-4fcf-b48c-a15ac7b9fbbc	8ab8e1ac-ba60-49eb-8369-022ede51c676	placed	999	2026-02-20 20:41:53.78554+01	2026-02-20 20:41:53.78554+01
e047c737-1f2e-4b79-96a3-33b7e170bc18	8ab8e1ac-ba60-49eb-8369-022ede51c676	cancelled	1999	2026-02-20 20:41:53.814444+01	2026-02-20 20:41:53.858998+01
2e1a9213-faa6-4147-92de-c95b4e8d4dd5	8ab8e1ac-ba60-49eb-8369-022ede51c676	placed	999	2026-02-20 20:43:12.637041+01	2026-02-20 20:43:12.637041+01
8d7f5527-bc56-4308-9d36-9c6d633041a2	8ab8e1ac-ba60-49eb-8369-022ede51c676	cancelled	1999	2026-02-20 20:43:12.669654+01	2026-02-20 20:43:12.756649+01
eff3d32d-f4b5-4b73-94e4-b59817e7634d	8ab8e1ac-ba60-49eb-8369-022ede51c676	fulfilled	1999	2026-02-20 20:43:12.787103+01	2026-02-20 20:43:13.006733+01
5520580a-ec2b-4f5b-88f1-f2823ae7e890	8ab8e1ac-ba60-49eb-8369-022ede51c676	placed	1999	2026-02-20 20:43:13.03213+01	2026-02-20 20:43:13.03213+01
04140a73-9d6c-441b-a4cf-2221a0ca7292	8ab8e1ac-ba60-49eb-8369-022ede51c676	placed	999	2026-02-20 20:44:01.682589+01	2026-02-20 20:44:01.682589+01
08c2b3bb-a35d-48eb-9d40-77cc6b9aa929	8ab8e1ac-ba60-49eb-8369-022ede51c676	cancelled	1999	2026-02-20 20:44:01.718134+01	2026-02-20 20:44:01.767541+01
bc648b0c-80ea-4e93-adec-e51e4607b92c	8ab8e1ac-ba60-49eb-8369-022ede51c676	fulfilled	1999	2026-02-20 20:44:01.797686+01	2026-02-20 20:44:02.028756+01
795fcf42-7e75-4e23-a18a-6201c9917730	8ab8e1ac-ba60-49eb-8369-022ede51c676	placed	1999	2026-02-20 20:44:02.047894+01	2026-02-20 20:44:02.047894+01
85140b4a-e302-412c-a274-520bc7408627	8ab8e1ac-ba60-49eb-8369-022ede51c676	placed	999	2026-02-20 20:44:14.180429+01	2026-02-20 20:44:14.180429+01
186bc096-a424-4105-bd5e-047011777d59	8ab8e1ac-ba60-49eb-8369-022ede51c676	cancelled	1999	2026-02-20 20:44:14.226313+01	2026-02-20 20:44:14.318325+01
07211e33-37fe-4e47-9752-e68571fecef1	8ab8e1ac-ba60-49eb-8369-022ede51c676	fulfilled	1999	2026-02-20 20:44:14.350719+01	2026-02-20 20:44:14.57728+01
cae0281f-daa2-4802-844a-fe59985eb3a1	8ab8e1ac-ba60-49eb-8369-022ede51c676	placed	1999	2026-02-20 20:44:14.604309+01	2026-02-20 20:44:14.604309+01
b129cb6a-a6c4-4c37-9a8a-8e2b459d2967	8ab8e1ac-ba60-49eb-8369-022ede51c676	placed	999	2026-02-20 20:47:22.42985+01	2026-02-20 20:47:22.42985+01
f9452907-3a38-4bca-8432-efb293681744	8ab8e1ac-ba60-49eb-8369-022ede51c676	cancelled	1999	2026-02-20 20:47:22.462429+01	2026-02-20 20:47:22.49842+01
5016a4cf-93f5-4727-af35-1e60d4f398a4	8ab8e1ac-ba60-49eb-8369-022ede51c676	placed	999	2026-02-20 20:51:52.907476+01	2026-02-20 20:51:52.907476+01
58fc95ef-1ee4-4c5f-acae-b727cd70c502	8ab8e1ac-ba60-49eb-8369-022ede51c676	cancelled	1999	2026-02-20 20:51:52.938182+01	2026-02-20 20:51:52.976783+01
10431dc8-d0c9-4a75-aae0-b411ee1c7217	8ab8e1ac-ba60-49eb-8369-022ede51c676	placed	999	2026-02-20 20:54:29.75453+01	2026-02-20 20:54:29.75453+01
81d4244b-2ac6-445e-92f6-1ff9c0fbe2bd	8ab8e1ac-ba60-49eb-8369-022ede51c676	cancelled	1999	2026-02-20 20:54:29.801484+01	2026-02-20 20:54:29.852273+01
48145712-2ff3-4427-8a9b-90877e1460a9	8ab8e1ac-ba60-49eb-8369-022ede51c676	fulfilled	1999	2026-02-20 20:54:29.881823+01	2026-02-20 20:54:30.110648+01
3e6e1fe4-7b05-4d26-a8e3-cf5b4173702e	8ab8e1ac-ba60-49eb-8369-022ede51c676	placed	1999	2026-02-20 20:54:30.135793+01	2026-02-20 20:54:30.135793+01
bcfea0f2-ead2-4a8b-8b99-9fd44fa4c366	8ab8e1ac-ba60-49eb-8369-022ede51c676	placed	999	2026-02-20 20:56:59.016452+01	2026-02-20 20:56:59.016452+01
a1cff8e1-29eb-493c-ac9c-339489cbeea4	8ab8e1ac-ba60-49eb-8369-022ede51c676	cancelled	1999	2026-02-20 20:56:59.04727+01	2026-02-20 20:56:59.0912+01
e2f5edcb-8c02-4da9-90e4-15a6b17c6107	8ab8e1ac-ba60-49eb-8369-022ede51c676	fulfilled	1999	2026-02-20 20:56:59.120344+01	2026-02-20 20:56:59.334561+01
8987e09c-4397-4bd1-b8e4-8603b962def7	8ab8e1ac-ba60-49eb-8369-022ede51c676	placed	1999	2026-02-20 20:56:59.35554+01	2026-02-20 20:56:59.35554+01
cebcbbfc-b657-43de-9b4b-e585c3cd1e16	8ab8e1ac-ba60-49eb-8369-022ede51c676	placed	999	2026-02-20 20:57:50.419981+01	2026-02-20 20:57:50.419981+01
6def4716-8684-4136-afd8-546a8707984f	8ab8e1ac-ba60-49eb-8369-022ede51c676	cancelled	1999	2026-02-20 20:57:50.454308+01	2026-02-20 20:57:50.498231+01
05a269c5-82e9-4071-93a7-6e3ecd52cb26	8ab8e1ac-ba60-49eb-8369-022ede51c676	cancelled	1999	2026-02-20 20:58:51.752547+01	2026-02-20 20:58:51.789125+01
4af5eedd-5f4e-4633-8964-38538dcaaef9	8ab8e1ac-ba60-49eb-8369-022ede51c676	fulfilled	1999	2026-02-20 20:58:51.804843+01	2026-02-20 20:58:51.96284+01
9a4f0956-b1d5-46ab-83c5-7b2b698fca65	8ab8e1ac-ba60-49eb-8369-022ede51c676	placed	1999	2026-02-20 20:58:51.981274+01	2026-02-20 20:58:51.981274+01
7c9f417d-537b-4a17-b4fd-9ee83b9350db	8ab8e1ac-ba60-49eb-8369-022ede51c676	placed	999	2026-02-20 21:02:34.228504+01	2026-02-20 21:02:34.228504+01
dfad82d8-2fc9-492c-abfd-d411e43f52d5	8ab8e1ac-ba60-49eb-8369-022ede51c676	cancelled	1999	2026-02-20 21:02:34.256601+01	2026-02-20 21:02:34.295247+01
44f4ed71-9149-4b48-945d-ec6ca4172d69	8ab8e1ac-ba60-49eb-8369-022ede51c676	placed	999	2026-02-20 21:03:51.639372+01	2026-02-20 21:03:51.639372+01
73960257-f597-496d-bb1b-d86c4ab35460	8ab8e1ac-ba60-49eb-8369-022ede51c676	cancelled	1999	2026-02-20 21:03:51.667193+01	2026-02-20 21:03:51.701365+01
fb0aeb87-39bf-4d26-97d5-446fd74da851	8ab8e1ac-ba60-49eb-8369-022ede51c676	fulfilled	1999	2026-02-20 21:03:51.721412+01	2026-02-20 21:03:51.899051+01
3eadc42b-3c41-47ef-8b6b-b2efcc119b82	8ab8e1ac-ba60-49eb-8369-022ede51c676	placed	1999	2026-02-20 21:03:51.920624+01	2026-02-20 21:03:51.920624+01
cda16108-267f-4de6-81bf-5a77a7ddbc10	8ab8e1ac-ba60-49eb-8369-022ede51c676	placed	999	2026-02-20 21:04:57.902667+01	2026-02-20 21:04:57.902667+01
4b499a1c-c6d8-4066-ab1d-3403fb5b0bf7	8ab8e1ac-ba60-49eb-8369-022ede51c676	cancelled	1999	2026-02-20 21:04:57.929585+01	2026-02-20 21:04:57.967912+01
d08f7cbb-e183-42c4-8a6d-644e91879885	8ab8e1ac-ba60-49eb-8369-022ede51c676	fulfilled	1999	2026-02-20 21:04:57.99263+01	2026-02-20 21:04:58.183493+01
ed3ee2fe-6dd8-4d3e-b7e7-f07e133e64f9	8ab8e1ac-ba60-49eb-8369-022ede51c676	placed	1999	2026-02-20 21:04:58.203252+01	2026-02-20 21:04:58.203252+01
665ee844-fd01-4824-a6d8-c9dc8cb64364	8ab8e1ac-ba60-49eb-8369-022ede51c676	placed	999	2026-02-20 21:10:05.317092+01	2026-02-20 21:10:05.317092+01
14a45e7c-c2b9-46e7-bae3-2633b70368da	8ab8e1ac-ba60-49eb-8369-022ede51c676	cancelled	1999	2026-02-20 21:10:05.348812+01	2026-02-20 21:10:05.389492+01
2b700e44-eae9-4845-926f-f5f86e84fbb5	8ab8e1ac-ba60-49eb-8369-022ede51c676	fulfilled	1999	2026-02-20 21:10:05.414354+01	2026-02-20 21:10:05.616307+01
5c7d053d-7a74-4fe9-8fb5-0b8100ff2cf3	8ab8e1ac-ba60-49eb-8369-022ede51c676	placed	1999	2026-02-20 21:10:05.636513+01	2026-02-20 21:10:05.636513+01
4629acb1-5884-4c8f-8cac-2c71c8ca6100	8ab8e1ac-ba60-49eb-8369-022ede51c676	placed	999	2026-02-20 21:14:17.295452+01	2026-02-20 21:14:17.295452+01
1fe09fd4-41d2-4170-a33d-2cd383527706	8ab8e1ac-ba60-49eb-8369-022ede51c676	cancelled	1999	2026-02-20 21:14:17.326193+01	2026-02-20 21:14:17.366713+01
9fe0b63b-c294-4c1b-ab86-fe8a69a53f5a	8ab8e1ac-ba60-49eb-8369-022ede51c676	fulfilled	1999	2026-02-20 21:14:17.392712+01	2026-02-20 21:14:17.561693+01
4f4e0445-0502-466a-a084-f6bbe5ea5ba2	8ab8e1ac-ba60-49eb-8369-022ede51c676	placed	1999	2026-02-20 21:14:17.58083+01	2026-02-20 21:14:17.58083+01
9de86cde-b115-46ec-8d55-8fe8b8bf69fa	8ab8e1ac-ba60-49eb-8369-022ede51c676	placed	999	2026-02-20 21:18:57.767845+01	2026-02-20 21:18:57.767845+01
44fc69d6-0083-41d1-b821-da772c3572e2	8ab8e1ac-ba60-49eb-8369-022ede51c676	cancelled	1999	2026-02-20 21:18:57.794119+01	2026-02-20 21:18:57.823788+01
c649690c-5a5e-4144-82ef-a3df76809a8b	8ab8e1ac-ba60-49eb-8369-022ede51c676	fulfilled	1999	2026-02-20 21:18:57.842292+01	2026-02-20 21:18:58.004989+01
a6cb22c4-338f-4eaf-939d-fb9a714db515	8ab8e1ac-ba60-49eb-8369-022ede51c676	placed	1999	2026-02-20 21:18:58.024937+01	2026-02-20 21:18:58.024937+01
993ca6ba-e0a8-4fa2-a181-b43ddd581877	8ab8e1ac-ba60-49eb-8369-022ede51c676	placed	999	2026-02-20 21:24:16.648813+01	2026-02-20 21:24:16.648813+01
2b62b2c1-2f6d-4045-b4a6-e228586fefc4	8ab8e1ac-ba60-49eb-8369-022ede51c676	cancelled	1999	2026-02-20 21:24:16.679978+01	2026-02-20 21:24:16.72021+01
1825977c-acd5-41e0-a647-dea33339b376	8ab8e1ac-ba60-49eb-8369-022ede51c676	fulfilled	1999	2026-02-20 21:24:16.741773+01	2026-02-20 21:24:16.924334+01
bcdf4b27-273c-4114-886a-5fafd89560e9	8ab8e1ac-ba60-49eb-8369-022ede51c676	placed	1999	2026-02-20 21:24:16.943205+01	2026-02-20 21:24:16.943205+01
d39b3162-e693-4486-a9d0-e4ff5fc22933	8ab8e1ac-ba60-49eb-8369-022ede51c676	placed	999	2026-02-20 21:27:54.741781+01	2026-02-20 21:27:54.741781+01
ec4437c5-e7e5-487a-b0af-e4d9d26cc641	8ab8e1ac-ba60-49eb-8369-022ede51c676	cancelled	1999	2026-02-20 21:27:54.77565+01	2026-02-20 21:27:54.813004+01
0d02c53a-905d-40ff-9766-3c84bf402093	8ab8e1ac-ba60-49eb-8369-022ede51c676	fulfilled	1999	2026-02-20 21:27:54.834376+01	2026-02-20 21:27:55.007699+01
e31afaa1-bc8d-46ea-bc69-0ef74a1209be	8ab8e1ac-ba60-49eb-8369-022ede51c676	placed	1999	2026-02-20 21:27:55.026879+01	2026-02-20 21:27:55.026879+01
da698d3d-6516-4694-8eb0-5544236d7608	8ab8e1ac-ba60-49eb-8369-022ede51c676	placed	999	2026-02-20 21:31:56.238825+01	2026-02-20 21:31:56.238825+01
4abf7cea-506d-4015-b120-7c5a4fccea14	8ab8e1ac-ba60-49eb-8369-022ede51c676	cancelled	1999	2026-02-20 21:31:56.271178+01	2026-02-20 21:31:56.311769+01
05238c7e-4a24-406a-aa4d-4e882e450d82	8ab8e1ac-ba60-49eb-8369-022ede51c676	fulfilled	1999	2026-02-20 21:31:56.337202+01	2026-02-20 21:31:56.544654+01
68bf0a2c-e9fe-4ea6-b928-aabb7df75b82	8ab8e1ac-ba60-49eb-8369-022ede51c676	placed	1999	2026-02-20 21:31:56.565758+01	2026-02-20 21:31:56.565758+01
fadf3fc9-6b20-490a-9cb0-e6f83779a0d4	8ab8e1ac-ba60-49eb-8369-022ede51c676	placed	999	2026-02-20 21:36:14.676448+01	2026-02-20 21:36:14.676448+01
0b274fe5-4f63-44c3-8e75-eeac58a1eb41	8ab8e1ac-ba60-49eb-8369-022ede51c676	cancelled	1999	2026-02-20 21:36:14.704199+01	2026-02-20 21:36:14.742734+01
ede3f2cc-fc98-4668-8e9f-013cb4a9c053	8ab8e1ac-ba60-49eb-8369-022ede51c676	fulfilled	1999	2026-02-20 21:36:14.764862+01	2026-02-20 21:36:14.927794+01
c712f00e-b53e-4219-a035-81b63cb37711	8ab8e1ac-ba60-49eb-8369-022ede51c676	placed	1999	2026-02-20 21:36:14.946321+01	2026-02-20 21:36:14.946321+01
a5a97b90-fee6-4952-a073-d53ab55c095b	8ab8e1ac-ba60-49eb-8369-022ede51c676	placed	999	2026-02-20 21:39:24.418902+01	2026-02-20 21:39:24.418902+01
70858204-73af-430f-b959-7cecb07dcf18	8ab8e1ac-ba60-49eb-8369-022ede51c676	cancelled	1999	2026-02-20 21:39:24.456323+01	2026-02-20 21:39:24.502257+01
2c906c4b-35ec-4cbc-8d41-1893479f6a10	8ab8e1ac-ba60-49eb-8369-022ede51c676	fulfilled	1999	2026-02-20 21:39:24.528153+01	2026-02-20 21:39:24.725278+01
835c2b62-ef0b-40ab-815e-80392c899ccb	8ab8e1ac-ba60-49eb-8369-022ede51c676	placed	1999	2026-02-20 21:39:24.748538+01	2026-02-20 21:39:24.748538+01
dc6e40ac-0acc-435d-aa6e-d0e562396a22	8ab8e1ac-ba60-49eb-8369-022ede51c676	placed	999	2026-02-20 21:47:38.009214+01	2026-02-20 21:47:38.009214+01
95260c7b-c04b-4e70-ab74-e844b8187caa	8ab8e1ac-ba60-49eb-8369-022ede51c676	cancelled	1999	2026-02-20 21:47:38.061295+01	2026-02-20 21:47:38.123485+01
3dd3bb24-5270-4dcd-90ef-0ba39302f473	8ab8e1ac-ba60-49eb-8369-022ede51c676	fulfilled	1999	2026-02-20 21:47:38.161627+01	2026-02-20 21:47:38.49711+01
a6915b35-ab35-4d61-89af-c7b69bc53ec9	8ab8e1ac-ba60-49eb-8369-022ede51c676	placed	1999	2026-02-20 21:47:38.531541+01	2026-02-20 21:47:38.531541+01
7dc2af83-d8d9-4ae2-8020-5daf084863c7	8ab8e1ac-ba60-49eb-8369-022ede51c676	placed	999	2026-02-20 21:49:44.139311+01	2026-02-20 21:49:44.139311+01
4bc96398-5322-40df-9750-554e4c07089d	8ab8e1ac-ba60-49eb-8369-022ede51c676	cancelled	1999	2026-02-20 21:49:44.175121+01	2026-02-20 21:49:44.224745+01
6a283a0b-e8b9-4269-b62e-542f0809d88b	8ab8e1ac-ba60-49eb-8369-022ede51c676	fulfilled	1999	2026-02-20 21:49:44.249136+01	2026-02-20 21:49:44.5135+01
2a2a1104-d995-495b-b143-cfca9a7e9359	8ab8e1ac-ba60-49eb-8369-022ede51c676	placed	1999	2026-02-20 21:49:44.535015+01	2026-02-20 21:49:44.535015+01
8c16f6de-9736-4919-b05e-49a87eefcf88	8ab8e1ac-ba60-49eb-8369-022ede51c676	placed	999	2026-02-20 21:51:05.689243+01	2026-02-20 21:51:05.689243+01
291ae60c-3bbf-4666-aeed-5fcf75587850	8ab8e1ac-ba60-49eb-8369-022ede51c676	cancelled	1999	2026-02-20 21:51:05.720384+01	2026-02-20 21:51:05.763382+01
78cc834c-bb2b-4a83-ac22-45ebcf79b5d1	8ab8e1ac-ba60-49eb-8369-022ede51c676	fulfilled	1999	2026-02-20 21:51:05.78838+01	2026-02-20 21:51:05.995942+01
270973bf-8fd4-46c6-8fdb-7a16634c3487	8ab8e1ac-ba60-49eb-8369-022ede51c676	placed	1999	2026-02-20 21:51:06.014004+01	2026-02-20 21:51:06.014004+01
65212a65-976b-4178-afef-7604034d06d5	8ab8e1ac-ba60-49eb-8369-022ede51c676	placed	999	2026-02-20 21:55:07.988851+01	2026-02-20 21:55:07.988851+01
dabd6fa9-b82a-44ba-acf8-3bf79b82e4c2	8ab8e1ac-ba60-49eb-8369-022ede51c676	cancelled	1999	2026-02-20 21:55:08.027494+01	2026-02-20 21:55:08.075371+01
0d032a4b-baa7-4daa-9eed-6aa71a050c73	8ab8e1ac-ba60-49eb-8369-022ede51c676	fulfilled	1999	2026-02-20 21:55:08.102103+01	2026-02-20 21:55:08.327627+01
f0d0374f-71f5-4d01-9ed5-67df5b570ba4	8ab8e1ac-ba60-49eb-8369-022ede51c676	placed	1999	2026-02-20 21:55:08.345651+01	2026-02-20 21:55:08.345651+01
9f350823-384f-4b10-8d22-b87920977535	8ab8e1ac-ba60-49eb-8369-022ede51c676	placed	999	2026-02-20 22:05:33.85385+01	2026-02-20 22:05:33.85385+01
2ee13a9e-75f4-4f53-9fa7-fccacaf65bf9	8ab8e1ac-ba60-49eb-8369-022ede51c676	cancelled	1999	2026-02-20 22:05:33.888535+01	2026-02-20 22:05:33.926876+01
58b54031-2660-446d-b31e-30ac4e4148fc	8ab8e1ac-ba60-49eb-8369-022ede51c676	fulfilled	1999	2026-02-20 22:05:33.95137+01	2026-02-20 22:05:34.15163+01
15297e1c-c01e-4edc-88ce-653d87d3212b	8ab8e1ac-ba60-49eb-8369-022ede51c676	placed	1999	2026-02-20 22:05:34.171856+01	2026-02-20 22:05:34.171856+01
fc79a559-e8ad-4c9b-bba5-1564c8d9d72e	8ab8e1ac-ba60-49eb-8369-022ede51c676	placed	999	2026-02-20 22:09:54.228219+01	2026-02-20 22:09:54.228219+01
18cc3d30-b336-4d70-81df-c751e789fe24	8ab8e1ac-ba60-49eb-8369-022ede51c676	cancelled	1999	2026-02-20 22:09:54.265923+01	2026-02-20 22:09:54.310378+01
c702f69c-2979-469b-bde8-4164f023b1c0	8ab8e1ac-ba60-49eb-8369-022ede51c676	fulfilled	1999	2026-02-20 22:09:54.334782+01	2026-02-20 22:09:54.533817+01
d05b872f-521f-4650-8a10-f2b95f4da578	8ab8e1ac-ba60-49eb-8369-022ede51c676	placed	1999	2026-02-20 22:09:54.55515+01	2026-02-20 22:09:54.55515+01
f27ef818-80dc-4a41-ab7c-7a26b92ade58	8ab8e1ac-ba60-49eb-8369-022ede51c676	placed	999	2026-02-20 22:10:56.720511+01	2026-02-20 22:10:56.720511+01
9b8d34b9-c912-455b-97f1-257fd9142bf6	8ab8e1ac-ba60-49eb-8369-022ede51c676	cancelled	1999	2026-02-20 22:10:56.751443+01	2026-02-20 22:10:56.792429+01
eb7e50c2-9639-476e-9b4f-dc8bf30c3073	8ab8e1ac-ba60-49eb-8369-022ede51c676	fulfilled	1999	2026-02-20 22:10:56.814192+01	2026-02-20 22:10:56.993713+01
c97af78a-4ff0-43b0-861d-3577f740aa75	8ab8e1ac-ba60-49eb-8369-022ede51c676	placed	1999	2026-02-20 22:10:57.016726+01	2026-02-20 22:10:57.016726+01
72846465-625b-415b-ba49-affb7ee0fee5	8ab8e1ac-ba60-49eb-8369-022ede51c676	placed	999	2026-02-20 22:21:18.825966+01	2026-02-20 22:21:18.825966+01
9958f662-07bc-43c0-a3bb-940acc6f44d5	8ab8e1ac-ba60-49eb-8369-022ede51c676	cancelled	1999	2026-02-20 22:21:18.866516+01	2026-02-20 22:21:18.910444+01
f577e815-4060-43e3-be29-b21a49aa5630	8ab8e1ac-ba60-49eb-8369-022ede51c676	fulfilled	1999	2026-02-20 22:21:18.932771+01	2026-02-20 22:21:19.137114+01
c6b30b16-4c64-4973-8fea-3b45f0408025	8ab8e1ac-ba60-49eb-8369-022ede51c676	placed	1999	2026-02-20 22:21:19.156091+01	2026-02-20 22:21:19.156091+01
b36a8b47-a794-41b2-bf63-0476f9f7b39b	8ab8e1ac-ba60-49eb-8369-022ede51c676	placed	4	2026-02-20 22:32:43.255013+01	2026-02-20 22:32:43.255013+01
07896ab6-86e5-4210-a844-08573e4b3545	8ab8e1ac-ba60-49eb-8369-022ede51c676	placed	999	2026-02-20 22:50:47.507958+01	2026-02-20 22:50:47.507958+01
0a44d1e8-739b-4c99-b081-62aba62dd48c	8ab8e1ac-ba60-49eb-8369-022ede51c676	cancelled	1999	2026-02-20 22:50:47.539783+01	2026-02-20 22:50:47.579943+01
79cebe7c-af8d-4767-b52a-cfe9c001fa6d	8ab8e1ac-ba60-49eb-8369-022ede51c676	fulfilled	1999	2026-02-20 22:50:47.600674+01	2026-02-20 22:50:47.798324+01
4e8840d2-415e-4e4f-ab89-c2e7b422a685	8ab8e1ac-ba60-49eb-8369-022ede51c676	placed	1999	2026-02-20 22:50:47.817323+01	2026-02-20 22:50:47.817323+01
17926064-5b2b-460e-a019-cea9772b8666	8ab8e1ac-ba60-49eb-8369-022ede51c676	placed	999	2026-02-20 22:53:29.330555+01	2026-02-20 22:53:29.330555+01
f5fc7893-a161-46af-96b9-cbb5a77c78a6	8ab8e1ac-ba60-49eb-8369-022ede51c676	cancelled	1999	2026-02-20 22:53:29.354295+01	2026-02-20 22:53:29.389643+01
9353d604-5424-41ae-a77d-ca1260130a18	8ab8e1ac-ba60-49eb-8369-022ede51c676	fulfilled	1999	2026-02-20 22:53:29.41038+01	2026-02-20 22:53:29.596645+01
16fde3a9-0237-4f35-ba6d-ba7456274212	8ab8e1ac-ba60-49eb-8369-022ede51c676	placed	1999	2026-02-20 22:53:29.617085+01	2026-02-20 22:53:29.617085+01
73607db1-3c53-4242-acd2-4b5fea64a591	8ab8e1ac-ba60-49eb-8369-022ede51c676	placed	999	2026-02-20 23:01:40.481125+01	2026-02-20 23:01:40.481125+01
efc0e99d-778e-43a3-8ccc-159e016a69db	8ab8e1ac-ba60-49eb-8369-022ede51c676	cancelled	1999	2026-02-20 23:01:40.513301+01	2026-02-20 23:01:40.557535+01
ec7b69c5-76af-418b-8e82-0f5bb1bc91fc	8ab8e1ac-ba60-49eb-8369-022ede51c676	fulfilled	1999	2026-02-20 23:01:40.581918+01	2026-02-20 23:01:40.774166+01
243ac7b0-bb16-4f89-89da-eb46eff1d6dd	8ab8e1ac-ba60-49eb-8369-022ede51c676	placed	1999	2026-02-20 23:01:40.795785+01	2026-02-20 23:01:40.795785+01
e1b5d793-c6e5-415d-ae4d-d2d98af709a5	8ab8e1ac-ba60-49eb-8369-022ede51c676	placed	1999	2026-02-20 23:02:22.841759+01	2026-02-20 23:02:22.841759+01
8729365f-4f31-49db-bff7-ef0bc7aa1808	8ab8e1ac-ba60-49eb-8369-022ede51c676	placed	999	2026-02-20 23:12:35.673212+01	2026-02-20 23:12:35.673212+01
2d78d85f-c4ce-4807-908d-cc45f9f9c8f2	8ab8e1ac-ba60-49eb-8369-022ede51c676	cancelled	1999	2026-02-20 23:12:35.709272+01	2026-02-20 23:12:35.748457+01
27e19909-8973-4a5b-90ec-bb60543d9f16	8ab8e1ac-ba60-49eb-8369-022ede51c676	fulfilled	1999	2026-02-20 23:12:35.767636+01	2026-02-20 23:12:35.943131+01
78acf822-6263-4e14-83f4-266eb0841773	8ab8e1ac-ba60-49eb-8369-022ede51c676	placed	1999	2026-02-20 23:12:35.960501+01	2026-02-20 23:12:35.960501+01
8ce38416-742f-45c5-9d30-7e80c4bfc025	8ab8e1ac-ba60-49eb-8369-022ede51c676	placed	1999	2026-02-20 23:13:24.872945+01	2026-02-20 23:13:24.872945+01
993aa2ad-bca9-4591-8e4d-82e3ae0b6945	8ab8e1ac-ba60-49eb-8369-022ede51c676	placed	999	2026-02-20 23:22:54.926315+01	2026-02-20 23:22:54.926315+01
0fd96006-54d5-41d1-9f84-a0a570bba906	8ab8e1ac-ba60-49eb-8369-022ede51c676	cancelled	1999	2026-02-20 23:22:54.958944+01	2026-02-20 23:22:55.000716+01
e62cd053-88db-460f-b2dc-a6620405d27b	8ab8e1ac-ba60-49eb-8369-022ede51c676	fulfilled	1999	2026-02-20 23:22:55.02149+01	2026-02-20 23:22:55.209268+01
db4182f6-2bc6-4a5c-9371-a0fe49b07ca1	8ab8e1ac-ba60-49eb-8369-022ede51c676	placed	1999	2026-02-20 23:22:55.226852+01	2026-02-20 23:22:55.226852+01
06460c3b-de57-4afc-80cf-dfc93b2fb8b0	8ab8e1ac-ba60-49eb-8369-022ede51c676	placed	1999	2026-02-20 23:23:31.50205+01	2026-02-20 23:23:31.50205+01
bedcab22-22cb-4679-adc0-f61dd28a6fcf	8ab8e1ac-ba60-49eb-8369-022ede51c676	placed	999	2026-02-21 07:32:02.897663+01	2026-02-21 07:32:02.897663+01
b0aeccab-d7c0-4422-badf-19cf45f54309	8ab8e1ac-ba60-49eb-8369-022ede51c676	cancelled	1999	2026-02-21 07:32:02.92761+01	2026-02-21 07:32:02.963504+01
7407db1a-f7ef-4f02-9e58-26e212950c20	8ab8e1ac-ba60-49eb-8369-022ede51c676	fulfilled	1999	2026-02-21 07:32:02.984436+01	2026-02-21 07:32:03.29401+01
843f1abf-b708-46da-a400-402c4ac8202c	8ab8e1ac-ba60-49eb-8369-022ede51c676	placed	1999	2026-02-21 07:32:03.315191+01	2026-02-21 07:32:03.315191+01
eaefbc28-e925-4e99-9e68-36d3740a304f	8ab8e1ac-ba60-49eb-8369-022ede51c676	placed	1999	2026-02-21 07:32:28.858319+01	2026-02-21 07:32:28.858319+01
7332136e-f389-464b-9d40-6c05f12264e8	8ab8e1ac-ba60-49eb-8369-022ede51c676	placed	999	2026-02-21 07:38:19.818889+01	2026-02-21 07:38:19.818889+01
3cf8106e-0130-4bed-8686-2620b0f320b3	8ab8e1ac-ba60-49eb-8369-022ede51c676	cancelled	1999	2026-02-21 07:38:19.838935+01	2026-02-21 07:38:19.86582+01
bae3af27-a4ea-4860-ba08-bd17797fe8aa	8ab8e1ac-ba60-49eb-8369-022ede51c676	fulfilled	1999	2026-02-21 07:38:19.881906+01	2026-02-21 07:38:20.043925+01
d6d04ce1-ce8a-4070-9dd7-dc8cb0f10ddb	8ab8e1ac-ba60-49eb-8369-022ede51c676	placed	1999	2026-02-21 07:38:20.060655+01	2026-02-21 07:38:20.060655+01
ef807a77-1c30-45c6-8562-5e29c9e86d96	8ab8e1ac-ba60-49eb-8369-022ede51c676	placed	1999	2026-02-21 07:38:48.149887+01	2026-02-21 07:38:48.149887+01
9a5adbc7-c434-4ead-9d4c-1d59d4bf5abd	8ab8e1ac-ba60-49eb-8369-022ede51c676	placed	999	2026-02-21 07:40:19.53073+01	2026-02-21 07:40:19.53073+01
53a18ae9-628d-45d2-a726-2f8b9bcb8d3f	8ab8e1ac-ba60-49eb-8369-022ede51c676	cancelled	1999	2026-02-21 07:40:19.549755+01	2026-02-21 07:40:19.582175+01
bfe09df9-8901-4e55-865d-17d2b40589a3	8ab8e1ac-ba60-49eb-8369-022ede51c676	fulfilled	1999	2026-02-21 07:40:19.599156+01	2026-02-21 07:40:19.768884+01
0c8ebe98-6a42-4fe6-9ce4-8dc33b3bc3e0	8ab8e1ac-ba60-49eb-8369-022ede51c676	placed	1999	2026-02-21 07:40:19.788066+01	2026-02-21 07:40:19.788066+01
f3a24da0-4f3b-46d3-8b71-76290c04a187	8ab8e1ac-ba60-49eb-8369-022ede51c676	placed	1999	2026-02-21 07:40:45.70182+01	2026-02-21 07:40:45.70182+01
8ef9a982-65b7-4638-969c-1b6db82a1b6c	8ab8e1ac-ba60-49eb-8369-022ede51c676	placed	999	2026-02-21 07:48:26.678127+01	2026-02-21 07:48:26.678127+01
20b3266e-00c4-4a52-9e65-7634835442cd	8ab8e1ac-ba60-49eb-8369-022ede51c676	cancelled	1999	2026-02-21 07:48:26.703019+01	2026-02-21 07:48:26.733321+01
9046d4d6-57b5-4f1f-909a-d1fb0ee40cc8	8ab8e1ac-ba60-49eb-8369-022ede51c676	fulfilled	1999	2026-02-21 07:48:26.749987+01	2026-02-21 07:48:26.907998+01
5122a52e-d51a-478b-aca1-d1b00a021993	8ab8e1ac-ba60-49eb-8369-022ede51c676	placed	1999	2026-02-21 07:48:26.930108+01	2026-02-21 07:48:26.930108+01
44329f79-45eb-41a5-90be-1854a29e6cf1	8ab8e1ac-ba60-49eb-8369-022ede51c676	placed	1999	2026-02-21 07:48:52.212831+01	2026-02-21 07:48:52.212831+01
44e5a4c7-4c50-4d16-92db-50e5621c224c	8ab8e1ac-ba60-49eb-8369-022ede51c676	placed	999	2026-02-21 08:12:15.438709+01	2026-02-21 08:12:15.438709+01
81786c10-afca-48ea-9e5c-a37948af58ef	8ab8e1ac-ba60-49eb-8369-022ede51c676	cancelled	1999	2026-02-21 08:12:15.466268+01	2026-02-21 08:12:15.49633+01
acf86476-fe9a-48de-9c41-a3a71dc1e58d	8ab8e1ac-ba60-49eb-8369-022ede51c676	fulfilled	1999	2026-02-21 08:12:15.51326+01	2026-02-21 08:12:15.668131+01
9324c1f2-9a21-49a8-9ad7-d32ea424f2ec	8ab8e1ac-ba60-49eb-8369-022ede51c676	placed	1999	2026-02-21 08:12:15.68679+01	2026-02-21 08:12:15.68679+01
1e76e5f5-1b5b-4d8a-bb2c-7f905a38281b	8ab8e1ac-ba60-49eb-8369-022ede51c676	placed	1999	2026-02-21 08:12:47.028271+01	2026-02-21 08:12:47.028271+01
481f4594-0726-41f8-b835-04a5c10cc0ab	8ab8e1ac-ba60-49eb-8369-022ede51c676	placed	999	2026-02-21 08:29:27.812127+01	2026-02-21 08:29:27.812127+01
46b5fad5-4f4b-47f0-bad1-b7da3b89d0de	8ab8e1ac-ba60-49eb-8369-022ede51c676	cancelled	1999	2026-02-21 08:29:27.838757+01	2026-02-21 08:29:27.868071+01
d1c3ac19-c682-4439-953c-b3f14868a912	8ab8e1ac-ba60-49eb-8369-022ede51c676	fulfilled	1999	2026-02-21 08:29:27.888424+01	2026-02-21 08:29:28.047333+01
8e49b94c-21cb-42bf-97b8-e2392332a7e0	8ab8e1ac-ba60-49eb-8369-022ede51c676	placed	1999	2026-02-21 08:29:28.064328+01	2026-02-21 08:29:28.064328+01
455601d4-3404-4d6b-ad7f-41231e977d29	8ab8e1ac-ba60-49eb-8369-022ede51c676	placed	1999	2026-02-21 08:29:58.657779+01	2026-02-21 08:29:58.657779+01
ee274cf5-5492-4f79-bf39-eea899a65c17	8ab8e1ac-ba60-49eb-8369-022ede51c676	placed	999	2026-02-21 09:11:51.406127+01	2026-02-21 09:11:51.406127+01
883bcd0d-f944-41bd-80bc-b4ef9c6cd2c4	8ab8e1ac-ba60-49eb-8369-022ede51c676	cancelled	1999	2026-02-21 09:11:51.438387+01	2026-02-21 09:11:51.481673+01
7e072e1e-7a0d-4425-a94d-971b984d29e6	8ab8e1ac-ba60-49eb-8369-022ede51c676	fulfilled	1999	2026-02-21 09:11:51.504606+01	2026-02-21 09:11:51.782423+01
6b6c127a-fd7d-4636-a5df-651a63a91f30	8ab8e1ac-ba60-49eb-8369-022ede51c676	placed	1999	2026-02-21 09:11:51.803563+01	2026-02-21 09:11:51.803563+01
39678eae-b2f3-4c49-9d01-24fed1764f2b	8ab8e1ac-ba60-49eb-8369-022ede51c676	placed	999	2026-02-21 09:26:02.890846+01	2026-02-21 09:26:02.890846+01
1f1e8af8-1cf0-4171-9da5-bee1150bdd5e	8ab8e1ac-ba60-49eb-8369-022ede51c676	cancelled	1999	2026-02-21 09:26:02.925024+01	2026-02-21 09:26:02.972012+01
920fdc7f-f8da-41e8-8339-e9fd49bd4afd	8ab8e1ac-ba60-49eb-8369-022ede51c676	fulfilled	1999	2026-02-21 09:26:02.993763+01	2026-02-21 09:26:03.208436+01
e6877c01-8b0c-4266-b9d3-1119c8a58048	8ab8e1ac-ba60-49eb-8369-022ede51c676	placed	1999	2026-02-21 09:26:03.229111+01	2026-02-21 09:26:03.229111+01
f03fd331-5664-4e47-92f3-487d811c4a05	8ab8e1ac-ba60-49eb-8369-022ede51c676	placed	999	2026-02-21 09:28:32.523925+01	2026-02-21 09:28:32.523925+01
4df30c02-f3fa-40cb-9efc-d36016ab4580	8ab8e1ac-ba60-49eb-8369-022ede51c676	cancelled	1999	2026-02-21 09:28:32.541494+01	2026-02-21 09:28:32.577261+01
19d798ad-fb31-489d-a125-dfebcec6f1fe	8ab8e1ac-ba60-49eb-8369-022ede51c676	fulfilled	1999	2026-02-21 09:28:32.594826+01	2026-02-21 09:28:32.766972+01
8621755c-5ee2-42df-9932-927c895bd851	8ab8e1ac-ba60-49eb-8369-022ede51c676	placed	1999	2026-02-21 09:28:32.787304+01	2026-02-21 09:28:32.787304+01
a8abd4ab-eedf-4043-9510-05d4ea5c29dc	8ab8e1ac-ba60-49eb-8369-022ede51c676	placed	999	2026-02-21 09:31:34.979983+01	2026-02-21 09:31:34.979983+01
9f8eea69-97e7-483c-8e40-5a3fbc25c773	8ab8e1ac-ba60-49eb-8369-022ede51c676	cancelled	1999	2026-02-21 09:31:35.012579+01	2026-02-21 09:31:35.049387+01
cd565cd0-3bef-4750-8b87-381e750cb16b	8ab8e1ac-ba60-49eb-8369-022ede51c676	fulfilled	1999	2026-02-21 09:31:35.070946+01	2026-02-21 09:31:35.239931+01
47e3ad7a-6f21-494b-80a2-60398799e96f	8ab8e1ac-ba60-49eb-8369-022ede51c676	placed	1999	2026-02-21 09:31:35.258437+01	2026-02-21 09:31:35.258437+01
2bb18b79-76f0-401e-8f91-43547c75bb8b	8ab8e1ac-ba60-49eb-8369-022ede51c676	placed	1999	2026-02-21 09:33:06.294763+01	2026-02-21 09:33:06.294763+01
c6f9256b-7851-4c38-9936-77e7b8323516	8ab8e1ac-ba60-49eb-8369-022ede51c676	placed	999	2026-02-21 09:56:43.332155+01	2026-02-21 09:56:43.332155+01
592031c8-d275-4ff7-8501-7676300bd87e	8ab8e1ac-ba60-49eb-8369-022ede51c676	cancelled	1999	2026-02-21 09:56:43.365542+01	2026-02-21 09:56:43.404511+01
7a34f6a0-a7f6-41be-a78f-a7474c63a7aa	8ab8e1ac-ba60-49eb-8369-022ede51c676	fulfilled	1999	2026-02-21 09:56:43.427027+01	2026-02-21 09:56:43.602723+01
57fc18e7-b030-4730-a517-5c8fce4319b1	8ab8e1ac-ba60-49eb-8369-022ede51c676	placed	1999	2026-02-21 09:56:43.62192+01	2026-02-21 09:56:43.62192+01
9bb44b12-f196-416e-bbda-388a0a74f04b	8ab8e1ac-ba60-49eb-8369-022ede51c676	placed	999	2026-02-21 10:16:55.069675+01	2026-02-21 10:16:55.069675+01
965e6c3f-0334-4a46-868b-4f694d39e011	8ab8e1ac-ba60-49eb-8369-022ede51c676	cancelled	1999	2026-02-21 10:16:55.094713+01	2026-02-21 10:16:55.125401+01
c84e0eef-1aaf-458d-9188-f6bf62fb92ac	8ab8e1ac-ba60-49eb-8369-022ede51c676	fulfilled	1999	2026-02-21 10:16:55.144065+01	2026-02-21 10:16:55.307074+01
4ddcb4b2-6cee-44f4-b6ef-5ca0c697507a	8ab8e1ac-ba60-49eb-8369-022ede51c676	placed	1999	2026-02-21 10:16:55.327888+01	2026-02-21 10:16:55.327888+01
17cd5b51-b66b-4807-bfb0-9744464b60f1	8ab8e1ac-ba60-49eb-8369-022ede51c676	placed	999	2026-02-21 11:10:04.612082+01	2026-02-21 11:10:04.612082+01
e0145fce-b691-4969-ba9d-3c8e6d22e3c9	8ab8e1ac-ba60-49eb-8369-022ede51c676	cancelled	1999	2026-02-21 11:10:04.636807+01	2026-02-21 11:10:04.666672+01
ec2bad94-a410-41b4-b12b-71db9aabb25b	8ab8e1ac-ba60-49eb-8369-022ede51c676	fulfilled	1999	2026-02-21 11:10:04.686042+01	2026-02-21 11:10:04.848928+01
c5edc2f2-da9b-48ed-bc80-fea0d1a2ba64	8ab8e1ac-ba60-49eb-8369-022ede51c676	placed	1999	2026-02-21 11:10:04.866335+01	2026-02-21 11:10:04.866335+01
fa8009a6-ea74-4e6d-870a-746e0c3ecca3	8ab8e1ac-ba60-49eb-8369-022ede51c676	placed	999	2026-02-21 11:19:29.940902+01	2026-02-21 11:19:29.940902+01
92facbcd-ed09-4dad-8846-467f42e466be	8ab8e1ac-ba60-49eb-8369-022ede51c676	cancelled	1999	2026-02-21 11:19:29.967455+01	2026-02-21 11:19:29.998728+01
12788b6e-c0b2-413a-a279-f72b857fe26d	8ab8e1ac-ba60-49eb-8369-022ede51c676	fulfilled	1999	2026-02-21 11:19:30.019042+01	2026-02-21 11:19:30.188699+01
2218cf51-712c-4018-9957-f7e6b632194a	8ab8e1ac-ba60-49eb-8369-022ede51c676	placed	1999	2026-02-21 11:19:30.208323+01	2026-02-21 11:19:30.208323+01
c4dba45a-03f1-4c5b-aaf5-fcc027ccc255	8ab8e1ac-ba60-49eb-8369-022ede51c676	placed	999	2026-02-21 11:35:32.036022+01	2026-02-21 11:35:32.036022+01
a0a58f2f-79ea-428d-a4cc-917f855695a4	8ab8e1ac-ba60-49eb-8369-022ede51c676	cancelled	1999	2026-02-21 11:35:32.071303+01	2026-02-21 11:35:32.107033+01
2223c2dc-4bab-4f9c-a984-6939a0236c53	8ab8e1ac-ba60-49eb-8369-022ede51c676	fulfilled	1999	2026-02-21 11:35:32.127916+01	2026-02-21 11:35:32.299044+01
47db3661-a48e-41e1-951c-846eae24d3dc	8ab8e1ac-ba60-49eb-8369-022ede51c676	placed	1999	2026-02-21 11:35:32.316373+01	2026-02-21 11:35:32.316373+01
\.


--
-- Data for Name: payment_attempts; Type: TABLE DATA; Schema: public; Owner: postgres
--

COPY public.payment_attempts (id, payment_id, status, provider, provider_attempt_id, meta_json, created_at) FROM stdin;
6744055b-7f10-4631-825c-8361838b7254	894b7949-a024-4a52-8bf6-1b7bb445b75c	created	mock	\N	\N	2026-02-20 17:09:32.344868+01
1e04ce29-7739-4a1c-b83e-f42beb49e747	67dc4a38-fb7f-4806-903f-8efe166858bf	created	mock	\N	\N	2026-02-20 17:33:06.968343+01
87c2a24d-271f-426e-9d49-be37680515ad	77d40afe-bc53-47ad-86bf-1deaff17190d	created	mock	\N	\N	2026-02-20 18:13:44.56304+01
953aeff2-a905-4c34-9127-a85f3c03fb17	781d447a-90e5-47b8-9abb-95885c1dc00a	created	mock	\N	\N	2026-02-20 18:48:03.743009+01
b3df0a6f-a406-40f5-988f-80d7d055dc46	7f7bd35e-36fc-4580-a40e-84881216412a	created	mock	\N	\N	2026-02-20 19:24:37.929577+01
6708482e-bc4c-4c75-981d-f4e4f5854c43	5f841816-2914-44a7-982d-33c9b3179187	created	mock	\N	\N	2026-02-20 20:43:12.820597+01
7e1c6f62-5632-4419-be7b-87a3b33f6234	b037d812-5b0d-4f16-956d-000e86a8116f	created	mock	\N	\N	2026-02-20 20:44:01.843614+01
962e143d-8ac4-4126-98c6-e787ec4d63cf	6fd2ea59-5d88-4428-ba56-92d0dfcaccc7	created	mock	\N	\N	2026-02-20 20:44:14.375079+01
5575d448-3ab2-4968-98f4-021362e53a11	41457169-0ad7-4976-89b6-cfe2def7295a	created	mock	\N	\N	2026-02-20 20:54:29.914463+01
a847e1d6-8115-4c4f-adf2-c48454b012a1	49e396cf-efcc-4ccd-9087-2d16fed730f4	created	mock	\N	\N	2026-02-20 20:56:59.151437+01
54e9fe27-0b5c-42e7-88b3-4bdd40d0e4f9	8d7f1363-003a-4529-970f-882fe840f8d3	created	mock	\N	\N	2026-02-20 20:58:51.825547+01
aeff4c36-9da3-4fc6-9fd3-46a018c810f2	8154e9a0-d37f-4702-8760-552b0be22d54	created	mock	\N	\N	2026-02-20 21:03:51.743529+01
68e9e645-d952-4ed1-89b9-16492f898347	b22c3b88-f79c-4bdc-a62b-2375493013e5	created	mock	\N	\N	2026-02-20 21:04:58.016175+01
5de3cd9c-e9cf-44c7-8819-63a8b429c803	087bd587-d3b2-4d0d-851b-45680d9286ac	created	mock	\N	\N	2026-02-20 21:10:05.445608+01
a1414130-233c-43db-b608-7ffb79261b1f	c6365edd-c852-461b-a578-b74491c4b4b7	created	mock	\N	\N	2026-02-20 21:14:17.41691+01
16ca14a9-e6b4-48d5-a4e7-9f457acbdd24	0f6a3258-f8f8-4bdd-b792-ea6fb666d2b2	created	mock	\N	\N	2026-02-20 21:18:57.863032+01
d28f0317-69d1-416b-9fd1-8121fedda9f5	ecdc3c56-a9f7-42fb-9e25-da5bb90c2ef7	created	mock	\N	\N	2026-02-20 21:24:16.765979+01
325dea29-8d7b-4129-82e8-e465143ce1d3	9da436d2-c684-427c-801e-0bfd9c3d0cd0	created	mock	\N	\N	2026-02-20 21:27:54.857468+01
1aac17c8-5b27-445b-8f65-d8d664cf69b2	deb37ae3-663a-40b6-a06e-7b7de9e24f6c	created	mock	\N	\N	2026-02-20 21:31:56.37148+01
f6ffedd0-e3d3-44e7-8309-de21b2276f51	ea8a6333-a409-4f9d-9034-a0147c154b99	created	mock	\N	\N	2026-02-20 21:36:14.787978+01
75e1549c-eca1-46d7-8823-31d3a6bcf2c7	e9a9cb9d-fa6a-48ba-a43a-305de3745edb	created	mock	\N	\N	2026-02-20 21:39:24.557036+01
6da9aa97-c06f-46ee-b5be-7f8ec2ee79da	08a86ab5-dc4e-4d27-a948-f862e0e2a0df	created	mock	\N	\N	2026-02-20 21:47:38.2046+01
37c46627-e7c8-4b10-92c8-0810ce3be1ab	42f68ae2-1cac-4370-a27b-05fe0591aab9	created	mock	\N	\N	2026-02-20 21:49:44.292342+01
8a7a9a08-3da2-4afa-b115-8167fd9d517c	d51dc9c9-e13c-4e3e-91d9-4d7df2ce4de9	created	mock	\N	\N	2026-02-20 21:51:05.815932+01
29d8c7a9-9fff-49f8-95e4-778758f526f7	20dc7651-62e6-4cc7-8505-4c208385d02c	created	mock	\N	\N	2026-02-20 21:55:08.133178+01
16401f35-0417-4f43-ac79-c5b1e8f210e7	4d01e5aa-8360-49a0-98bf-0ea1e40b962c	created	mock	\N	\N	2026-02-20 22:05:33.979003+01
93b12c37-674d-4331-91d7-c2c090db4cf6	529498ef-9392-481b-b7be-1479775140b8	created	mock	\N	\N	2026-02-20 22:09:54.359202+01
d8774695-eb83-4b43-b61c-69b02ec53a20	4c2e4c93-e62e-4973-881b-7ac3b107ef9c	created	mock	\N	\N	2026-02-20 22:10:56.836998+01
6e1c7639-9cae-4ec4-ad7b-44ad572addad	c77ac2cd-bddb-4727-9b62-86268694936d	created	mock	\N	\N	2026-02-20 22:21:18.956221+01
751ce8b3-278c-46b1-8270-6d0e75356f63	a79646c8-fb8d-4592-aff2-a09e84474b02	created	mock	\N	\N	2026-02-20 22:50:47.625925+01
4aaa3326-63cd-4c38-af1f-4b97ebbb6e94	192552fe-1486-4524-9613-cbc6d0d54705	created	mock	\N	\N	2026-02-20 22:53:29.433943+01
36852336-4795-40f0-ae64-18b6e6c91ea4	3daadfa5-a7ef-4ab9-891d-7f6190a24b71	created	mock	\N	\N	2026-02-20 23:01:40.607444+01
b9b39a51-5c75-4664-8079-7499196b555b	8af41cc5-911f-414f-851a-483f8ca0d23e	created	mock	\N	\N	2026-02-20 23:12:35.791613+01
7b9d3621-c122-45a9-b50f-2a67737d1ec0	7e4d6a0d-757a-44b7-b7b8-7d25f8e0156f	created	mock	\N	\N	2026-02-20 23:22:55.045294+01
370733cc-a8dd-4bfc-b3d5-2b36f4e87349	494a1417-925a-4bef-8a69-281c1545a424	created	mock	\N	\N	2026-02-21 07:32:03.013496+01
8d3513d3-1b07-4255-a16c-bf0bf6f813fd	01a4e54d-815e-45db-8ad2-916d53b5e1bd	created	mock	\N	\N	2026-02-21 07:38:19.901828+01
746c8116-2e42-4898-98a1-fe5e269796cd	d355fbf6-621e-47d1-8c8d-0b19c473f0b7	created	mock	\N	\N	2026-02-21 07:40:19.621866+01
64108359-2c8d-4143-ab76-46bd8f30a18e	cfe891c8-d879-460a-90d4-2e9551727ed9	created	mock	\N	\N	2026-02-21 07:48:26.771307+01
5d0d704e-7f51-4c8f-9029-2e5121131d50	4816fa09-0ad7-4746-acdd-4c2ffd919dc8	created	mock	\N	\N	2026-02-21 08:12:15.53275+01
8539f6f4-67b7-404c-a9eb-faa0560f4677	c245b435-886f-4146-8ba2-2700762479ef	created	mock	\N	\N	2026-02-21 08:29:27.912496+01
68b7b61e-5dfd-4370-98b3-81c57a8ee1c7	d5cca246-6d28-41b8-a286-8d41a7c0a230	created	mock	\N	\N	2026-02-21 09:11:51.532947+01
1aaff6e0-0903-413f-bc60-899d6f427512	7b8a3e5d-d261-40c9-b147-82f964aa84f4	created	mock	\N	\N	2026-02-21 09:26:03.023567+01
2d6db710-5b4c-4438-9c1c-13acc64a65a5	569bea3c-a464-413b-a093-f8f81ef44b3e	created	mock	\N	\N	2026-02-21 09:28:32.619782+01
d37d51a2-b875-477c-95ef-242b081796e8	1bfbfd69-bfe8-43a3-bb8a-de70172df5c2	created	mock	\N	\N	2026-02-21 09:31:35.095056+01
fd36f4ff-617b-490e-aa42-eb53e325bf69	b56d440c-a1d2-4d7e-87e0-cce0ab832521	created	mock	\N	\N	2026-02-21 09:56:43.455938+01
23453af0-92e1-48f9-b49f-b2124ac9b3b2	32df77fd-cea8-4bdb-9b04-a42042b9ee6f	created	mock	\N	\N	2026-02-21 10:16:55.166577+01
c9cbf207-5f0b-4c72-83e4-0d8da9066fe4	94d7b8f9-dcf2-4aef-a8fe-7288004ea7f9	created	mock	\N	\N	2026-02-21 11:10:04.708319+01
b3f17d57-9202-487c-b0ac-ff98c80cf34f	8226623f-6559-4390-bb2a-3c4f0fe3ed18	created	mock	\N	\N	2026-02-21 11:19:30.047008+01
4b91231d-ff90-43d2-8358-96265aebf9b5	c75baca7-2993-447d-9ab0-7c9ea93e2b76	created	mock	\N	\N	2026-02-21 11:35:32.154453+01
\.


--
-- Data for Name: payment_events; Type: TABLE DATA; Schema: public; Owner: postgres
--

COPY public.payment_events (id, payment_id, event_type, provider, provider_event_id, payload_json, created_at) FROM stdin;
c6be1a3c-6c86-4c19-9db8-11369f6ed0a4	49e396cf-efcc-4ccd-9087-2d16fed730f4	payment_paid	mock	\N	{"source": "mock_confirm", "orderId": "e2f5edcb-8c02-4da9-90e4-15a6b17c6107", "paymentId": "49e396cf-efcc-4ccd-9087-2d16fed730f4"}	2026-02-20 20:56:59.165452+01
b39b025d-6676-407d-93cd-8c255379c0b1	8d7f1363-003a-4529-970f-882fe840f8d3	payment_paid	mock	\N	{"source": "mock_confirm", "orderId": "4af5eedd-5f4e-4633-8964-38538dcaaef9", "paymentId": "8d7f1363-003a-4529-970f-882fe840f8d3"}	2026-02-20 20:58:51.833922+01
63a82f6c-dabf-4d61-8625-9b62954a822b	8154e9a0-d37f-4702-8760-552b0be22d54	payment_paid	mock	\N	{"source": "mock_confirm", "orderId": "fb0aeb87-39bf-4d26-97d5-446fd74da851", "paymentId": "8154e9a0-d37f-4702-8760-552b0be22d54"}	2026-02-20 21:03:51.753373+01
ef35d80b-571a-4d72-bc21-cccce98e7956	b22c3b88-f79c-4bdc-a62b-2375493013e5	payment_paid	mock	\N	{"source": "mock_confirm", "orderId": "d08f7cbb-e183-42c4-8a6d-644e91879885", "paymentId": "b22c3b88-f79c-4bdc-a62b-2375493013e5"}	2026-02-20 21:04:58.027812+01
4cba47ad-d761-4ce9-a847-15380781853f	087bd587-d3b2-4d0d-851b-45680d9286ac	payment_paid	mock	\N	{"source": "mock_confirm", "orderId": "2b700e44-eae9-4845-926f-f5f86e84fbb5", "paymentId": "087bd587-d3b2-4d0d-851b-45680d9286ac"}	2026-02-20 21:10:05.457322+01
3d74ec9b-47ee-4720-b282-aedadd816c61	c6365edd-c852-461b-a578-b74491c4b4b7	payment_paid	mock	\N	{"source": "mock_confirm", "orderId": "9fe0b63b-c294-4c1b-ab86-fe8a69a53f5a", "paymentId": "c6365edd-c852-461b-a578-b74491c4b4b7"}	2026-02-20 21:14:17.427191+01
5b7b01fe-890d-48c0-b2bf-ac997bac03b0	0f6a3258-f8f8-4bdd-b792-ea6fb666d2b2	payment_paid	mock	\N	{"source": "mock_confirm", "orderId": "c649690c-5a5e-4144-82ef-a3df76809a8b", "paymentId": "0f6a3258-f8f8-4bdd-b792-ea6fb666d2b2"}	2026-02-20 21:18:57.874417+01
35db6ab1-1981-48d6-b657-9fd056a32650	ecdc3c56-a9f7-42fb-9e25-da5bb90c2ef7	payment_paid	mock	\N	{"source": "mock_confirm", "orderId": "1825977c-acd5-41e0-a647-dea33339b376", "paymentId": "ecdc3c56-a9f7-42fb-9e25-da5bb90c2ef7"}	2026-02-20 21:24:16.776681+01
0f39cd72-ffb0-4e0a-a899-2cd68afe4bdc	9da436d2-c684-427c-801e-0bfd9c3d0cd0	payment_paid	mock	\N	{"source": "mock_confirm", "orderId": "0d02c53a-905d-40ff-9766-3c84bf402093", "paymentId": "9da436d2-c684-427c-801e-0bfd9c3d0cd0"}	2026-02-20 21:27:54.866652+01
d912717a-94a4-4a6c-90ae-6a50a1cbaeed	deb37ae3-663a-40b6-a06e-7b7de9e24f6c	payment_paid	mock	\N	{"source": "mock_confirm", "orderId": "05238c7e-4a24-406a-aa4d-4e882e450d82", "paymentId": "deb37ae3-663a-40b6-a06e-7b7de9e24f6c"}	2026-02-20 21:31:56.384111+01
2bc0ce20-5f1e-4eab-a1f0-c30d6dcea5d7	ea8a6333-a409-4f9d-9034-a0147c154b99	payment_paid	mock	\N	{"source": "mock_confirm", "orderId": "ede3f2cc-fc98-4668-8e9f-013cb4a9c053", "paymentId": "ea8a6333-a409-4f9d-9034-a0147c154b99"}	2026-02-20 21:36:14.797179+01
ec17dbe5-e860-4997-9e44-16ae223458d2	e9a9cb9d-fa6a-48ba-a43a-305de3745edb	payment_paid	mock	\N	{"source": "mock_confirm", "orderId": "2c906c4b-35ec-4cbc-8d41-1893479f6a10", "paymentId": "e9a9cb9d-fa6a-48ba-a43a-305de3745edb"}	2026-02-20 21:39:24.567497+01
ace66c0a-44a9-4851-8345-fada430bc44f	08a86ab5-dc4e-4d27-a948-f862e0e2a0df	payment_paid	mock	\N	{"source": "mock_confirm", "orderId": "3dd3bb24-5270-4dcd-90ef-0ba39302f473", "paymentId": "08a86ab5-dc4e-4d27-a948-f862e0e2a0df"}	2026-02-20 21:47:38.228191+01
b429682e-dad9-40c6-a02f-e1656df4694f	42f68ae2-1cac-4370-a27b-05fe0591aab9	payment_paid	mock	\N	{"source": "mock_confirm", "orderId": "6a283a0b-e8b9-4269-b62e-542f0809d88b", "paymentId": "42f68ae2-1cac-4370-a27b-05fe0591aab9"}	2026-02-20 21:49:44.303916+01
cc343e94-ff27-41c4-97a4-8d14dd44f2be	d51dc9c9-e13c-4e3e-91d9-4d7df2ce4de9	payment_paid	mock	\N	{"source": "mock_confirm", "orderId": "78cc834c-bb2b-4a83-ac22-45ebcf79b5d1", "paymentId": "d51dc9c9-e13c-4e3e-91d9-4d7df2ce4de9"}	2026-02-20 21:51:05.826983+01
0677e063-2c38-4f76-a058-41cf702959d1	20dc7651-62e6-4cc7-8505-4c208385d02c	payment_paid	mock	\N	{"source": "mock_confirm", "orderId": "0d032a4b-baa7-4daa-9eed-6aa71a050c73", "paymentId": "20dc7651-62e6-4cc7-8505-4c208385d02c"}	2026-02-20 21:55:08.148718+01
7f873dbb-79c6-4095-bda1-3d6085ae3c3d	4d01e5aa-8360-49a0-98bf-0ea1e40b962c	payment_paid	mock	\N	{"source": "mock_confirm", "orderId": "58b54031-2660-446d-b31e-30ac4e4148fc", "paymentId": "4d01e5aa-8360-49a0-98bf-0ea1e40b962c"}	2026-02-20 22:05:33.990167+01
98f76eb7-dad6-4444-a45a-f81b7703cd80	529498ef-9392-481b-b7be-1479775140b8	payment_paid	mock	\N	{"source": "mock_confirm", "orderId": "c702f69c-2979-469b-bde8-4164f023b1c0", "paymentId": "529498ef-9392-481b-b7be-1479775140b8"}	2026-02-20 22:09:54.372144+01
3a0e19a7-76b2-4fd0-950d-4ce3f5c47065	4c2e4c93-e62e-4973-881b-7ac3b107ef9c	payment_paid	mock	\N	{"source": "mock_confirm", "orderId": "eb7e50c2-9639-476e-9b4f-dc8bf30c3073", "paymentId": "4c2e4c93-e62e-4973-881b-7ac3b107ef9c"}	2026-02-20 22:10:56.851028+01
46ee34a5-5e86-45b1-8a11-a4fd6115acfd	c77ac2cd-bddb-4727-9b62-86268694936d	payment_paid	mock	\N	{"source": "mock_confirm", "orderId": "f577e815-4060-43e3-be29-b21a49aa5630", "paymentId": "c77ac2cd-bddb-4727-9b62-86268694936d"}	2026-02-20 22:21:18.970135+01
96fb581a-cbfb-4cc2-8ecb-fe5f5ff606bc	a79646c8-fb8d-4592-aff2-a09e84474b02	payment_paid	mock	\N	{"source": "mock_confirm", "orderId": "79cebe7c-af8d-4767-b52a-cfe9c001fa6d", "paymentId": "a79646c8-fb8d-4592-aff2-a09e84474b02"}	2026-02-20 22:50:47.635267+01
83162a36-c384-43e7-98e6-9821e10aabac	192552fe-1486-4524-9613-cbc6d0d54705	payment_paid	mock	\N	{"source": "mock_confirm", "orderId": "9353d604-5424-41ae-a77d-ca1260130a18", "paymentId": "192552fe-1486-4524-9613-cbc6d0d54705"}	2026-02-20 22:53:29.443222+01
2f964d04-d600-4a4e-a157-a9c9ba38d620	3daadfa5-a7ef-4ab9-891d-7f6190a24b71	payment_paid	mock	\N	{"source": "mock_confirm", "orderId": "ec7b69c5-76af-418b-8e82-0f5bb1bc91fc", "paymentId": "3daadfa5-a7ef-4ab9-891d-7f6190a24b71"}	2026-02-20 23:01:40.618775+01
c1f6502c-c405-4ae3-a158-22d664493749	8af41cc5-911f-414f-851a-483f8ca0d23e	payment_paid	mock	\N	{"source": "mock_confirm", "orderId": "27e19909-8973-4a5b-90ec-bb60543d9f16", "paymentId": "8af41cc5-911f-414f-851a-483f8ca0d23e"}	2026-02-20 23:12:35.802116+01
e6df0c59-7793-4731-9cdc-5dfe4b735e36	7e4d6a0d-757a-44b7-b7b8-7d25f8e0156f	payment_paid	mock	\N	{"source": "mock_confirm", "orderId": "e62cd053-88db-460f-b2dc-a6620405d27b", "paymentId": "7e4d6a0d-757a-44b7-b7b8-7d25f8e0156f"}	2026-02-20 23:22:55.05563+01
a90d3875-5df1-456f-8223-2aad0cd7d296	494a1417-925a-4bef-8a69-281c1545a424	payment_paid	mock	\N	{"source": "mock_confirm", "orderId": "7407db1a-f7ef-4f02-9e58-26e212950c20", "paymentId": "494a1417-925a-4bef-8a69-281c1545a424"}	2026-02-21 07:32:03.027616+01
16875bdf-4d4b-499f-95f9-7b9af757ec0a	01a4e54d-815e-45db-8ad2-916d53b5e1bd	payment_paid	mock	\N	{"source": "mock_confirm", "orderId": "bae3af27-a4ea-4860-ba08-bd17797fe8aa", "paymentId": "01a4e54d-815e-45db-8ad2-916d53b5e1bd"}	2026-02-21 07:38:19.910151+01
73a94fa4-2b0e-4eda-9e80-873e826c3873	d355fbf6-621e-47d1-8c8d-0b19c473f0b7	payment_paid	mock	\N	{"source": "mock_confirm", "orderId": "bfe09df9-8901-4e55-865d-17d2b40589a3", "paymentId": "d355fbf6-621e-47d1-8c8d-0b19c473f0b7"}	2026-02-21 07:40:19.631631+01
4dbffc99-3952-4391-acc6-048324ebd86c	cfe891c8-d879-460a-90d4-2e9551727ed9	payment_paid	mock	\N	{"source": "mock_confirm", "orderId": "9046d4d6-57b5-4f1f-909a-d1fb0ee40cc8", "paymentId": "cfe891c8-d879-460a-90d4-2e9551727ed9"}	2026-02-21 07:48:26.780542+01
11077c26-e701-4c3d-97be-f6f7f4f375b3	4816fa09-0ad7-4746-acdd-4c2ffd919dc8	payment_paid	mock	\N	{"source": "mock_confirm", "orderId": "acf86476-fe9a-48de-9c41-a3a71dc1e58d", "paymentId": "4816fa09-0ad7-4746-acdd-4c2ffd919dc8"}	2026-02-21 08:12:15.541604+01
a5b22c8b-f447-4b8b-8a7f-c5a10e1f5ce3	c245b435-886f-4146-8ba2-2700762479ef	payment_paid	mock	\N	{"source": "mock_confirm", "orderId": "d1c3ac19-c682-4439-953c-b3f14868a912", "paymentId": "c245b435-886f-4146-8ba2-2700762479ef"}	2026-02-21 08:29:27.921289+01
3e5124ed-531f-41bd-bf96-a2b1865f95d0	d5cca246-6d28-41b8-a286-8d41a7c0a230	payment_paid	mock	\N	{"source": "mock_confirm", "orderId": "7e072e1e-7a0d-4425-a94d-971b984d29e6", "paymentId": "d5cca246-6d28-41b8-a286-8d41a7c0a230"}	2026-02-21 09:11:51.543475+01
ab28559b-f68e-4cb6-8aaa-17a229a42e47	7b8a3e5d-d261-40c9-b147-82f964aa84f4	payment_paid	mock	\N	{"source": "mock_confirm", "orderId": "920fdc7f-f8da-41e8-8339-e9fd49bd4afd", "paymentId": "7b8a3e5d-d261-40c9-b147-82f964aa84f4"}	2026-02-21 09:26:03.035212+01
06caf631-880b-466a-9124-573aaab9ab1d	569bea3c-a464-413b-a093-f8f81ef44b3e	payment_paid	mock	\N	{"source": "mock_confirm", "orderId": "19d798ad-fb31-489d-a125-dfebcec6f1fe", "paymentId": "569bea3c-a464-413b-a093-f8f81ef44b3e"}	2026-02-21 09:28:32.629421+01
de311fd6-6b98-4975-a052-9bbf9ba30130	1bfbfd69-bfe8-43a3-bb8a-de70172df5c2	payment_paid	mock	\N	{"source": "mock_confirm", "orderId": "cd565cd0-3bef-4750-8b87-381e750cb16b", "paymentId": "1bfbfd69-bfe8-43a3-bb8a-de70172df5c2"}	2026-02-21 09:31:35.106004+01
e862e984-5cf2-4f06-8cdf-31ecc764ea5b	b56d440c-a1d2-4d7e-87e0-cce0ab832521	payment_paid	mock	\N	{"source": "mock_confirm", "orderId": "7a34f6a0-a7f6-41be-a78f-a7474c63a7aa", "paymentId": "b56d440c-a1d2-4d7e-87e0-cce0ab832521"}	2026-02-21 09:56:43.465002+01
b1904b50-4860-4881-92ad-1105440743f8	32df77fd-cea8-4bdb-9b04-a42042b9ee6f	payment_paid	mock	\N	{"source": "mock_confirm", "orderId": "c84e0eef-1aaf-458d-9188-f6bf62fb92ac", "paymentId": "32df77fd-cea8-4bdb-9b04-a42042b9ee6f"}	2026-02-21 10:16:55.177265+01
acae34b6-b7fd-47bb-8292-989792246510	94d7b8f9-dcf2-4aef-a8fe-7288004ea7f9	payment_paid	mock	\N	{"source": "mock_confirm", "orderId": "ec2bad94-a410-41b4-b12b-71db9aabb25b", "paymentId": "94d7b8f9-dcf2-4aef-a8fe-7288004ea7f9"}	2026-02-21 11:10:04.720631+01
62b5a25b-f39b-4eaa-9c1b-4065b3860989	8226623f-6559-4390-bb2a-3c4f0fe3ed18	payment_paid	mock	\N	{"source": "mock_confirm", "orderId": "12788b6e-c0b2-413a-a279-f72b857fe26d", "paymentId": "8226623f-6559-4390-bb2a-3c4f0fe3ed18"}	2026-02-21 11:19:30.057073+01
deadad3f-a323-48f0-868a-bf5f2bee61c9	c75baca7-2993-447d-9ab0-7c9ea93e2b76	payment_paid	mock	\N	{"source": "mock_confirm", "orderId": "2223c2dc-4bab-4f9c-a984-6939a0236c53", "paymentId": "c75baca7-2993-447d-9ab0-7c9ea93e2b76"}	2026-02-21 11:35:32.164309+01
\.


--
-- Data for Name: payments; Type: TABLE DATA; Schema: public; Owner: postgres
--

COPY public.payments (id, order_id, status, provider, amount_cents, currency, provider_payment_id, created_at, updated_at, provider_order_id, provider_signature, paid_at) FROM stdin;
9fd8896f-e780-4cb9-a827-9a6b8cbc9b60	11b130ae-fa40-441c-afc4-f6e48ec53bc6	unpaid	mock	1000	INR	\N	2026-02-20 13:56:21.978234+01	2026-02-20 13:56:21.978234+01	\N	\N	\N
1dc0e5ba-72be-4412-a8e4-6592d02f9da0	c4750d61-161e-41e0-8692-a81db2b8d27d	unpaid	mock	999	INR	\N	2026-02-20 17:09:32.224514+01	2026-02-20 17:09:32.224514+01	\N	\N	\N
f2017bbd-d58e-46fd-a99c-c41f06de43c7	6729fa76-6781-452d-8541-8d4da701f746	unpaid	mock	1999	INR	\N	2026-02-20 17:09:32.265046+01	2026-02-20 17:09:32.265046+01	\N	\N	\N
33f62ada-6aef-4bcf-afec-455ffa3b6390	2e1a9213-faa6-4147-92de-c95b4e8d4dd5	unpaid	mock	999	INR	\N	2026-02-20 20:43:12.637041+01	2026-02-20 20:43:12.637041+01	\N	\N	\N
894b7949-a024-4a52-8bf6-1b7bb445b75c	2cc659dd-edba-46ee-944c-159b07eba073	refunded	mock	1999	INR	\N	2026-02-20 17:09:32.317983+01	2026-02-20 17:09:32.540997+01	\N	\N	\N
d62888aa-7ab9-4794-877e-96ab7f144ca5	8d35d5d9-ad26-421d-b0bc-cf71d9145d64	unpaid	mock	1999	INR	\N	2026-02-20 17:09:32.549438+01	2026-02-20 17:09:32.549438+01	\N	\N	\N
3d9dc5f5-4907-4d74-86dc-444cd00d17fa	38bd416e-d3bf-4b0a-b591-d0429fd60da7	unpaid	mock	999	INR	\N	2026-02-20 17:33:06.797772+01	2026-02-20 17:33:06.797772+01	\N	\N	\N
c6649473-b0ce-4c8a-8426-d767ff87fbb5	5c4b9c99-88c9-4a75-ae3f-e3ab0c7ec629	unpaid	mock	1999	INR	\N	2026-02-20 17:33:06.839405+01	2026-02-20 17:33:06.839405+01	\N	\N	\N
1ff3bb5a-1ee6-4cfb-8e38-4de44d6348b1	8d7f5527-bc56-4308-9d36-9c6d633041a2	unpaid	mock	1999	INR	\N	2026-02-20 20:43:12.669654+01	2026-02-20 20:43:12.669654+01	\N	\N	\N
67dc4a38-fb7f-4806-903f-8efe166858bf	87f15afa-a924-43ad-9291-7f8a43aadc28	refunded	mock	1999	INR	\N	2026-02-20 17:33:06.922448+01	2026-02-20 17:33:07.224468+01	\N	\N	\N
97843eac-ee8a-418b-bd20-b470de03d4f6	8d5cf17b-ab18-44ed-8b7c-f1f93dd2e4da	unpaid	mock	1999	INR	\N	2026-02-20 17:33:07.23897+01	2026-02-20 17:33:07.23897+01	\N	\N	\N
8a5f3b71-b648-4094-91dd-506196e25afb	ddec03cd-1e7e-4e5f-b991-623cd04aa0e3	unpaid	mock	999	INR	\N	2026-02-20 18:13:44.331852+01	2026-02-20 18:13:44.331852+01	\N	\N	\N
73b3223a-9e4d-479e-8a54-90a05b433a35	e098187b-8b6e-49ff-95c8-6f12f2cfef9a	unpaid	mock	1999	INR	\N	2026-02-20 18:13:44.360108+01	2026-02-20 18:13:44.360108+01	\N	\N	\N
77d40afe-bc53-47ad-86bf-1deaff17190d	7b358604-d770-457b-9b67-ba326d68ce1f	refunded	mock	1999	INR	\N	2026-02-20 18:13:44.503889+01	2026-02-20 18:13:44.864918+01	\N	\N	\N
cbd01cdf-d196-47ae-b930-c55430021d73	4f7a1a68-ee5d-42d6-b9eb-4e41e999d4f4	unpaid	mock	1999	INR	\N	2026-02-20 18:13:44.875956+01	2026-02-20 18:13:44.875956+01	\N	\N	\N
a01c5962-1121-4a19-bb65-bf7b4897d19d	e196cf06-45cc-4c30-b0bc-516847e0d7ac	unpaid	mock	999	INR	\N	2026-02-20 18:48:03.63693+01	2026-02-20 18:48:03.63693+01	\N	\N	\N
34a3008b-ac09-4a44-ba6d-b06d98879ffe	b15c9c47-cea4-4d11-870e-ac4133b31a89	unpaid	mock	1999	INR	\N	2026-02-20 18:48:03.670612+01	2026-02-20 18:48:03.670612+01	\N	\N	\N
781d447a-90e5-47b8-9abb-95885c1dc00a	68715f1d-5bc5-4da7-ba41-bd1bd276a1ef	refunded	mock	1999	INR	\N	2026-02-20 18:48:03.722618+01	2026-02-20 18:48:03.912291+01	\N	\N	\N
08a761ac-5016-4ef3-ae29-64f197d2dbc6	eabfb5f2-955c-4ea8-9eff-93d9bb7d8347	unpaid	mock	1999	INR	\N	2026-02-20 18:48:03.919829+01	2026-02-20 18:48:03.919829+01	\N	\N	\N
848e3191-baa7-43ef-8339-e6aae07e2820	9191a0c8-7819-4d29-9ed9-db6c40565d19	unpaid	mock	999	INR	\N	2026-02-20 19:19:08.222103+01	2026-02-20 19:19:08.222103+01	\N	\N	\N
93d06140-95ce-4d57-8a8f-8eaf96b36e74	07f6180d-5566-477f-86ce-dfff8f17d29c	unpaid	mock	1999	INR	\N	2026-02-20 19:19:08.262286+01	2026-02-20 19:19:08.262286+01	\N	\N	\N
5c96c66e-f1a1-48d8-8e1c-f08d1c4ce7d0	a0fa0339-6fd0-45ca-bc26-c0a12a6ebeed	unpaid	mock	999	INR	\N	2026-02-20 19:23:36.454023+01	2026-02-20 19:23:36.454023+01	\N	\N	\N
2fbdf41d-6ab8-4e16-bc80-ed4c05fc7e31	de62dff0-82be-4f81-adb8-e0702ede57c2	unpaid	mock	1999	INR	\N	2026-02-20 19:23:36.472201+01	2026-02-20 19:23:36.472201+01	\N	\N	\N
fc1f592a-b51c-4953-a7d6-13a234d8ddfc	0c469a62-4e13-430d-94ae-9e83324dc4e2	unpaid	mock	1999	INR	\N	2026-02-20 19:24:37.85729+01	2026-02-20 19:24:37.85729+01	\N	\N	\N
7f7bd35e-36fc-4580-a40e-84881216412a	d92eda0e-8755-45a3-a4ff-cf7d434b8617	refunded	mock	1999	INR	\N	2026-02-20 19:24:37.907535+01	2026-02-20 19:24:38.074931+01	\N	\N	\N
e18510ff-2b7e-4d41-baae-60271d446e7f	804da28b-a531-459e-95e7-cc2dc90a6e0d	unpaid	mock	1999	INR	\N	2026-02-20 19:24:38.083065+01	2026-02-20 19:24:38.083065+01	\N	\N	\N
26adbc11-c65a-4206-b92c-df97afc20bdf	175e63d3-0a8a-49a2-b1d7-40d28510e5c1	unpaid	mock	999	INR	\N	2026-02-20 19:26:37.721183+01	2026-02-20 19:26:37.721183+01	\N	\N	\N
38532ec9-4d2f-4a81-a67e-e7503637cb8b	6fd019a2-0dfe-4284-b487-1c526130e8b4	unpaid	mock	1999	INR	\N	2026-02-20 19:26:37.750347+01	2026-02-20 19:26:37.750347+01	\N	\N	\N
e9d2eb47-6bc3-4027-85b9-7babf528117d	fa33fd81-d015-4cd0-bd86-afb37d3817ea	unpaid	mock	999	INR	\N	2026-02-20 19:36:29.933239+01	2026-02-20 19:36:29.933239+01	\N	\N	\N
9e7e2641-5571-499b-be32-1b4cdf7296dc	5070f81a-c225-4088-9f53-1a96db3e3456	unpaid	mock	1999	INR	\N	2026-02-20 19:36:29.96159+01	2026-02-20 19:36:29.96159+01	\N	\N	\N
9eb42b9b-7ca8-4e09-a94d-8f47d6204512	bd9d1d44-8c8b-4cb7-8451-c40c2bbc4015	unpaid	mock	999	INR	\N	2026-02-20 19:37:26.704908+01	2026-02-20 19:37:26.704908+01	\N	\N	\N
68032c05-a2d7-463f-9ef3-38c07c219968	f7f24de9-cb52-4bfa-b1c7-89d0ab2af686	unpaid	mock	1999	INR	\N	2026-02-20 19:37:26.734607+01	2026-02-20 19:37:26.734607+01	\N	\N	\N
fb5c04ec-c119-44fb-a1a9-c55531b60ef0	f1daf52b-cc8a-47b5-80bc-8ed5826fc99a	unpaid	mock	3	INR	\N	2026-02-20 19:41:51.028006+01	2026-02-20 19:41:51.028006+01	\N	\N	\N
2bbfbcc9-2488-4b59-9e26-58705b0e277f	778e69cc-ebb7-4b3c-ae97-864ab94e4f58	unpaid	mock	999	INR	\N	2026-02-20 19:59:42.135404+01	2026-02-20 19:59:42.135404+01	\N	\N	\N
4af729d1-15f2-4a39-a039-588d8ceb0bd3	df9815d7-df63-4551-9ba0-893c6116f580	unpaid	mock	1999	INR	\N	2026-02-20 19:59:42.167309+01	2026-02-20 19:59:42.167309+01	\N	\N	\N
15dcc15c-6bc3-470c-951c-f4e481499ea4	ad87c2f0-be44-4ab8-984e-f1e5ed636b01	unpaid	mock	999	INR	\N	2026-02-20 20:00:15.612234+01	2026-02-20 20:00:15.612234+01	\N	\N	\N
35540b7c-5af7-429d-96ad-880e639785f4	69d491f8-83a9-44eb-af56-7e510f5e8c1a	unpaid	mock	1999	INR	\N	2026-02-20 20:00:15.642286+01	2026-02-20 20:00:15.642286+01	\N	\N	\N
27573eb2-e759-4ecb-8b7d-a7a38036b548	9c8ade65-e880-4ee2-9cbb-778ed41ea7dd	unpaid	mock	999	INR	\N	2026-02-20 20:13:42.098851+01	2026-02-20 20:13:42.098851+01	\N	\N	\N
9da649ed-46e5-49a2-8dbf-dfb72def28c4	8861e174-a67a-4f8d-8ac7-73e38b09dc7d	unpaid	mock	1999	INR	\N	2026-02-20 20:13:42.129111+01	2026-02-20 20:13:42.129111+01	\N	\N	\N
299d412a-61ab-4eaf-bbf0-7d9fb72139af	71f95c7b-9aab-4c9a-b8e9-ac0cdac01a61	unpaid	mock	999	INR	\N	2026-02-20 20:14:43.544693+01	2026-02-20 20:14:43.544693+01	\N	\N	\N
8513e40f-15a1-488b-94be-58f859686401	115e3cb2-fb07-42b8-86d4-49630f80731e	unpaid	mock	1999	INR	\N	2026-02-20 20:14:43.575099+01	2026-02-20 20:14:43.575099+01	\N	\N	\N
542121b7-6936-4352-8840-a0805f98ace1	37f2dfb5-e0c9-4afb-8467-fc979c734445	unpaid	mock	999	INR	\N	2026-02-20 20:16:31.429068+01	2026-02-20 20:16:31.429068+01	\N	\N	\N
1d777648-ba63-48c9-a61d-c5c9666f9797	22763ba0-c768-43f4-9b73-9c50cbd50648	unpaid	mock	1999	INR	\N	2026-02-20 20:16:31.473269+01	2026-02-20 20:16:31.473269+01	\N	\N	\N
44b9a7b4-23dc-46a2-ab4e-1706a7c8a1d0	f9b883e1-1e1e-46e4-bcb5-031b4944d7bb	unpaid	mock	999	INR	\N	2026-02-20 20:18:35.274696+01	2026-02-20 20:18:35.274696+01	\N	\N	\N
fa275418-7f11-4314-8946-840cf62aadbb	02e3b891-4352-46f7-8a79-d18471224d01	unpaid	mock	1999	INR	\N	2026-02-20 20:18:35.3376+01	2026-02-20 20:18:35.3376+01	\N	\N	\N
d8ce1e27-d232-4a10-a51b-790c3fc13810	3080bb3b-826c-4eed-8d73-fe948b01a984	unpaid	mock	999	INR	\N	2026-02-20 20:23:53.565401+01	2026-02-20 20:23:53.565401+01	\N	\N	\N
c559a195-4c9d-4ce3-99da-da373ddf5006	6685b0ad-8425-4a73-ab89-7709895eb466	unpaid	mock	1999	INR	\N	2026-02-20 20:23:53.58615+01	2026-02-20 20:23:53.58615+01	\N	\N	\N
008e26f2-73a6-4eeb-961f-0c6752639a46	af170ef9-62c1-4ba3-a701-bd704dcc9b2d	unpaid	mock	999	INR	\N	2026-02-20 20:34:33.599511+01	2026-02-20 20:34:33.599511+01	\N	\N	\N
31008d33-87c4-4b22-a72a-8e11b3edea6e	1c3afce1-cd15-409c-8bb6-c82a6fcc3b4e	unpaid	mock	1999	INR	\N	2026-02-20 20:34:33.623481+01	2026-02-20 20:34:33.623481+01	\N	\N	\N
8b050536-11ed-42c3-89c3-9a0b18d51a1e	5c38489c-48e3-4fcf-b48c-a15ac7b9fbbc	unpaid	mock	999	INR	\N	2026-02-20 20:41:53.78554+01	2026-02-20 20:41:53.78554+01	\N	\N	\N
f928a49e-0e03-4ed2-838d-ed137725c864	e047c737-1f2e-4b79-96a3-33b7e170bc18	unpaid	mock	1999	INR	\N	2026-02-20 20:41:53.814444+01	2026-02-20 20:41:53.814444+01	\N	\N	\N
5f841816-2914-44a7-982d-33c9b3179187	eff3d32d-f4b5-4b73-94e4-b59817e7634d	paid	mock	1999	INR	\N	2026-02-20 20:43:12.787103+01	2026-02-20 20:43:12.985096+01	\N	\N	\N
6d707b4d-061f-4093-b764-5c48837d37df	5520580a-ec2b-4f5b-88f1-f2823ae7e890	unpaid	mock	1999	INR	\N	2026-02-20 20:43:13.03213+01	2026-02-20 20:43:13.03213+01	\N	\N	\N
8cc0bb3c-d3f3-4901-a82c-35c4ba8dfdb2	04140a73-9d6c-441b-a4cf-2221a0ca7292	unpaid	mock	999	INR	\N	2026-02-20 20:44:01.682589+01	2026-02-20 20:44:01.682589+01	\N	\N	\N
96a07237-a1bd-4c30-819d-247dcec0b268	08c2b3bb-a35d-48eb-9d40-77cc6b9aa929	unpaid	mock	1999	INR	\N	2026-02-20 20:44:01.718134+01	2026-02-20 20:44:01.718134+01	\N	\N	\N
b037d812-5b0d-4f16-956d-000e86a8116f	bc648b0c-80ea-4e93-adec-e51e4607b92c	refunded	mock	1999	INR	\N	2026-02-20 20:44:01.797686+01	2026-02-20 20:44:02.037259+01	\N	\N	\N
95860da5-f624-4573-b9de-8560de20d79a	795fcf42-7e75-4e23-a18a-6201c9917730	unpaid	mock	1999	INR	\N	2026-02-20 20:44:02.047894+01	2026-02-20 20:44:02.047894+01	\N	\N	\N
83cf5618-cf77-4969-bde2-3244997b2306	85140b4a-e302-412c-a274-520bc7408627	unpaid	mock	999	INR	\N	2026-02-20 20:44:14.180429+01	2026-02-20 20:44:14.180429+01	\N	\N	\N
1c3c976a-acf1-4080-ab09-b99abe9f6213	186bc096-a424-4105-bd5e-047011777d59	unpaid	mock	1999	INR	\N	2026-02-20 20:44:14.226313+01	2026-02-20 20:44:14.226313+01	\N	\N	\N
c8d508c2-5b89-4487-aa22-75d0915d1c8a	10431dc8-d0c9-4a75-aae0-b411ee1c7217	unpaid	mock	999	INR	\N	2026-02-20 20:54:29.75453+01	2026-02-20 20:54:29.75453+01	\N	\N	\N
6fd2ea59-5d88-4428-ba56-92d0dfcaccc7	07211e33-37fe-4e47-9752-e68571fecef1	refunded	mock	1999	INR	\N	2026-02-20 20:44:14.350719+01	2026-02-20 20:44:14.589153+01	\N	\N	\N
d43e0023-1302-407e-a11d-e8be3448b73b	cae0281f-daa2-4802-844a-fe59985eb3a1	unpaid	mock	1999	INR	\N	2026-02-20 20:44:14.604309+01	2026-02-20 20:44:14.604309+01	\N	\N	\N
f596edf4-1740-4824-bcd6-893771142dff	b129cb6a-a6c4-4c37-9a8a-8e2b459d2967	unpaid	mock	999	INR	\N	2026-02-20 20:47:22.42985+01	2026-02-20 20:47:22.42985+01	\N	\N	\N
3f8850bb-7823-4bdb-a423-c8c5e94264e4	f9452907-3a38-4bca-8432-efb293681744	unpaid	mock	1999	INR	\N	2026-02-20 20:47:22.462429+01	2026-02-20 20:47:22.462429+01	\N	\N	\N
6f969440-ac8e-4a7b-a09b-ed40ab9c8c2c	5016a4cf-93f5-4727-af35-1e60d4f398a4	unpaid	mock	999	INR	\N	2026-02-20 20:51:52.907476+01	2026-02-20 20:51:52.907476+01	\N	\N	\N
5e24fb86-7921-431f-b3fd-6d4eca641df5	58fc95ef-1ee4-4c5f-acae-b727cd70c502	unpaid	mock	1999	INR	\N	2026-02-20 20:51:52.938182+01	2026-02-20 20:51:52.938182+01	\N	\N	\N
4a9b6d0c-ab36-4824-9dc6-47a6da7fd058	81d4244b-2ac6-445e-92f6-1ff9c0fbe2bd	unpaid	mock	1999	INR	\N	2026-02-20 20:54:29.801484+01	2026-02-20 20:54:29.801484+01	\N	\N	\N
9492c043-1bd8-42ad-a452-093129ccc36b	3e6e1fe4-7b05-4d26-a8e3-cf5b4173702e	unpaid	mock	1999	INR	\N	2026-02-20 20:54:30.135793+01	2026-02-20 20:54:30.135793+01	\N	\N	\N
41457169-0ad7-4976-89b6-cfe2def7295a	48145712-2ff3-4427-8a9b-90877e1460a9	refunded	mock	1999	INR	\N	2026-02-20 20:54:29.881823+01	2026-02-20 20:54:30.121879+01	\N	\N	\N
b66b8983-52f8-4a05-8133-00fb07de7271	bcfea0f2-ead2-4a8b-8b99-9fd44fa4c366	unpaid	mock	999	INR	\N	2026-02-20 20:56:59.016452+01	2026-02-20 20:56:59.016452+01	\N	\N	\N
e2ee633d-b6e7-463f-a91d-d344192b2096	a1cff8e1-29eb-493c-ac9c-339489cbeea4	unpaid	mock	1999	INR	\N	2026-02-20 20:56:59.04727+01	2026-02-20 20:56:59.04727+01	\N	\N	\N
49e396cf-efcc-4ccd-9087-2d16fed730f4	e2f5edcb-8c02-4da9-90e4-15a6b17c6107	refunded	mock	1999	INR	\N	2026-02-20 20:56:59.120344+01	2026-02-20 20:56:59.344186+01	\N	\N	2026-02-20 20:56:59.165452+01
1ae5db2c-b10c-4840-a879-6237edffd42a	8987e09c-4397-4bd1-b8e4-8603b962def7	unpaid	mock	1999	INR	\N	2026-02-20 20:56:59.35554+01	2026-02-20 20:56:59.35554+01	\N	\N	\N
85979d4f-039e-480f-b516-dc57f5e2abe9	cebcbbfc-b657-43de-9b4b-e585c3cd1e16	unpaid	mock	999	INR	\N	2026-02-20 20:57:50.419981+01	2026-02-20 20:57:50.419981+01	\N	\N	\N
f849214d-9056-43e3-817d-b9c0d01483c5	6def4716-8684-4136-afd8-546a8707984f	unpaid	mock	1999	INR	\N	2026-02-20 20:57:50.454308+01	2026-02-20 20:57:50.454308+01	\N	\N	\N
8e898b56-904c-4f98-9418-b1873eabb93d	05a269c5-82e9-4071-93a7-6e3ecd52cb26	unpaid	mock	1999	INR	\N	2026-02-20 20:58:51.752547+01	2026-02-20 20:58:51.752547+01	\N	\N	\N
97698332-cc41-4a2d-b2ad-2315fc138532	65212a65-976b-4178-afef-7604034d06d5	unpaid	mock	999	INR	\N	2026-02-20 21:55:07.988851+01	2026-02-20 21:55:07.988851+01	\N	\N	\N
529e8bb4-8ea6-4e93-8686-5775d1587740	dabd6fa9-b82a-44ba-acf8-3bf79b82e4c2	unpaid	mock	1999	INR	\N	2026-02-20 21:55:08.027494+01	2026-02-20 21:55:08.027494+01	\N	\N	\N
8d7f1363-003a-4529-970f-882fe840f8d3	4af5eedd-5f4e-4633-8964-38538dcaaef9	refunded	mock	1999	INR	\N	2026-02-20 20:58:51.804843+01	2026-02-20 20:58:51.97121+01	\N	\N	2026-02-20 20:58:51.833922+01
8fbe806b-ba4b-49b6-914e-89397289bda7	9a4f0956-b1d5-46ab-83c5-7b2b698fca65	unpaid	mock	1999	INR	\N	2026-02-20 20:58:51.981274+01	2026-02-20 20:58:51.981274+01	\N	\N	\N
6b8eec29-8a05-41a2-b9c0-72ba1d012eac	7c9f417d-537b-4a17-b4fd-9ee83b9350db	unpaid	mock	999	INR	\N	2026-02-20 21:02:34.228504+01	2026-02-20 21:02:34.228504+01	\N	\N	\N
2296ca33-fdab-4e30-ac3f-a3e1f2409200	dfad82d8-2fc9-492c-abfd-d411e43f52d5	unpaid	mock	1999	INR	\N	2026-02-20 21:02:34.256601+01	2026-02-20 21:02:34.256601+01	\N	\N	\N
65044b30-7050-483b-9ee1-1eb954e051e9	44f4ed71-9149-4b48-945d-ec6ca4172d69	unpaid	mock	999	INR	\N	2026-02-20 21:03:51.639372+01	2026-02-20 21:03:51.639372+01	\N	\N	\N
dc7ddfb3-f024-4f49-8659-2248bd7ef668	73960257-f597-496d-bb1b-d86c4ab35460	unpaid	mock	1999	INR	\N	2026-02-20 21:03:51.667193+01	2026-02-20 21:03:51.667193+01	\N	\N	\N
20dc7651-62e6-4cc7-8505-4c208385d02c	0d032a4b-baa7-4daa-9eed-6aa71a050c73	refunded	mock	1999	INR	\N	2026-02-20 21:55:08.102103+01	2026-02-20 21:55:08.334439+01	\N	\N	2026-02-20 21:55:08.148718+01
8154e9a0-d37f-4702-8760-552b0be22d54	fb0aeb87-39bf-4d26-97d5-446fd74da851	refunded	mock	1999	INR	\N	2026-02-20 21:03:51.721412+01	2026-02-20 21:03:51.908531+01	\N	\N	2026-02-20 21:03:51.753373+01
07b23eeb-e623-4ca1-a3d3-272ea699d5cf	3eadc42b-3c41-47ef-8b6b-b2efcc119b82	unpaid	mock	1999	INR	\N	2026-02-20 21:03:51.920624+01	2026-02-20 21:03:51.920624+01	\N	\N	\N
1c9310ce-47ce-41fc-b20f-a49fb3417953	cda16108-267f-4de6-81bf-5a77a7ddbc10	unpaid	mock	999	INR	\N	2026-02-20 21:04:57.902667+01	2026-02-20 21:04:57.902667+01	\N	\N	\N
bf3ad221-abe2-44fa-80b3-b281e2eb0f6f	4b499a1c-c6d8-4066-ab1d-3403fb5b0bf7	unpaid	mock	1999	INR	\N	2026-02-20 21:04:57.929585+01	2026-02-20 21:04:57.929585+01	\N	\N	\N
36303762-9836-4a9f-9924-b73cd70957ab	f0d0374f-71f5-4d01-9ed5-67df5b570ba4	unpaid	mock	1999	INR	\N	2026-02-20 21:55:08.345651+01	2026-02-20 21:55:08.345651+01	\N	\N	\N
7876f545-839f-4551-bfd1-ca4601dc0f4a	9f350823-384f-4b10-8d22-b87920977535	unpaid	mock	999	INR	\N	2026-02-20 22:05:33.85385+01	2026-02-20 22:05:33.85385+01	\N	\N	\N
4c69395c-20e6-4d86-8917-56452a342efc	2ee13a9e-75f4-4f53-9fa7-fccacaf65bf9	unpaid	mock	1999	INR	\N	2026-02-20 22:05:33.888535+01	2026-02-20 22:05:33.888535+01	\N	\N	\N
b22c3b88-f79c-4bdc-a62b-2375493013e5	d08f7cbb-e183-42c4-8a6d-644e91879885	refunded	mock	1999	INR	\N	2026-02-20 21:04:57.99263+01	2026-02-20 21:04:58.192252+01	\N	\N	2026-02-20 21:04:58.027812+01
d50de7fe-dce1-4221-b10c-23b732c72b6d	ed3ee2fe-6dd8-4d3e-b7e7-f07e133e64f9	unpaid	mock	1999	INR	\N	2026-02-20 21:04:58.203252+01	2026-02-20 21:04:58.203252+01	\N	\N	\N
2bbfd46e-5fcf-4a38-bdcd-fc921cf76fdd	665ee844-fd01-4824-a6d8-c9dc8cb64364	unpaid	mock	999	INR	\N	2026-02-20 21:10:05.317092+01	2026-02-20 21:10:05.317092+01	\N	\N	\N
5b633d53-ba68-4213-8bb7-4cd743c84293	14a45e7c-c2b9-46e7-bae3-2633b70368da	unpaid	mock	1999	INR	\N	2026-02-20 21:10:05.348812+01	2026-02-20 21:10:05.348812+01	\N	\N	\N
087bd587-d3b2-4d0d-851b-45680d9286ac	2b700e44-eae9-4845-926f-f5f86e84fbb5	refunded	mock	1999	INR	\N	2026-02-20 21:10:05.414354+01	2026-02-20 21:10:05.625672+01	\N	\N	2026-02-20 21:10:05.457322+01
f432e792-db23-46bb-92fa-871a7ba75116	5c7d053d-7a74-4fe9-8fb5-0b8100ff2cf3	unpaid	mock	1999	INR	\N	2026-02-20 21:10:05.636513+01	2026-02-20 21:10:05.636513+01	\N	\N	\N
324d690a-0b0f-46aa-9563-61cffa371492	4629acb1-5884-4c8f-8cac-2c71c8ca6100	unpaid	mock	999	INR	\N	2026-02-20 21:14:17.295452+01	2026-02-20 21:14:17.295452+01	\N	\N	\N
f2a28f64-91b9-4d11-8d57-66e94111dc63	1fe09fd4-41d2-4170-a33d-2cd383527706	unpaid	mock	1999	INR	\N	2026-02-20 21:14:17.326193+01	2026-02-20 21:14:17.326193+01	\N	\N	\N
4d01e5aa-8360-49a0-98bf-0ea1e40b962c	58b54031-2660-446d-b31e-30ac4e4148fc	refunded	mock	1999	INR	\N	2026-02-20 22:05:33.95137+01	2026-02-20 22:05:34.159976+01	\N	\N	2026-02-20 22:05:33.990167+01
66580f86-625a-4bde-afa9-8d9f8eb0d1ba	15297e1c-c01e-4edc-88ce-653d87d3212b	unpaid	mock	1999	INR	\N	2026-02-20 22:05:34.171856+01	2026-02-20 22:05:34.171856+01	\N	\N	\N
a1b25bb9-e5ca-407d-a2e0-99d5d844f1e0	fc79a559-e8ad-4c9b-bba5-1564c8d9d72e	unpaid	mock	999	INR	\N	2026-02-20 22:09:54.228219+01	2026-02-20 22:09:54.228219+01	\N	\N	\N
c6365edd-c852-461b-a578-b74491c4b4b7	9fe0b63b-c294-4c1b-ab86-fe8a69a53f5a	refunded	mock	1999	INR	\N	2026-02-20 21:14:17.392712+01	2026-02-20 21:14:17.570058+01	\N	\N	2026-02-20 21:14:17.427191+01
e6902224-064b-4a4f-a7d7-9ddebce2a958	4f4e0445-0502-466a-a084-f6bbe5ea5ba2	unpaid	mock	1999	INR	\N	2026-02-20 21:14:17.58083+01	2026-02-20 21:14:17.58083+01	\N	\N	\N
4a463388-c44a-491d-bd32-941dc674864b	9de86cde-b115-46ec-8d55-8fe8b8bf69fa	unpaid	mock	999	INR	\N	2026-02-20 21:18:57.767845+01	2026-02-20 21:18:57.767845+01	\N	\N	\N
708c50b3-b30e-40f7-ae64-339db65cdbb2	44fc69d6-0083-41d1-b821-da772c3572e2	unpaid	mock	1999	INR	\N	2026-02-20 21:18:57.794119+01	2026-02-20 21:18:57.794119+01	\N	\N	\N
03b4a6f7-1985-433b-8b51-7163173242ab	18cc3d30-b336-4d70-81df-c751e789fe24	unpaid	mock	1999	INR	\N	2026-02-20 22:09:54.265923+01	2026-02-20 22:09:54.265923+01	\N	\N	\N
0f6a3258-f8f8-4bdd-b792-ea6fb666d2b2	c649690c-5a5e-4144-82ef-a3df76809a8b	refunded	mock	1999	INR	\N	2026-02-20 21:18:57.842292+01	2026-02-20 21:18:58.014064+01	\N	\N	2026-02-20 21:18:57.874417+01
4fb92345-f07c-4c5f-aa54-65050d13b46d	a6cb22c4-338f-4eaf-939d-fb9a714db515	unpaid	mock	1999	INR	\N	2026-02-20 21:18:58.024937+01	2026-02-20 21:18:58.024937+01	\N	\N	\N
3b3f9a47-d715-41fa-8f7c-893b451cbfa2	993ca6ba-e0a8-4fa2-a181-b43ddd581877	unpaid	mock	999	INR	\N	2026-02-20 21:24:16.648813+01	2026-02-20 21:24:16.648813+01	\N	\N	\N
53d36e9f-b2f0-415f-846b-dd885a41de82	2b62b2c1-2f6d-4045-b4a6-e228586fefc4	unpaid	mock	1999	INR	\N	2026-02-20 21:24:16.679978+01	2026-02-20 21:24:16.679978+01	\N	\N	\N
529498ef-9392-481b-b7be-1479775140b8	c702f69c-2979-469b-bde8-4164f023b1c0	refunded	mock	1999	INR	\N	2026-02-20 22:09:54.334782+01	2026-02-20 22:09:54.542401+01	\N	\N	2026-02-20 22:09:54.372144+01
436307c6-5b04-424f-9397-d9b691b2fdcb	d05b872f-521f-4650-8a10-f2b95f4da578	unpaid	mock	1999	INR	\N	2026-02-20 22:09:54.55515+01	2026-02-20 22:09:54.55515+01	\N	\N	\N
ecdc3c56-a9f7-42fb-9e25-da5bb90c2ef7	1825977c-acd5-41e0-a647-dea33339b376	refunded	mock	1999	INR	\N	2026-02-20 21:24:16.741773+01	2026-02-20 21:24:16.931776+01	\N	\N	2026-02-20 21:24:16.776681+01
78bb8dee-5505-46e5-9d56-53f078fd6d1d	bcdf4b27-273c-4114-886a-5fafd89560e9	unpaid	mock	1999	INR	\N	2026-02-20 21:24:16.943205+01	2026-02-20 21:24:16.943205+01	\N	\N	\N
a566d084-59e7-4ed9-bb17-c8f56cbb6e3e	d39b3162-e693-4486-a9d0-e4ff5fc22933	unpaid	mock	999	INR	\N	2026-02-20 21:27:54.741781+01	2026-02-20 21:27:54.741781+01	\N	\N	\N
38a5785b-e0ab-4ca1-a99a-0e4058c1303f	ec4437c5-e7e5-487a-b0af-e4d9d26cc641	unpaid	mock	1999	INR	\N	2026-02-20 21:27:54.77565+01	2026-02-20 21:27:54.77565+01	\N	\N	\N
98751762-a628-41ce-bf28-2a2802e96582	f27ef818-80dc-4a41-ab7c-7a26b92ade58	unpaid	mock	999	INR	\N	2026-02-20 22:10:56.720511+01	2026-02-20 22:10:56.720511+01	\N	\N	\N
3d467022-b809-4619-b0e0-c06bd7b96150	9b8d34b9-c912-455b-97f1-257fd9142bf6	unpaid	mock	1999	INR	\N	2026-02-20 22:10:56.751443+01	2026-02-20 22:10:56.751443+01	\N	\N	\N
9da436d2-c684-427c-801e-0bfd9c3d0cd0	0d02c53a-905d-40ff-9766-3c84bf402093	refunded	mock	1999	INR	\N	2026-02-20 21:27:54.834376+01	2026-02-20 21:27:55.015563+01	\N	\N	2026-02-20 21:27:54.866652+01
d2f5c4f6-5c2d-4ff4-b54d-d378c54be828	e31afaa1-bc8d-46ea-bc69-0ef74a1209be	unpaid	mock	1999	INR	\N	2026-02-20 21:27:55.026879+01	2026-02-20 21:27:55.026879+01	\N	\N	\N
3dc53ff3-7537-46c0-bf03-b0eeb04f1e88	da698d3d-6516-4694-8eb0-5544236d7608	unpaid	mock	999	INR	\N	2026-02-20 21:31:56.238825+01	2026-02-20 21:31:56.238825+01	\N	\N	\N
50fc75a5-89ae-4ecc-8d69-891cbde04eb1	4abf7cea-506d-4015-b120-7c5a4fccea14	unpaid	mock	1999	INR	\N	2026-02-20 21:31:56.271178+01	2026-02-20 21:31:56.271178+01	\N	\N	\N
deb37ae3-663a-40b6-a06e-7b7de9e24f6c	05238c7e-4a24-406a-aa4d-4e882e450d82	refunded	mock	1999	INR	\N	2026-02-20 21:31:56.337202+01	2026-02-20 21:31:56.553848+01	\N	\N	2026-02-20 21:31:56.384111+01
12842745-83cf-42e0-9186-c297a3f67864	68bf0a2c-e9fe-4ea6-b928-aabb7df75b82	unpaid	mock	1999	INR	\N	2026-02-20 21:31:56.565758+01	2026-02-20 21:31:56.565758+01	\N	\N	\N
021129f5-12d0-4759-a0bc-54351957e2fa	fadf3fc9-6b20-490a-9cb0-e6f83779a0d4	unpaid	mock	999	INR	\N	2026-02-20 21:36:14.676448+01	2026-02-20 21:36:14.676448+01	\N	\N	\N
d945eb96-930a-46a5-bd10-02e1c5a8adad	0b274fe5-4f63-44c3-8e75-eeac58a1eb41	unpaid	mock	1999	INR	\N	2026-02-20 21:36:14.704199+01	2026-02-20 21:36:14.704199+01	\N	\N	\N
ea8a6333-a409-4f9d-9034-a0147c154b99	ede3f2cc-fc98-4668-8e9f-013cb4a9c053	refunded	mock	1999	INR	\N	2026-02-20 21:36:14.764862+01	2026-02-20 21:36:14.935675+01	\N	\N	2026-02-20 21:36:14.797179+01
d43ec349-417a-433e-b166-47c6c3639937	c712f00e-b53e-4219-a035-81b63cb37711	unpaid	mock	1999	INR	\N	2026-02-20 21:36:14.946321+01	2026-02-20 21:36:14.946321+01	\N	\N	\N
55ef6a5d-bac5-45c8-bd46-c2b345d8f40f	a5a97b90-fee6-4952-a073-d53ab55c095b	unpaid	mock	999	INR	\N	2026-02-20 21:39:24.418902+01	2026-02-20 21:39:24.418902+01	\N	\N	\N
5ffb68a1-8a7f-439e-8ef5-d8d3d8c23f01	70858204-73af-430f-b959-7cecb07dcf18	unpaid	mock	1999	INR	\N	2026-02-20 21:39:24.456323+01	2026-02-20 21:39:24.456323+01	\N	\N	\N
e9a9cb9d-fa6a-48ba-a43a-305de3745edb	2c906c4b-35ec-4cbc-8d41-1893479f6a10	refunded	mock	1999	INR	\N	2026-02-20 21:39:24.528153+01	2026-02-20 21:39:24.734904+01	\N	\N	2026-02-20 21:39:24.567497+01
b8a6ed97-15c0-47d7-ba56-bc2c7843caa2	835c2b62-ef0b-40ab-815e-80392c899ccb	unpaid	mock	1999	INR	\N	2026-02-20 21:39:24.748538+01	2026-02-20 21:39:24.748538+01	\N	\N	\N
a1dfd38c-3b23-4a45-a5b7-867859d3d002	dc6e40ac-0acc-435d-aa6e-d0e562396a22	unpaid	mock	999	INR	\N	2026-02-20 21:47:38.009214+01	2026-02-20 21:47:38.009214+01	\N	\N	\N
d6110096-36e2-49c7-8f42-67ef52e7d3f9	95260c7b-c04b-4e70-ab74-e844b8187caa	unpaid	mock	1999	INR	\N	2026-02-20 21:47:38.061295+01	2026-02-20 21:47:38.061295+01	\N	\N	\N
08a86ab5-dc4e-4d27-a948-f862e0e2a0df	3dd3bb24-5270-4dcd-90ef-0ba39302f473	refunded	mock	1999	INR	\N	2026-02-20 21:47:38.161627+01	2026-02-20 21:47:38.512001+01	\N	\N	2026-02-20 21:47:38.228191+01
77b2f961-8c6f-43e0-ae4b-aad0bf8c32fc	a6915b35-ab35-4d61-89af-c7b69bc53ec9	unpaid	mock	1999	INR	\N	2026-02-20 21:47:38.531541+01	2026-02-20 21:47:38.531541+01	\N	\N	\N
55fb9d21-88a4-4492-b721-204d70afb2c8	7dc2af83-d8d9-4ae2-8020-5daf084863c7	unpaid	mock	999	INR	\N	2026-02-20 21:49:44.139311+01	2026-02-20 21:49:44.139311+01	\N	\N	\N
7cb73bd6-566b-46e5-89ce-23d33b02df23	4bc96398-5322-40df-9750-554e4c07089d	unpaid	mock	1999	INR	\N	2026-02-20 21:49:44.175121+01	2026-02-20 21:49:44.175121+01	\N	\N	\N
42f68ae2-1cac-4370-a27b-05fe0591aab9	6a283a0b-e8b9-4269-b62e-542f0809d88b	refunded	mock	1999	INR	\N	2026-02-20 21:49:44.249136+01	2026-02-20 21:49:44.523188+01	\N	\N	2026-02-20 21:49:44.303916+01
a2539c26-c1d6-4f1b-8552-af713de70b22	2a2a1104-d995-495b-b143-cfca9a7e9359	unpaid	mock	1999	INR	\N	2026-02-20 21:49:44.535015+01	2026-02-20 21:49:44.535015+01	\N	\N	\N
db3ad3d2-2216-45c1-bd44-03911dd93f9e	8c16f6de-9736-4919-b05e-49a87eefcf88	unpaid	mock	999	INR	\N	2026-02-20 21:51:05.689243+01	2026-02-20 21:51:05.689243+01	\N	\N	\N
7bc5e618-dc0c-4f92-8db1-85897afa9cec	291ae60c-3bbf-4666-aeed-5fcf75587850	unpaid	mock	1999	INR	\N	2026-02-20 21:51:05.720384+01	2026-02-20 21:51:05.720384+01	\N	\N	\N
d51dc9c9-e13c-4e3e-91d9-4d7df2ce4de9	78cc834c-bb2b-4a83-ac22-45ebcf79b5d1	refunded	mock	1999	INR	\N	2026-02-20 21:51:05.78838+01	2026-02-20 21:51:06.00281+01	\N	\N	2026-02-20 21:51:05.826983+01
56128dd9-7347-4944-92c3-2e1033ef0b6a	270973bf-8fd4-46c6-8fdb-7a16634c3487	unpaid	mock	1999	INR	\N	2026-02-20 21:51:06.014004+01	2026-02-20 21:51:06.014004+01	\N	\N	\N
4c2e4c93-e62e-4973-881b-7ac3b107ef9c	eb7e50c2-9639-476e-9b4f-dc8bf30c3073	refunded	mock	1999	INR	\N	2026-02-20 22:10:56.814192+01	2026-02-20 22:10:57.00343+01	\N	\N	2026-02-20 22:10:56.851028+01
9684355d-c3ff-4474-8f60-b99a1f03a826	c97af78a-4ff0-43b0-861d-3577f740aa75	unpaid	mock	1999	INR	\N	2026-02-20 22:10:57.016726+01	2026-02-20 22:10:57.016726+01	\N	\N	\N
1ea381f9-65bf-47df-b06f-e1629df7eb82	72846465-625b-415b-ba49-affb7ee0fee5	unpaid	mock	999	INR	\N	2026-02-20 22:21:18.825966+01	2026-02-20 22:21:18.825966+01	\N	\N	\N
77e5191c-8967-4bf1-8971-047561d12a49	9958f662-07bc-43c0-a3bb-940acc6f44d5	unpaid	mock	1999	INR	\N	2026-02-20 22:21:18.866516+01	2026-02-20 22:21:18.866516+01	\N	\N	\N
c77ac2cd-bddb-4727-9b62-86268694936d	f577e815-4060-43e3-be29-b21a49aa5630	refunded	mock	1999	INR	\N	2026-02-20 22:21:18.932771+01	2026-02-20 22:21:19.145863+01	\N	\N	2026-02-20 22:21:18.970135+01
e19d7756-da85-4f6f-854e-4f09382f6cc7	c6b30b16-4c64-4973-8fea-3b45f0408025	unpaid	mock	1999	INR	\N	2026-02-20 22:21:19.156091+01	2026-02-20 22:21:19.156091+01	\N	\N	\N
470aaf4e-6bd4-4310-a80e-13de0a363a4c	b36a8b47-a794-41b2-bf63-0476f9f7b39b	unpaid	mock	4	INR	\N	2026-02-20 22:32:43.255013+01	2026-02-20 22:32:43.255013+01	\N	\N	\N
2848c6d2-4126-4001-9319-eb93b0f5bb58	07896ab6-86e5-4210-a844-08573e4b3545	unpaid	mock	999	INR	\N	2026-02-20 22:50:47.507958+01	2026-02-20 22:50:47.507958+01	\N	\N	\N
07c32a3c-cda2-4396-beff-2b4a42c869d2	0a44d1e8-739b-4c99-b081-62aba62dd48c	unpaid	mock	1999	INR	\N	2026-02-20 22:50:47.539783+01	2026-02-20 22:50:47.539783+01	\N	\N	\N
a79646c8-fb8d-4592-aff2-a09e84474b02	79cebe7c-af8d-4767-b52a-cfe9c001fa6d	refunded	mock	1999	INR	\N	2026-02-20 22:50:47.600674+01	2026-02-20 22:50:47.806902+01	\N	\N	2026-02-20 22:50:47.635267+01
344f65a5-0521-4c4d-88d1-f322b87a11e5	4e8840d2-415e-4e4f-ab89-c2e7b422a685	unpaid	mock	1999	INR	\N	2026-02-20 22:50:47.817323+01	2026-02-20 22:50:47.817323+01	\N	\N	\N
b1708018-3555-4600-a7eb-4970ba6cb4f5	17926064-5b2b-460e-a019-cea9772b8666	unpaid	mock	999	INR	\N	2026-02-20 22:53:29.330555+01	2026-02-20 22:53:29.330555+01	\N	\N	\N
24a91e1e-06fb-4a0b-bbb8-6d27e9fde599	f5fc7893-a161-46af-96b9-cbb5a77c78a6	unpaid	mock	1999	INR	\N	2026-02-20 22:53:29.354295+01	2026-02-20 22:53:29.354295+01	\N	\N	\N
192552fe-1486-4524-9613-cbc6d0d54705	9353d604-5424-41ae-a77d-ca1260130a18	refunded	mock	1999	INR	\N	2026-02-20 22:53:29.41038+01	2026-02-20 22:53:29.605953+01	\N	\N	2026-02-20 22:53:29.443222+01
4d772c83-4371-4335-97c5-f76525225dcc	16fde3a9-0237-4f35-ba6d-ba7456274212	unpaid	mock	1999	INR	\N	2026-02-20 22:53:29.617085+01	2026-02-20 22:53:29.617085+01	\N	\N	\N
1562313c-09c9-46dc-b844-fea070d720f5	73607db1-3c53-4242-acd2-4b5fea64a591	unpaid	mock	999	INR	\N	2026-02-20 23:01:40.481125+01	2026-02-20 23:01:40.481125+01	\N	\N	\N
070c324b-6ff0-49a6-a16a-135f4e8f993e	efc0e99d-778e-43a3-8ccc-159e016a69db	unpaid	mock	1999	INR	\N	2026-02-20 23:01:40.513301+01	2026-02-20 23:01:40.513301+01	\N	\N	\N
3daadfa5-a7ef-4ab9-891d-7f6190a24b71	ec7b69c5-76af-418b-8e82-0f5bb1bc91fc	refunded	mock	1999	INR	\N	2026-02-20 23:01:40.581918+01	2026-02-20 23:01:40.781421+01	\N	\N	2026-02-20 23:01:40.618775+01
9f283af2-d459-4f5a-858f-7481361b54c5	243ac7b0-bb16-4f89-89da-eb46eff1d6dd	unpaid	mock	1999	INR	\N	2026-02-20 23:01:40.795785+01	2026-02-20 23:01:40.795785+01	\N	\N	\N
01eadfb5-70f6-4b3f-ad84-c614f42111ba	e1b5d793-c6e5-415d-ae4d-d2d98af709a5	unpaid	mock	1999	INR	\N	2026-02-20 23:02:22.841759+01	2026-02-20 23:02:22.841759+01	\N	\N	\N
f1c27b5e-8c61-4150-a78f-4c6dadab5b92	8729365f-4f31-49db-bff7-ef0bc7aa1808	unpaid	mock	999	INR	\N	2026-02-20 23:12:35.673212+01	2026-02-20 23:12:35.673212+01	\N	\N	\N
c130ed8b-0652-43da-a0c7-3f3c1dbc3595	2d78d85f-c4ce-4807-908d-cc45f9f9c8f2	unpaid	mock	1999	INR	\N	2026-02-20 23:12:35.709272+01	2026-02-20 23:12:35.709272+01	\N	\N	\N
8af41cc5-911f-414f-851a-483f8ca0d23e	27e19909-8973-4a5b-90ec-bb60543d9f16	refunded	mock	1999	INR	\N	2026-02-20 23:12:35.767636+01	2026-02-20 23:12:35.949912+01	\N	\N	2026-02-20 23:12:35.802116+01
f1102255-c592-4070-a492-719357379092	78acf822-6263-4e14-83f4-266eb0841773	unpaid	mock	1999	INR	\N	2026-02-20 23:12:35.960501+01	2026-02-20 23:12:35.960501+01	\N	\N	\N
80de3856-7cb9-41d3-a2e8-eef645a70c9c	8ce38416-742f-45c5-9d30-7e80c4bfc025	unpaid	mock	1999	INR	\N	2026-02-20 23:13:24.872945+01	2026-02-20 23:13:24.872945+01	\N	\N	\N
27105b60-5034-4339-9c61-70957ed96713	993aa2ad-bca9-4591-8e4d-82e3ae0b6945	unpaid	mock	999	INR	\N	2026-02-20 23:22:54.926315+01	2026-02-20 23:22:54.926315+01	\N	\N	\N
7774c522-ebb8-4781-a753-ee0e0d861411	0fd96006-54d5-41d1-9f84-a0a570bba906	unpaid	mock	1999	INR	\N	2026-02-20 23:22:54.958944+01	2026-02-20 23:22:54.958944+01	\N	\N	\N
7e4d6a0d-757a-44b7-b7b8-7d25f8e0156f	e62cd053-88db-460f-b2dc-a6620405d27b	refunded	mock	1999	INR	\N	2026-02-20 23:22:55.02149+01	2026-02-20 23:22:55.21639+01	\N	\N	2026-02-20 23:22:55.05563+01
9fca9bd7-dcad-4010-a892-ea27e5539dd8	db4182f6-2bc6-4a5c-9371-a0fe49b07ca1	unpaid	mock	1999	INR	\N	2026-02-20 23:22:55.226852+01	2026-02-20 23:22:55.226852+01	\N	\N	\N
65ef2e4b-9dd8-477f-945f-99a236e99311	06460c3b-de57-4afc-80cf-dfc93b2fb8b0	unpaid	mock	1999	INR	\N	2026-02-20 23:23:31.50205+01	2026-02-20 23:23:31.50205+01	\N	\N	\N
8ae26b80-a7b6-4d42-9b9e-f801065d4d12	bedcab22-22cb-4679-adc0-f61dd28a6fcf	unpaid	mock	999	INR	\N	2026-02-21 07:32:02.897663+01	2026-02-21 07:32:02.897663+01	\N	\N	\N
60f3c948-37fc-439d-b3f7-c892fa4ca5f3	b0aeccab-d7c0-4422-badf-19cf45f54309	unpaid	mock	1999	INR	\N	2026-02-21 07:32:02.92761+01	2026-02-21 07:32:02.92761+01	\N	\N	\N
494a1417-925a-4bef-8a69-281c1545a424	7407db1a-f7ef-4f02-9e58-26e212950c20	refunded	mock	1999	INR	\N	2026-02-21 07:32:02.984436+01	2026-02-21 07:32:03.302453+01	\N	\N	2026-02-21 07:32:03.027616+01
07f77844-03c0-43a8-9cf0-04e4ce048dac	843f1abf-b708-46da-a400-402c4ac8202c	unpaid	mock	1999	INR	\N	2026-02-21 07:32:03.315191+01	2026-02-21 07:32:03.315191+01	\N	\N	\N
d32edf58-d78b-455b-a7e9-32edc5a13a0f	eaefbc28-e925-4e99-9e68-36d3740a304f	unpaid	mock	1999	INR	\N	2026-02-21 07:32:28.858319+01	2026-02-21 07:32:28.858319+01	\N	\N	\N
99ede696-1645-450d-8c20-780fb9857ce5	7332136e-f389-464b-9d40-6c05f12264e8	unpaid	mock	999	INR	\N	2026-02-21 07:38:19.818889+01	2026-02-21 07:38:19.818889+01	\N	\N	\N
7189efad-adef-45d3-976e-e942c16443b4	3cf8106e-0130-4bed-8686-2620b0f320b3	unpaid	mock	1999	INR	\N	2026-02-21 07:38:19.838935+01	2026-02-21 07:38:19.838935+01	\N	\N	\N
01a4e54d-815e-45db-8ad2-916d53b5e1bd	bae3af27-a4ea-4860-ba08-bd17797fe8aa	refunded	mock	1999	INR	\N	2026-02-21 07:38:19.881906+01	2026-02-21 07:38:20.049906+01	\N	\N	2026-02-21 07:38:19.910151+01
edfbba35-c0cc-448e-af46-9920ab46278f	d6d04ce1-ce8a-4070-9dd7-dc8cb0f10ddb	unpaid	mock	1999	INR	\N	2026-02-21 07:38:20.060655+01	2026-02-21 07:38:20.060655+01	\N	\N	\N
2374d8e2-3ad4-4632-a526-8fadfd182117	ef807a77-1c30-45c6-8562-5e29c9e86d96	unpaid	mock	1999	INR	\N	2026-02-21 07:38:48.149887+01	2026-02-21 07:38:48.149887+01	\N	\N	\N
60eecb9f-e079-4cf7-bd1a-63ddae452bc6	9a5adbc7-c434-4ead-9d4c-1d59d4bf5abd	unpaid	mock	999	INR	\N	2026-02-21 07:40:19.53073+01	2026-02-21 07:40:19.53073+01	\N	\N	\N
312a2d9a-b8d5-4579-a579-31783f94749a	53a18ae9-628d-45d2-a726-2f8b9bcb8d3f	unpaid	mock	1999	INR	\N	2026-02-21 07:40:19.549755+01	2026-02-21 07:40:19.549755+01	\N	\N	\N
d355fbf6-621e-47d1-8c8d-0b19c473f0b7	bfe09df9-8901-4e55-865d-17d2b40589a3	refunded	mock	1999	INR	\N	2026-02-21 07:40:19.599156+01	2026-02-21 07:40:19.777615+01	\N	\N	2026-02-21 07:40:19.631631+01
00732c07-309a-4cb8-ad73-bb05826a1b89	0c8ebe98-6a42-4fe6-9ce4-8dc33b3bc3e0	unpaid	mock	1999	INR	\N	2026-02-21 07:40:19.788066+01	2026-02-21 07:40:19.788066+01	\N	\N	\N
c1ab4aed-f18b-4e90-9ab0-e3bb052f5b36	f3a24da0-4f3b-46d3-8b71-76290c04a187	unpaid	mock	1999	INR	\N	2026-02-21 07:40:45.70182+01	2026-02-21 07:40:45.70182+01	\N	\N	\N
6f2a0c64-c560-4b1b-8773-c18276b136f8	8ef9a982-65b7-4638-969c-1b6db82a1b6c	unpaid	mock	999	INR	\N	2026-02-21 07:48:26.678127+01	2026-02-21 07:48:26.678127+01	\N	\N	\N
17601146-54f7-4597-97cc-2c02591d2e30	20b3266e-00c4-4a52-9e65-7634835442cd	unpaid	mock	1999	INR	\N	2026-02-21 07:48:26.703019+01	2026-02-21 07:48:26.703019+01	\N	\N	\N
cfe891c8-d879-460a-90d4-2e9551727ed9	9046d4d6-57b5-4f1f-909a-d1fb0ee40cc8	refunded	mock	1999	INR	\N	2026-02-21 07:48:26.749987+01	2026-02-21 07:48:26.918928+01	\N	\N	2026-02-21 07:48:26.780542+01
c90a4f04-479e-4ea6-a139-eea42ac6a90c	5122a52e-d51a-478b-aca1-d1b00a021993	unpaid	mock	1999	INR	\N	2026-02-21 07:48:26.930108+01	2026-02-21 07:48:26.930108+01	\N	\N	\N
7297d95f-3d2c-4b53-a62a-d0f05f8d0b4c	44329f79-45eb-41a5-90be-1854a29e6cf1	unpaid	mock	1999	INR	\N	2026-02-21 07:48:52.212831+01	2026-02-21 07:48:52.212831+01	\N	\N	\N
9fc45128-9bec-4816-9d9f-7272d442ff81	44e5a4c7-4c50-4d16-92db-50e5621c224c	unpaid	mock	999	INR	\N	2026-02-21 08:12:15.438709+01	2026-02-21 08:12:15.438709+01	\N	\N	\N
b3008324-63eb-4335-a7a2-02eceba36827	81786c10-afca-48ea-9e5c-a37948af58ef	unpaid	mock	1999	INR	\N	2026-02-21 08:12:15.466268+01	2026-02-21 08:12:15.466268+01	\N	\N	\N
4816fa09-0ad7-4746-acdd-4c2ffd919dc8	acf86476-fe9a-48de-9c41-a3a71dc1e58d	refunded	mock	1999	INR	\N	2026-02-21 08:12:15.51326+01	2026-02-21 08:12:15.676226+01	\N	\N	2026-02-21 08:12:15.541604+01
96ed49e9-dead-4541-8bb4-ce66bcaa69fc	9324c1f2-9a21-49a8-9ad7-d32ea424f2ec	unpaid	mock	1999	INR	\N	2026-02-21 08:12:15.68679+01	2026-02-21 08:12:15.68679+01	\N	\N	\N
e34722ef-31f3-4f23-957c-1711e37c25f9	1e76e5f5-1b5b-4d8a-bb2c-7f905a38281b	unpaid	mock	1999	INR	\N	2026-02-21 08:12:47.028271+01	2026-02-21 08:12:47.028271+01	\N	\N	\N
fc13e5e4-8374-4576-bf34-edd7e7eb3b45	481f4594-0726-41f8-b835-04a5c10cc0ab	unpaid	mock	999	INR	\N	2026-02-21 08:29:27.812127+01	2026-02-21 08:29:27.812127+01	\N	\N	\N
78fd5398-1ed3-4b65-bec5-12e89f7a1a4b	46b5fad5-4f4b-47f0-bad1-b7da3b89d0de	unpaid	mock	1999	INR	\N	2026-02-21 08:29:27.838757+01	2026-02-21 08:29:27.838757+01	\N	\N	\N
c245b435-886f-4146-8ba2-2700762479ef	d1c3ac19-c682-4439-953c-b3f14868a912	refunded	mock	1999	INR	\N	2026-02-21 08:29:27.888424+01	2026-02-21 08:29:28.054473+01	\N	\N	2026-02-21 08:29:27.921289+01
288e0d1d-0af0-4374-860f-5f8dba3e14d6	8e49b94c-21cb-42bf-97b8-e2392332a7e0	unpaid	mock	1999	INR	\N	2026-02-21 08:29:28.064328+01	2026-02-21 08:29:28.064328+01	\N	\N	\N
fa805967-affe-4c86-b423-5d1fd174a39f	455601d4-3404-4d6b-ad7f-41231e977d29	unpaid	mock	1999	INR	\N	2026-02-21 08:29:58.657779+01	2026-02-21 08:29:58.657779+01	\N	\N	\N
6e50ff81-03ea-41ce-b854-834143a7f6e3	ee274cf5-5492-4f79-bf39-eea899a65c17	unpaid	mock	999	INR	\N	2026-02-21 09:11:51.406127+01	2026-02-21 09:11:51.406127+01	\N	\N	\N
517a1b06-aadd-4672-93e1-8538cff77d55	883bcd0d-f944-41bd-80bc-b4ef9c6cd2c4	unpaid	mock	1999	INR	\N	2026-02-21 09:11:51.438387+01	2026-02-21 09:11:51.438387+01	\N	\N	\N
d5cca246-6d28-41b8-a286-8d41a7c0a230	7e072e1e-7a0d-4425-a94d-971b984d29e6	refunded	mock	1999	INR	\N	2026-02-21 09:11:51.504606+01	2026-02-21 09:11:51.791943+01	\N	\N	2026-02-21 09:11:51.543475+01
9f5d8915-6e57-49b9-bc1c-3b3fa1af0df0	6b6c127a-fd7d-4636-a5df-651a63a91f30	unpaid	mock	1999	INR	\N	2026-02-21 09:11:51.803563+01	2026-02-21 09:11:51.803563+01	\N	\N	\N
908d0ca7-394c-47d1-ae0a-e1f799cd4071	39678eae-b2f3-4c49-9d01-24fed1764f2b	unpaid	mock	999	INR	\N	2026-02-21 09:26:02.890846+01	2026-02-21 09:26:02.890846+01	\N	\N	\N
06a6d475-b6e0-471e-af8c-5f0593e00f38	1f1e8af8-1cf0-4171-9da5-bee1150bdd5e	unpaid	mock	1999	INR	\N	2026-02-21 09:26:02.925024+01	2026-02-21 09:26:02.925024+01	\N	\N	\N
7b8a3e5d-d261-40c9-b147-82f964aa84f4	920fdc7f-f8da-41e8-8339-e9fd49bd4afd	refunded	mock	1999	INR	\N	2026-02-21 09:26:02.993763+01	2026-02-21 09:26:03.216616+01	\N	\N	2026-02-21 09:26:03.035212+01
22668354-52d9-4004-bbf0-5789726898d8	e6877c01-8b0c-4266-b9d3-1119c8a58048	unpaid	mock	1999	INR	\N	2026-02-21 09:26:03.229111+01	2026-02-21 09:26:03.229111+01	\N	\N	\N
8ff802d0-c3fd-4a0e-98fd-b9c5a8c730ba	f03fd331-5664-4e47-92f3-487d811c4a05	unpaid	mock	999	INR	\N	2026-02-21 09:28:32.523925+01	2026-02-21 09:28:32.523925+01	\N	\N	\N
314a0e27-6db0-46e9-b041-80364e920b3f	4df30c02-f3fa-40cb-9efc-d36016ab4580	unpaid	mock	1999	INR	\N	2026-02-21 09:28:32.541494+01	2026-02-21 09:28:32.541494+01	\N	\N	\N
569bea3c-a464-413b-a093-f8f81ef44b3e	19d798ad-fb31-489d-a125-dfebcec6f1fe	refunded	mock	1999	INR	\N	2026-02-21 09:28:32.594826+01	2026-02-21 09:28:32.77554+01	\N	\N	2026-02-21 09:28:32.629421+01
b7bf6feb-5596-4f8c-b038-2b6312fcf776	8621755c-5ee2-42df-9932-927c895bd851	unpaid	mock	1999	INR	\N	2026-02-21 09:28:32.787304+01	2026-02-21 09:28:32.787304+01	\N	\N	\N
1d55af58-cd56-43af-9db6-c7fc57db3484	a8abd4ab-eedf-4043-9510-05d4ea5c29dc	unpaid	mock	999	INR	\N	2026-02-21 09:31:34.979983+01	2026-02-21 09:31:34.979983+01	\N	\N	\N
92f50f9f-b6a9-479e-a17f-97741d74790d	9f8eea69-97e7-483c-8e40-5a3fbc25c773	unpaid	mock	1999	INR	\N	2026-02-21 09:31:35.012579+01	2026-02-21 09:31:35.012579+01	\N	\N	\N
1bfbfd69-bfe8-43a3-bb8a-de70172df5c2	cd565cd0-3bef-4750-8b87-381e750cb16b	refunded	mock	1999	INR	\N	2026-02-21 09:31:35.070946+01	2026-02-21 09:31:35.247167+01	\N	\N	2026-02-21 09:31:35.106004+01
3179ff3a-1b2b-41e8-85d6-8ab18d09a613	47e3ad7a-6f21-494b-80a2-60398799e96f	unpaid	mock	1999	INR	\N	2026-02-21 09:31:35.258437+01	2026-02-21 09:31:35.258437+01	\N	\N	\N
872e18ad-1927-45f3-b635-2282b6e254b6	2bb18b79-76f0-401e-8f91-43547c75bb8b	unpaid	mock	1999	INR	\N	2026-02-21 09:33:06.294763+01	2026-02-21 09:33:06.294763+01	\N	\N	\N
4dd84d29-3726-453a-97cb-da862d5b1ccf	c6f9256b-7851-4c38-9936-77e7b8323516	unpaid	mock	999	INR	\N	2026-02-21 09:56:43.332155+01	2026-02-21 09:56:43.332155+01	\N	\N	\N
38c31f8b-1d8d-4fe7-ae72-dcca16c1860e	592031c8-d275-4ff7-8501-7676300bd87e	unpaid	mock	1999	INR	\N	2026-02-21 09:56:43.365542+01	2026-02-21 09:56:43.365542+01	\N	\N	\N
b56d440c-a1d2-4d7e-87e0-cce0ab832521	7a34f6a0-a7f6-41be-a78f-a7474c63a7aa	refunded	mock	1999	INR	\N	2026-02-21 09:56:43.427027+01	2026-02-21 09:56:43.609828+01	\N	\N	2026-02-21 09:56:43.465002+01
66923c6a-5a40-4dde-ab8c-bf2ec7cac679	57fc18e7-b030-4730-a517-5c8fce4319b1	unpaid	mock	1999	INR	\N	2026-02-21 09:56:43.62192+01	2026-02-21 09:56:43.62192+01	\N	\N	\N
29c945e6-5c1f-4a98-a25a-9f657ecc86e5	9bb44b12-f196-416e-bbda-388a0a74f04b	unpaid	mock	999	INR	\N	2026-02-21 10:16:55.069675+01	2026-02-21 10:16:55.069675+01	\N	\N	\N
07a8ba7c-0aaa-432e-a3e6-8e9d9ffd77ac	965e6c3f-0334-4a46-868b-4f694d39e011	unpaid	mock	1999	INR	\N	2026-02-21 10:16:55.094713+01	2026-02-21 10:16:55.094713+01	\N	\N	\N
32df77fd-cea8-4bdb-9b04-a42042b9ee6f	c84e0eef-1aaf-458d-9188-f6bf62fb92ac	refunded	mock	1999	INR	\N	2026-02-21 10:16:55.144065+01	2026-02-21 10:16:55.315768+01	\N	\N	2026-02-21 10:16:55.177265+01
2cab9284-4f8c-4dad-ac79-2fdd5709511b	4ddcb4b2-6cee-44f4-b6ef-5ca0c697507a	unpaid	mock	1999	INR	\N	2026-02-21 10:16:55.327888+01	2026-02-21 10:16:55.327888+01	\N	\N	\N
556a150e-f69d-4acd-9a89-86772efb45b3	17cd5b51-b66b-4807-bfb0-9744464b60f1	unpaid	mock	999	INR	\N	2026-02-21 11:10:04.612082+01	2026-02-21 11:10:04.612082+01	\N	\N	\N
ac996114-a643-4020-99ef-557ade185a7e	e0145fce-b691-4969-ba9d-3c8e6d22e3c9	unpaid	mock	1999	INR	\N	2026-02-21 11:10:04.636807+01	2026-02-21 11:10:04.636807+01	\N	\N	\N
94d7b8f9-dcf2-4aef-a8fe-7288004ea7f9	ec2bad94-a410-41b4-b12b-71db9aabb25b	refunded	mock	1999	INR	\N	2026-02-21 11:10:04.686042+01	2026-02-21 11:10:04.855983+01	\N	\N	2026-02-21 11:10:04.720631+01
367a4113-4f8c-4c3c-bb8b-8564abcac722	c5edc2f2-da9b-48ed-bc80-fea0d1a2ba64	unpaid	mock	1999	INR	\N	2026-02-21 11:10:04.866335+01	2026-02-21 11:10:04.866335+01	\N	\N	\N
ab45eccf-6191-4386-9312-7ff7d3f1fe9c	fa8009a6-ea74-4e6d-870a-746e0c3ecca3	unpaid	mock	999	INR	\N	2026-02-21 11:19:29.940902+01	2026-02-21 11:19:29.940902+01	\N	\N	\N
db1f32ae-8974-41d5-8d29-a7910f5e4f95	92facbcd-ed09-4dad-8846-467f42e466be	unpaid	mock	1999	INR	\N	2026-02-21 11:19:29.967455+01	2026-02-21 11:19:29.967455+01	\N	\N	\N
8226623f-6559-4390-bb2a-3c4f0fe3ed18	12788b6e-c0b2-413a-a279-f72b857fe26d	refunded	mock	1999	INR	\N	2026-02-21 11:19:30.019042+01	2026-02-21 11:19:30.1985+01	\N	\N	2026-02-21 11:19:30.057073+01
36ee8340-55bf-4ddc-948c-7a45b132d81b	2218cf51-712c-4018-9957-f7e6b632194a	unpaid	mock	1999	INR	\N	2026-02-21 11:19:30.208323+01	2026-02-21 11:19:30.208323+01	\N	\N	\N
db3925e9-2f27-4cd6-9379-6c40c036d196	c4dba45a-03f1-4c5b-aaf5-fcc027ccc255	unpaid	mock	999	INR	\N	2026-02-21 11:35:32.036022+01	2026-02-21 11:35:32.036022+01	\N	\N	\N
0d4e68f5-5db0-4748-a892-64f9a2878375	a0a58f2f-79ea-428d-a4cc-917f855695a4	unpaid	mock	1999	INR	\N	2026-02-21 11:35:32.071303+01	2026-02-21 11:35:32.071303+01	\N	\N	\N
c75baca7-2993-447d-9ab0-7c9ea93e2b76	2223c2dc-4bab-4f9c-a984-6939a0236c53	refunded	mock	1999	INR	\N	2026-02-21 11:35:32.127916+01	2026-02-21 11:35:32.307353+01	\N	\N	2026-02-21 11:35:32.164309+01
af72a9c9-e82a-47b3-9500-9ddf95591867	47db3661-a48e-41e1-951c-846eae24d3dc	unpaid	mock	1999	INR	\N	2026-02-21 11:35:32.316373+01	2026-02-21 11:35:32.316373+01	\N	\N	\N
\.


--
-- Data for Name: product_variants; Type: TABLE DATA; Schema: public; Owner: postgres
--

COPY public.product_variants (id, product_id, sku, size, color, price_cents, stock, created_at) FROM stdin;
f6f19ff5-bb43-4ebb-8595-508dca615323	c3e3afe3-fe6c-490a-91ac-d75da1a3433a	SKU-c3e3afe3-M-DEFAULT	M	default	3300	5	2026-02-20 12:59:39.036186+01
dca4b2b8-434f-4d66-b24f-bb6d26945a53	c3e3afe3-fe6c-490a-91ac-d75da1a3433a	SKU-c3e3afe3-L-special	L	special	1000	1	2026-02-20 13:50:00.38982+01
71ce2a1b-23e8-4634-88c4-134290b85448	14122a31-e6af-43ed-bc51-c6f0ebc0de28	SKU-14122a31-M-DEFAULT	M	default	2999	12	2026-02-20 14:15:40.730368+01
b5e8a3fc-a88a-4292-a112-5ed23b6fd3a6	27fc4077-8fcc-4e2b-b39d-6c1bdfb21eda	SKU-27fc4077-M-DEFAULT	M	default	200	1	2026-02-20 14:51:15.161608+01
b3218a79-f87e-4398-9683-c045bce143b0	27fc4077-8fcc-4e2b-b39d-6c1bdfb21eda	gg	L	kalo	4	3	2026-02-20 14:55:19.176927+01
92341cf3-0ad5-476e-b896-8b6ab3f722c7	1ddb8372-c4b8-4976-958f-88428a1f3dc9	RACE-1771603772210-dgp2	M	Race	999	0	2026-02-20 17:09:32.214756+01
1adb3207-4c1d-47e9-a3f6-7f4757bf5b73	8af16064-2cec-4a67-b51f-92ef46230bd7	RACE-1771611997709-l9ce	M	Race	999	0	2026-02-20 19:26:37.713185+01
1850454c-5904-4ab1-8303-abbf35dbc5c9	950092bc-13dc-4f1a-a46e-60da9396a796	ADM-1771603772160	L	Black	1999	8	2026-02-20 17:09:32.164919+01
b11a449c-2a7b-469f-b9c5-a5e497145a74	f9b715b5-731b-4ce8-bec7-1352be224c67	SKU-f9b715b5-M-DEFAULT	M	default	1999	0	2026-02-20 09:25:31.245181+01
4d242a75-8c13-4931-bdfa-50d164087ff2	d809913b-28bc-42b5-b46d-5d3047912d7c	RACE-1771605186780-k3lo	M	Race	999	0	2026-02-20 17:33:06.785027+01
27132fef-a203-41be-a0c8-c762e63d25a0	468822fa-46b8-4753-ade6-ddd081f52bd1	ADM-1771611997667	L	Black	1999	10	2026-02-20 19:26:37.671281+01
2d118872-9bab-4773-8bed-947d41a97e5d	34894d4d-6cfb-428a-9328-4aee36e4c31b	ADM-1771605186705	L	Black	1999	8	2026-02-20 17:33:06.713181+01
18f8a2b8-8209-402d-8e64-f918cf9e16ef	e5e247c5-18f7-4272-b3ec-ad12644353bd	RACE-1771607624320-rp6x	M	Race	999	0	2026-02-20 18:13:44.323092+01
01dd5890-c3ca-48b5-941d-66c66a3bb043	36cfcf93-3706-4c31-902a-5a88ae1d5f09	ADM-1771607624272	L	Black	1999	8	2026-02-20 18:13:44.27635+01
91908b51-35eb-4d3e-8ae1-8b1b2d117287	7f7b1910-0d03-4e53-8082-6056c2fe520d	RACE-1771609683622-vhft	M	Race	999	0	2026-02-20 18:48:03.625723+01
a847ac06-189c-453d-b6e5-08b8f1c767dd	86f218b2-ca6a-415c-8379-03b63e4f693b	RACE-1771612589922-4k9a	M	Race	999	0	2026-02-20 19:36:29.925291+01
aa322328-92ba-4df9-9a0f-9f3f295e7f20	3592c658-2e55-45a5-a729-c84afb1d63c7	ADM-1771612589876	L	Black	1999	10	2026-02-20 19:36:29.881684+01
85db5ed5-1246-46d1-b88b-48a76d33645c	c74f2279-7173-4cce-84f7-43d980b34185	ADM-1771609683576	L	Black	1999	8	2026-02-20 18:48:03.581536+01
9f039447-5b0e-4197-9b01-f8a8750aa7a2	6fa71180-3c65-415f-8863-075f33ac1cc6	RACE-1771611548208-bntk	M	Race	999	0	2026-02-20 19:19:08.212444+01
b3d5fdcc-636b-46d6-a0f1-92b519c8c926	5e6774f8-756b-471a-9fe4-4ee87fda90b9	ADM-1771611548162	L	Black	1999	10	2026-02-20 19:19:08.167122+01
eccdeef5-d70c-4295-b64c-66b57a42dbe9	022c05e4-c143-4cd1-8125-05a6e2cfa283	RACE-1771611816444-mloo	M	Race	999	0	2026-02-20 19:23:36.44723+01
c60d2017-4365-4722-b7ef-c2aa33b1996e	a8efb989-a8cd-4e48-801e-2ea49ac6c1f0	ADM-1771611816406	L	Black	1999	10	2026-02-20 19:23:36.409795+01
303dfd0e-7854-4c5f-8ed9-891875ff7ed3	7bafaa4c-e030-4efe-9e0f-9ecf9d52ce31	RACE-1771611865819-ltd3	M	Race	999	1	2026-02-20 19:24:25.822117+01
617ad425-5508-4ae8-ad1c-d6df53392411	1fc8390d-6776-4062-9aa6-d86af9222568	RACE-1771612646690-di2o	M	Race	999	0	2026-02-20 19:37:26.693652+01
25752976-ae95-4d0a-a43a-4f42201dadca	0dc24447-bf0f-4d72-9e74-b2a971f521a8	ADM-1771611865780	L	Black	1999	8	2026-02-20 19:24:25.783648+01
7c6b4280-050d-4c9c-84ac-e404e0a765a7	46f7e586-be6b-4a56-bd50-e787dd117a1f	RACE-1771614883531-0o85	M	Race	999	0	2026-02-20 20:14:43.534883+01
30fbcad5-7949-4f30-bfab-9c2cf11d8dc9	9afe0360-1d1a-4faf-95ea-0711e86cafdf	ADM-1771612646624	L	Black	1999	10	2026-02-20 19:37:26.629771+01
cd6a7a3b-35b9-47ba-902b-92dd385e4fdf	27fc4077-8fcc-4e2b-b39d-6c1bdfb21eda	ff	B	nil	3	2	2026-02-20 14:54:36.540432+01
8682866c-6c12-43fc-8b57-aca4993a111d	d66a46e7-cd00-48d8-b1ae-61b4449b63f1	SKU-d66a46e7-M-DEFAULT	M	default	3000	1	2026-02-20 19:52:42.255805+01
9ea0ad1f-8739-4ba5-a5e3-e0ac6c540f1a	acce7197-c80c-4609-a105-85a927983871	RACE-1771613982122-6hgi	M	Race	999	0	2026-02-20 19:59:42.125558+01
53fa2302-07df-4f24-a619-3c859973f9a5	ff039009-76ed-44be-b086-3b3262b4aa53	RACE-1771616073586-936l	M	Race	999	0	2026-02-20 20:34:33.590608+01
2a687288-7948-4660-ab27-94eaea523ebf	2ddd3750-882c-410d-86b9-5ff1f350390f	ADM-1771613982071	L	Black	1999	10	2026-02-20 19:59:42.075922+01
5df1c3fa-c096-43b3-9c0b-dbff9b668fbc	a2cb105d-16e3-4da4-b2b8-fd23b71e5632	RACE-1771614015599-jzzq	M	Race	999	0	2026-02-20 20:00:15.603177+01
f2d3ed2d-9680-4221-9bbc-8c6e2a2f533c	b3dfcc2e-6b57-41f1-a4ae-575d99a16cdf	ADM-1771614883479	L	Black	1999	10	2026-02-20 20:14:43.484405+01
7f46de71-8af4-4bc2-846f-59baa60d79d9	d8c577a8-23f0-49b6-86be-8c39d022e3ff	ADM-1771614015544	L	Black	1999	10	2026-02-20 20:00:15.55042+01
648ed885-0037-4235-b3ca-3f046df95be8	4a901665-c5ed-4564-b3b7-3a2dd4b7a6b9	SKU-4a901665-M-DEFAULT	M	default	200000	2	2026-02-20 20:08:08.166087+01
4f3f100b-6fd9-4223-9333-e605b6fcfd59	e2bbb0c0-273d-4817-90b9-0d107a429d5f	RACE-1771614822086-9d2t	M	Race	999	0	2026-02-20 20:13:42.089226+01
4562ac96-2bd8-491b-a75f-a45e95b136fa	d4f5b0bc-4a26-4912-b75d-7584a927f1f8	ADM-1771614822031	L	Black	1999	10	2026-02-20 20:13:42.036506+01
9c2ffdb0-ea78-4e77-807f-8570b2e21f48	63f4b264-2bbd-4bc3-a48b-21cc7af9ef96	RACE-1771614991411-2ajo	M	Race	999	0	2026-02-20 20:16:31.416326+01
239c8492-8f0c-4d4b-aa46-bcfda5626f0e	81086311-4adb-42d3-854e-4cdd1e55e039	ADM-1771614991325	L	Black	1999	10	2026-02-20 20:16:31.330365+01
e07945f6-5a00-495a-adc3-fc6ff23d5862	3cae1830-eb0b-4a80-9144-9c8bf8c09633	RACE-1771615115263-tl3d	M	Race	999	0	2026-02-20 20:18:35.266497+01
b3b1cb2e-a578-4627-a355-c54649e5334a	2f3d6894-c75f-4277-aefb-9228309e01c9	ADM-1771616073504	L	Black	1999	10	2026-02-20 20:34:33.50936+01
060a30cc-92a1-425b-9297-e4c85b19368a	7b5e8388-bdb3-4f5f-b33e-fb50290259b9	ADM-1771615115190	L	Black	1999	10	2026-02-20 20:18:35.193946+01
28042007-3372-4d30-a770-9d411768f00d	53c9f144-97b2-41c6-a627-a5d4d9544a3e	RACE-1771615433551-wqmd	M	Race	999	0	2026-02-20 20:23:53.555443+01
53a236ca-6c96-4c0b-a947-fc4044cdf400	6805676a-575f-4f3c-84f0-6f5e2561a13e	ADM-1771615433481	L	Black	1999	10	2026-02-20 20:23:53.485319+01
9ce1e921-9518-4e24-a1e0-62c61fef0d9e	f46c42e4-dce0-45f9-ba56-9e548e908f42	RACE-1771616513772-wgwp	M	Race	999	0	2026-02-20 20:41:53.776408+01
3546b99d-797c-4eb0-a784-7fa8b3dad996	92777e0e-2ba7-4f31-a711-36002d4e8741	ADM-1771616513692	L	Black	1999	10	2026-02-20 20:41:53.69612+01
ed2ec0a0-3ec7-49da-8136-81a602dbbe8e	77dbbdbc-20d7-41f9-aac0-78f639c517a9	RACE-1771616592623-13b5	M	Race	999	0	2026-02-20 20:43:12.627138+01
6adadb45-9c0f-42b0-8fd4-440e37f18848	c8be12f3-b38d-48ca-ae0a-6de928344776	RACE-1771616641666-cw6f	M	Race	999	0	2026-02-20 20:44:01.670587+01
98e24412-7368-4df0-bf6b-aacc738666b4	673d0367-b0fd-4570-a94e-893348d4457d	ADM-1771616592528	L	Black	1999	8	2026-02-20 20:43:12.533633+01
8844ea63-cc67-4514-a6b6-61a469f85735	e120f70e-9862-47c0-b20e-625f7ccdd111	ADM-1771616654093	L	Black	1999	8	2026-02-20 20:44:14.09647+01
b09b9439-4f47-4863-970a-5245d7a5e5e5	b4210ece-dc4f-4a6c-9514-0d28568ffb0e	ADM-1771616641568	L	Black	1999	8	2026-02-20 20:44:01.576209+01
c3873f53-5940-4e83-b5dc-feeb39234193	413c4673-2f36-4938-b1f4-c42b14fed2a9	RACE-1771616654165-clpt	M	Race	999	0	2026-02-20 20:44:14.17091+01
61a465a2-5524-4c7a-9072-8b937734be34	5b565f51-f3a1-4154-b1ac-452047fb52fb	SKU-5b565f51-M-DEFAULT	M	default	2999	12	2026-02-20 20:44:34.145899+01
2be6e38c-7625-4088-a5cc-fe71eae1b2df	5b565f51-f3a1-4154-b1ac-452047fb52fb	ADM-1771616674675	L	Black	2999	20	2026-02-20 20:44:35.15259+01
90547276-1c33-4b9c-9031-8eb15ca80054	02518118-b117-487a-81a4-4dcd74120f7a	RACE-1771616842414-o06m	M	Race	999	0	2026-02-20 20:47:22.419451+01
644bdb20-bf1a-4569-8a9d-dcbd31122c18	154ca80a-3f40-415c-be0a-1efd274f8c03	ADM-1771616842335	L	Black	1999	10	2026-02-20 20:47:22.339961+01
628177ac-65a0-45e9-b8c1-8c81ffc21c1e	9c78bccb-b006-440f-a9f0-19f04f7ad7d5	RACE-1771617112895-yxt0	M	Race	999	0	2026-02-20 20:51:52.898293+01
be86adc3-c7e3-4f78-a5eb-dcc3c20d9889	3856de7f-8a10-4cc4-9c8b-428ac162d732	ADM-1771617112822	L	Black	1999	10	2026-02-20 20:51:52.826409+01
5e3739bd-1fbc-4fee-a6db-8cdfa430cb34	5811180c-0d07-4767-b423-342c0eaf3485	RACE-1771617269735-tded	M	Race	999	0	2026-02-20 20:54:29.741355+01
b166aadd-9aa8-491f-8f5a-12a10dea3bf4	c83f34a5-f04e-4a27-a2c6-1addec80286f	ADM-1771617269646	L	Black	1999	8	2026-02-20 20:54:29.650221+01
0eab851b-39f1-4662-b3c5-6f23735e2ad3	240fc3fd-f671-4b67-b1d5-74730aa44ad9	RACE-1771617419003-1lo8	M	Race	999	0	2026-02-20 20:56:59.007121+01
530f5926-8674-4c42-ade2-be92de2182b2	6dd93fac-df2d-495e-ba7f-9f8c91c6c309	ADM-1771617418932	L	Black	1999	8	2026-02-20 20:56:58.936297+01
c8278e32-d943-48dd-abd2-602a3bce99d6	937945e5-5a14-431d-b43a-d5fa145daf11	RACE-1771617470406-8slf	M	Race	999	0	2026-02-20 20:57:50.410401+01
8f4c7be1-f003-4ff4-9b42-4236a0c32fff	65f08541-0df4-4e2f-9aff-502f72f170f2	ADM-1771617470329	L	Black	1999	10	2026-02-20 20:57:50.334358+01
51e285c1-53f0-4d30-8b8e-f3bba63f6889	f59b4b05-5966-433e-9513-7efe4ef198c9	RACE-1771617489716-25qy	M	Race	999	1	2026-02-20 20:58:09.719331+01
00829f24-8f54-4fe5-8881-f13ba4b941d7	5fda7c52-c490-441a-8d73-f4afd450cb59	ADM-1771617489652	L	Black	1999	8	2026-02-20 20:58:09.655609+01
e4ab0183-1ec5-4131-932d-879f1a64ce35	0a8cd0a8-ace6-425d-ae1a-d5630931c22a	RACE-1771617754216-6dvq	M	Race	999	0	2026-02-20 21:02:34.219031+01
69f6453a-09fc-4e0d-adac-21af813263b8	e315a8bd-c2e4-4b18-8698-61ef9a82fe71	ADM-1771617754137	L	Black	1999	10	2026-02-20 21:02:34.143476+01
0625272c-2b5e-48d7-8e83-6e0ee03dc96f	5409b788-9bc7-4c9e-8add-6c4c7eaad11d	RACE-1771617831627-gemo	M	Race	999	0	2026-02-20 21:03:51.631306+01
3f4460ed-e761-43c6-8f3b-ac0e20553ae6	938a2e83-a712-4e8b-bc9c-09c67e786eb8	RACE-1771617897890-shdu	M	Race	999	0	2026-02-20 21:04:57.89343+01
609f3fe0-8d78-42cf-8530-c3eb171fd9ca	1aea4237-9cd6-40b9-811a-0216fcae1bc8	ADM-1771617831550	L	Black	1999	8	2026-02-20 21:03:51.55428+01
f6e38076-5a7e-4da8-a964-79e0a75a0deb	2c39f05c-f4da-4b7e-8be4-c8b66727b6ed	RACE-1771619774663-d3jn	M	Race	999	0	2026-02-20 21:36:14.667485+01
04caf1b9-b865-484d-9ffd-6aff927cf245	674b755d-b226-4765-aa7a-619496d21481	ADM-1771617897814	L	Black	1999	8	2026-02-20 21:04:57.819178+01
4b0d7ba7-e54c-46ed-afd6-7223f481ffc9	cc420e91-10d4-4e4a-9f95-e243222b387a	ADM-1771661511311	L	Black	1999	8	2026-02-21 09:11:51.3159+01
398f8589-bfe8-4a1d-8793-a3a2da3097e2	8307d5ca-a4fc-4970-bf43-b0595a9d96a3	RACE-1771618205302-331p	M	Race	999	0	2026-02-20 21:10:05.306917+01
5078a563-1ff2-426a-aee6-7dbc769c8fbe	f132feff-af74-499a-9c9d-9a6e515c168a	ADM-1771620907889	L	Black	1999	8	2026-02-20 21:55:07.894087+01
0bf7361b-6953-4379-b0ee-9ab70ec7bb45	979b727d-daeb-442c-b013-fe166e82dddc	ADM-1771619774587	L	Black	1999	8	2026-02-20 21:36:14.591533+01
83c6b07f-f6ae-4737-8cd5-094d840bd617	91922e05-cf07-4b2e-9847-ed55fb20bee9	ADM-1771618205215	L	Black	1999	8	2026-02-20 21:10:05.22048+01
65122fa5-7171-4296-875e-4a723641db3f	131eb86c-12ef-4556-875f-04205f210f84	RACE-1771618457282-r0o2	M	Race	999	0	2026-02-20 21:14:17.286013+01
348de363-91d4-457a-b282-150506172022	163ed294-ac82-427e-a924-a135172838f9	ADM-1771618457207	L	Black	1999	8	2026-02-20 21:14:17.212484+01
b71ab854-1cc5-45cd-b351-e6b498480e7f	3eea5f7b-3a54-4ea8-8563-b67531909437	RACE-1771618737756-n566	M	Race	999	0	2026-02-20 21:18:57.760097+01
3571c31d-c519-4c53-b385-1c6445b9152b	49109335-34ec-4e78-9ecc-8de394a51be2	RACE-1771619964402-p41d	M	Race	999	0	2026-02-20 21:39:24.40619+01
ab4bac27-aa7a-4096-bafb-1c3b920d63ba	c2d25839-bf92-4e65-86f0-8af00b643511	ADM-1771618737680	L	Black	1999	8	2026-02-20 21:18:57.685951+01
b4fd5709-00a1-46a3-83bb-7e3e4940e023	63349742-9370-4822-afcf-3bf2b527a07b	RACE-1771619056636-t8z1	M	Race	999	0	2026-02-20 21:24:16.63974+01
89fef6ce-4b2c-4b27-a61a-a77aa0612ac7	abfe816d-1a63-4a30-ac2a-f3b7fd3a7be6	ADM-1771619964325	L	Black	1999	8	2026-02-20 21:39:24.330357+01
8b0c74f0-8221-4d08-9020-793d49f5d655	1799e028-83df-477c-8496-18185a680b91	ADM-1771619056555	L	Black	1999	8	2026-02-20 21:24:16.559913+01
83bfa53d-3d6f-49d4-b348-d68224318bb1	f36d1e01-0dfe-4674-8e15-96958d53fd3c	RACE-1771619274728-2qw9	M	Race	999	0	2026-02-20 21:27:54.731632+01
baa0879c-6ff3-4963-b51e-107ec3bec040	9d7ab100-0a36-4a8f-93bb-3c2014d85e8f	ADM-1771619274648	L	Black	1999	8	2026-02-20 21:27:54.65312+01
8278ed3f-08a6-47c9-9600-30f2d6d32285	2475eef8-09ad-4a9f-820f-152f5cdb5284	RACE-1771619516224-9od7	M	Race	999	0	2026-02-20 21:31:56.228758+01
1d73f01a-7138-4020-8140-b36c4850f931	c7de034e-8135-4207-9806-6d4637eccc54	RACE-1771620457989-vluo	M	Race	999	0	2026-02-20 21:47:37.994786+01
0fbac1de-6baa-47df-9b0d-e68c0edf0277	9b93c5fa-d006-48fc-9b3a-82980f2d54ea	RACE-1771621533841-7t5t	M	Race	999	0	2026-02-20 22:05:33.844039+01
06962429-7d04-4436-bd7b-28639aa56d06	36da4451-6029-4787-ba54-9d6ec65e4443	ADM-1771619516141	L	Black	1999	8	2026-02-20 21:31:56.146498+01
98ae2596-4ab0-4cfa-9721-6a2071523f8c	1ccea51b-a031-4a3d-8723-26f66d060fdd	ADM-1771622478729	L	Black	1999	8	2026-02-20 22:21:18.734098+01
3df7175b-6dbb-49bd-aed1-4104921aba62	fc5fa4a4-90fa-48d3-8590-a053070e0567	ADM-1771620457853	L	Black	1999	8	2026-02-20 21:47:37.859263+01
6c7dc7e3-fcd0-4063-9bc0-f062213626b8	de620741-663c-4202-b5ff-37c86fce2912	RACE-1771620584124-kthk	M	Race	999	0	2026-02-20 21:49:44.128067+01
7ed0ed5b-d463-4ef8-a5d0-69c7ff971602	eab3b486-3954-4e52-86a3-21854a8a93c4	ADM-1771621533752	L	Black	1999	8	2026-02-20 22:05:33.756134+01
cc1a17dd-b4a6-4328-8921-2fdfa7211bd6	b1c84fab-ec93-4fa1-9c6d-71893b3cb652	ADM-1771620584014	L	Black	1999	8	2026-02-20 21:49:44.021751+01
a5ac5cb5-bf4d-4fde-8d37-96c2312b31bc	02919bd6-eef1-49ee-8dd2-50a33cec1201	RACE-1771620665676-j9jq	M	Race	999	0	2026-02-20 21:51:05.680301+01
81580dd6-ddb9-44e8-a4e0-a9ff9b06e363	caf1219e-07a6-4b0c-854d-ae8d129faeb0	ADM-1771620665594	L	Black	1999	8	2026-02-20 21:51:05.599408+01
05c8abe1-730c-4e9b-a601-aba3fecd324e	be820394-baa7-470a-bb93-7beca8162474	RACE-1771620907974-zntz	M	Race	999	0	2026-02-20 21:55:07.979036+01
78d798ac-5f13-4189-83d7-c7c08b06929c	98c82a2d-0b39-461b-9057-a9661b216e9a	RACE-1771621794214-tdya	M	Race	999	0	2026-02-20 22:09:54.218084+01
4f4dccd8-bec9-43a6-924e-7a4cad3bc55d	f9521d1c-cfc2-4395-a15e-44d22df0840d	SKU-f9521d1c-M-DEFAULT	M	default	2999	12	2026-02-20 22:21:38.693564+01
69fb8ec5-a2da-4a20-9cf6-09bac16c311e	f9521d1c-cfc2-4395-a15e-44d22df0840d	ADM-1771622498957	L	Black	2999	20	2026-02-20 22:21:39.517119+01
e05402f8-be5c-43d1-be34-0ff5b0e13352	8d1a3e9c-d554-48d8-8cde-88fe74309b88	ADM-1771621794136	L	Black	1999	8	2026-02-20 22:09:54.140436+01
a378c662-08ff-4f7b-9dcb-30952c0d2a0c	4d57619c-025f-4218-9ba4-2f04bfb737f2	RACE-1771621856709-iy7v	M	Race	999	0	2026-02-20 22:10:56.712158+01
4cc69383-fac8-427e-bdf1-f26cb22e3297	046d6763-de3a-4256-8110-6695fff674b4	RACE-1771624247497-5u6i	M	Race	999	0	2026-02-20 22:50:47.499863+01
4e0c0a91-44ce-4172-b66f-067c573e8d4a	596b413d-611d-41d4-b2c3-1eb5f31ad34c	ADM-1771621856633	L	Black	1999	8	2026-02-20 22:10:56.636933+01
8d674f38-9091-424a-a546-40feba95725c	5e2e57c6-6455-45de-9a7a-ffbf35aeae87	SKU-5e2e57c6-M-DEFAULT	M	default	2999	12	2026-02-20 22:19:29.401114+01
ecbdbc4d-3d93-4afb-8aa7-9aaa5eca6a53	5e2e57c6-6455-45de-9a7a-ffbf35aeae87	ADM-1771622369524	L	Black	2999	20	2026-02-20 22:19:29.796903+01
664bd0ac-4434-4ae5-9d56-d89f90adcfc1	13763295-ac0e-46e8-9119-70d98929c692	RACE-1771622478812-0s90	M	Race	999	0	2026-02-20 22:21:18.816187+01
aa2a8fcb-85ce-4000-bd76-aad9af973322	ce24865b-d598-4e9a-839c-89fe7aa126cc	RACE-1771624900468-19ws	M	Race	999	0	2026-02-20 23:01:40.472066+01
42c2ba90-6170-4374-aa74-7c4520e01f34	feb1bfb8-7a3c-4b77-97cc-2dbde737692e	RACE-1771625555660-p60h	M	Race	999	0	2026-02-20 23:12:35.664145+01
68e8bbc3-3d2d-4ce9-bf2b-ae4c75b47dc6	29cd0506-06a2-4f4e-84bc-bb03a9ba9170	ADM-1771624247420	L	Black	1999	8	2026-02-20 22:50:47.424198+01
1e7582ec-cf19-4578-b130-262af8e1f3c1	566753e1-ebc8-4aec-988e-fb06b73113d6	RACE-1771624409319-o1x1	M	Race	999	0	2026-02-20 22:53:29.322398+01
b90a9cbb-8908-4d1d-94db-228f6723d6e0	41cf9af2-6480-4945-9209-cc877ca33586	RACE-1771655522881-8kj3	M	Race	999	0	2026-02-21 07:32:02.886057+01
b0010bcd-6a33-4177-86d8-d832ab78ee1b	b4d6d8fb-67db-419e-a582-056f05a14591	ADM-1771624900365	L	Black	1999	8	2026-02-20 23:01:40.371037+01
4bd19713-7df5-48fb-8db8-d8b93385d7fc	ba0191a0-1d72-42bf-bc88-59910b085995	ADM-1771624409253	L	Black	1999	8	2026-02-20 22:53:29.256219+01
fa716f8b-c3c7-4aed-af07-d8e916847a33	5d3c9056-1604-4b51-9260-4c95217032d8	SKU-5d3c9056-M-DEFAULT	M	default	2999	12	2026-02-20 22:53:48.299575+01
dd602fd8-22e0-4b99-add9-3a78ceacc107	5d3c9056-1604-4b51-9260-4c95217032d8	ADM-1771624428782	L	Black	2999	20	2026-02-20 22:53:49.345353+01
59e9995f-8acd-4b23-bec7-2efa79d2ce78	fdd10700-233c-40ab-917a-eb449df5dccb	SKU-fdd10700-M-DEFAULT	M	default	2999	12	2026-02-20 23:02:04.80294+01
bd295c5a-4127-4d62-b38f-e845a178c6c8	fdd10700-233c-40ab-917a-eb449df5dccb	ADM-1771624925139	L	Black	2999	20	2026-02-20 23:02:05.669403+01
d3379417-4732-454b-8cb0-708b2aae60fc	e9a7291b-6d65-414e-8db6-ce83561ed250	SKU-e9a7291b-M-DEFAULT	M	default	5000	3	2026-02-20 23:06:12.826406+01
7838c0ce-f227-4566-ab09-1708cd96604c	e9a7291b-6d65-414e-8db6-ce83561ed250	ggg	XL	limited	5	5	2026-02-20 23:07:39.501684+01
a8c1d283-db06-4b49-86c4-ff0d15c307e6	26ace0ff-a73d-444b-9758-afc1821a48f5	ADM-1771626174827	L	Black	1999	8	2026-02-20 23:22:54.831154+01
88f2eec7-5806-4951-b503-1f9022a0fa59	75f69400-19fb-4cf5-9c42-09904a77ac30	ADM-1771625555573	L	Black	1999	8	2026-02-20 23:12:35.577988+01
fbf402a1-3c06-4b2e-86da-aee9108e0de6	c3dfff94-e6b7-4914-9df8-e58c8d6b5cfc	RACE-1771626174914-62ei	M	Race	999	0	2026-02-20 23:22:54.917604+01
10fc734f-485d-4bac-979a-46f9de7adf15	5c8d80cd-935c-4716-837b-7d9d9f71e242	ADM-1771655522790	L	Black	1999	8	2026-02-21 07:32:02.79445+01
2b5f629a-8aba-46a2-a363-8ef12d8af4a0	496d27f8-88df-42be-97be-bdd0c4520523	SKU-496d27f8-M-DEFAULT	M	default	2999	12	2026-02-20 23:23:16.860893+01
7541f459-22ff-4ec2-a9b2-983d5f45d669	142866cf-1a6c-4892-adcc-8c0d816cdee4	SKU-142866cf-M-DEFAULT	M	default	1999	10	2026-02-20 23:23:18.187609+01
b5cf174e-a928-432c-8e8c-fea3c0eb63dc	b23894dc-71a2-4e4c-87d7-29fbbba277e6	SKU-b23894dc-M-DEFAULT	M	default	2999	12	2026-02-21 07:32:18.471308+01
680ef843-a9b7-4657-9637-a5ed27fd502c	b23894dc-71a2-4e4c-87d7-29fbbba277e6	ADM-1771655539714	L	Black	2999	20	2026-02-21 07:32:20.076485+01
11744db2-6007-4236-bf15-5c37460bcf50	789fd5b7-a174-4135-a5ed-c39c54bfd1d0	SKU-789fd5b7-M-DEFAULT	M	default	1999	10	2026-02-21 07:32:19.193384+01
4aef63df-5298-4417-9943-4c6c432ca451	8f2dd030-6ffe-44be-b145-c77f217bd617	RACE-1771655899809-i76q	M	Race	999	0	2026-02-21 07:38:19.812021+01
fe3256e3-02bc-43dc-ac84-0dcd02d49745	4874e565-fd33-4aa8-adf4-8be644bf59c5	ADM-1771655899739	L	Black	1999	8	2026-02-21 07:38:19.742607+01
d311720a-50ca-4593-b24b-3a3e8f1a7a22	923db665-5dac-4891-b67f-3249f0558b44	SKU-923db665-M-DEFAULT	M	default	1999	10	2026-02-21 07:38:36.875794+01
1c11b752-3f5e-4f44-a370-79e510a9b602	8b5dae0b-6916-4c8d-adcf-699bcbe3c85b	SKU-8b5dae0b-M-DEFAULT	M	default	2999	12	2026-02-21 07:38:35.711523+01
8428b117-64a3-4fc6-b8cb-b7fda85cdd6a	8b5dae0b-6916-4c8d-adcf-699bcbe3c85b	ADM-1771655917596	L	Black	2999	20	2026-02-21 07:38:37.90852+01
a74361fb-963b-4e39-89a3-fb2afd96b6f3	08517c02-8794-4dc8-ad63-6ebcca336caf	RACE-1771656019519-ztfn	M	Race	999	0	2026-02-21 07:40:19.523544+01
3635a710-83a9-4c09-b155-46db92881b86	f93431c4-eb5d-48ba-8de7-ab7c68aeae82	ADM-1771656019451	L	Black	1999	8	2026-02-21 07:40:19.456142+01
8e5aeff3-5201-4bc9-a79e-fc9ad7585081	214994b7-a6bf-458d-a906-ce4a17650511	SKU-214994b7-M-DEFAULT	M	default	1999	10	2026-02-21 07:40:34.626715+01
4998536b-e65c-4e68-bace-ac5151803780	2cf42dbd-1578-4550-bb47-08286814830d	SKU-2cf42dbd-M-DEFAULT	M	default	2999	12	2026-02-21 07:40:33.683024+01
c4d33573-d03f-4efb-8d19-e939c973a47a	2cf42dbd-1578-4550-bb47-08286814830d	ADM-1771656035107	L	Black	2999	20	2026-02-21 07:40:35.458797+01
ee4a6ae8-37ed-4f28-88ad-c402a5eb0fff	470bc1b3-314a-4018-aa70-fd274a91925b	RACE-1771661511394-zni5	M	Race	999	0	2026-02-21 09:11:51.397314+01
8eff0419-8162-4846-8561-6f09a2896aa7	d993a676-8bb0-4c83-bc87-6479afb7374b	RACE-1771656506666-q2yz	M	Race	999	0	2026-02-21 07:48:26.669534+01
339b71e2-e996-4d69-a18d-38ad4ad0638e	e6eb6839-9f27-4db4-b079-1bb6c56c8b8d	ADM-1771656506590	L	Black	1999	8	2026-02-21 07:48:26.595025+01
efe2cfd0-4ca3-4450-8e72-079b4ecc0f09	aa13e0e7-944d-49b5-8931-bbff9b33893d	SKU-aa13e0e7-M-DEFAULT	M	default	1999	10	2026-02-21 07:48:42.106022+01
07c14260-19cb-4759-9062-0da9e6bd614d	9c2d2e5f-36de-4e35-a045-6ab9c61a2690	SKU-9c2d2e5f-M-DEFAULT	M	default	2999	12	2026-02-21 07:48:41.024105+01
f3b4e8f6-b414-4fd9-8046-aef7681a06f1	9c2d2e5f-36de-4e35-a045-6ab9c61a2690	ADM-1771656522640	L	Black	2999	20	2026-02-21 07:48:42.899839+01
10bfd72c-dd9b-40cd-9ede-512a8d4ded4e	22899761-f8a4-407d-895e-b3bfa91495cb	SKU-22899761-M-DEFAULT	M	default	300	3	2026-02-21 08:06:59.041889+01
5137fe2e-b8fa-4393-a7ee-6d1394e4395e	22899761-f8a4-407d-895e-b3bfa91495cb	lalala	S	kalp	300	3	2026-02-21 08:08:10.647904+01
824a2e87-9a68-4f70-80cb-812fdc1f9120	8f1ec237-7b34-4670-a215-6d7042300089	RACE-1771662362878-dqis	M	Race	999	0	2026-02-21 09:26:02.882052+01
5e80fab8-b3cd-422e-a86d-ed20855ea835	ccc30c82-ab15-4544-b978-500159c43b5f	RACE-1771657935427-gni6	M	Race	999	0	2026-02-21 08:12:15.430983+01
5d656b01-f661-4cbf-8bed-13260febd3b5	e6cf84ff-237b-405e-9e3b-8200675afb73	ADM-1771657935348	L	Black	1999	8	2026-02-21 08:12:15.35306+01
0995d698-9893-4c36-9ea3-892ef383749c	22bf246d-c8b5-4253-90a1-8583a9c9b2f9	SKU-22bf246d-M-DEFAULT	M	default	1999	10	2026-02-21 08:12:34.148693+01
83fbcbe1-de75-4727-af65-4e1555a15906	089a0c52-9174-49ec-bbc1-7132c4cbcadf	SKU-089a0c52-M-DEFAULT	M	default	2999	12	2026-02-21 08:12:32.957501+01
a75711ba-5b65-4591-b8bc-a4ebeaf1c25b	089a0c52-9174-49ec-bbc1-7132c4cbcadf	ADM-1771657954652	L	Black	2999	20	2026-02-21 08:12:34.959449+01
2c14df09-d81d-4017-848b-f13decfa4f49	b6c0d488-eb93-411b-8371-68d9b66f0674	ADM-1771662362799	L	Black	1999	8	2026-02-21 09:26:02.80474+01
f95ccd23-28f5-4f50-83e0-0b99c7391d6e	f11f5dff-d097-4606-9fcc-6d8b07f9f781	RACE-1771658967799-329a	M	Race	999	0	2026-02-21 08:29:27.802551+01
6ba7c4c8-705b-4327-8b78-cbee3bbda7d3	d473feec-1f5b-47ee-bf49-fd781aa39576	ADM-1771658967721	L	Black	1999	8	2026-02-21 08:29:27.725304+01
c28ccb97-9bb2-4505-b1a7-4e67e5288f95	547ae1d8-4fb0-4533-a83f-345f7ff9a7b1	SKU-547ae1d8-M-DEFAULT	M	default	2999	12	2026-02-21 08:29:44.903998+01
ee302d20-b020-4947-bf4e-a48985a759bd	547ae1d8-4fb0-4533-a83f-345f7ff9a7b1	ADM-1771658986187	L	Black	2999	20	2026-02-21 08:29:46.54324+01
8a6e66ee-8fe7-4197-a761-c82067cc18da	db4fcb34-e628-4ed2-8da9-370c45875886	RACE-1771662512513-dpzw	M	Race	999	0	2026-02-21 09:28:32.51539+01
989f200f-5f62-4c97-a341-402ce8c36249	01419f1a-7efa-48c3-b715-767bee95246d	RACE-1771665415059-nxh3	M	Race	999	0	2026-02-21 10:16:55.061836+01
726cf437-60c0-4f74-a70c-71f49d17f6eb	1e89f845-f769-49f3-9478-03a2a546d2b8	ADM-1771662512447	L	Black	1999	8	2026-02-21 09:28:32.451444+01
e246edab-0910-4a3a-bbc6-c80772ec1e7f	ae8b6fb4-7156-4959-b11f-fd9d7da21005	RACE-1771662694967-c17r	M	Race	999	0	2026-02-21 09:31:34.971039+01
22a453dc-bd4f-4aff-88d6-7caa8bca3116	293ab9e6-3330-4d92-9481-ff7e4d534bfe	SKU-293ab9e6-M-DEFAULT	M	default	1999	10	2026-02-21 11:35:52.383619+01
1f667428-12ce-41e5-bf97-bf8e644fbd7b	6f28a9dc-b010-400f-826e-f4f56ab5c5b7	SKU-6f28a9dc-M-DEFAULT	M	default	2999	12	2026-02-21 11:35:51.15876+01
24aa033c-7581-4e8a-9424-bdd52c8a2e98	564f10b4-b2b7-4df3-93c4-8e8c0f708596	ADM-1771665414982	L	Black	1999	8	2026-02-21 10:16:54.985771+01
cd8c2271-4c85-4564-8ce5-a43e8c74af8e	9e627a15-af86-4af9-a2a3-0421cd2a1289	ADM-1771662694890	L	Black	1999	8	2026-02-21 09:31:34.894116+01
b3d122a2-a19e-455a-a31b-ee82ac7f8835	3b0bd202-8bc0-46d4-9570-5edef3f09d53	SKU-3b0bd202-M-DEFAULT	M	default	1999	10	2026-02-21 09:31:54.877485+01
8f9282e5-ad7b-4efe-8ae4-13af1d88a79e	83ecda59-b556-4a78-8426-b52c92dfa70f	SKU-83ecda59-M-DEFAULT	M	default	2999	12	2026-02-21 09:31:53.70362+01
64780ecf-9881-4671-92be-945cdc55ef34	83ecda59-b556-4a78-8426-b52c92dfa70f	ADM-1771662715486	L	Black	2999	20	2026-02-21 09:31:55.965357+01
749e38aa-22b2-451a-9c2b-ed82e8cc513a	d2b12119-4b3e-4088-a532-c9f7a9aed4c6	SKU-d2b12119-M-DEFAULT	M	default	5500	100	2026-02-21 09:42:58.08154+01
a1bc1796-6447-4068-ba13-3220d6c53200	4bfb6d4a-fd23-41c3-93d6-1a7b5e914d64	RACE-1771664203320-t369	M	Race	999	0	2026-02-21 09:56:43.323811+01
4a9cf27d-419e-46b8-8233-7690fd2cfe62	ff6808a4-a0c0-4602-b696-0caf89bec1fa	SKU-ff6808a4-M-DEFAULT	M	default	1999	10	2026-02-21 10:17:21.27317+01
350910f2-42fe-4fcb-b663-59c998b18b0e	a666fbf8-310c-4c07-87c4-ad5da88ee3bd	SKU-a666fbf8-M-DEFAULT	M	default	2999	12	2026-02-21 10:17:10.147064+01
ec80bba1-5f19-4ab5-9433-6c5977115310	929f4aaa-08c5-4762-8d02-b6a03880c5b9	ADM-1771664203241	L	Black	1999	8	2026-02-21 09:56:43.245297+01
68c000f9-962f-4c44-8934-99ce8870f426	aeb932f9-db0d-4104-a818-2dfbe11da3e2	SKU-aeb932f9-M-DEFAULT	M	default	2999	12	2026-02-21 09:56:59.908159+01
9302cf4d-78d4-4c7b-942f-b184bc97af3e	aeb932f9-db0d-4104-a818-2dfbe11da3e2	ADM-1771664221173	L	Black	2999	20	2026-02-21 09:57:01.5283+01
9e016224-f3e6-479f-ab63-2316437d8080	a666fbf8-310c-4c07-87c4-ad5da88ee3bd	ADM-1771665441778	L	Black	2999	20	2026-02-21 10:17:22.131399+01
10504942-3e8f-4117-ab32-61c03948e16e	4a4a671d-113d-43b7-a188-b06652323211	RACE-1771668604601-ppg5	M	Race	999	0	2026-02-21 11:10:04.605253+01
b59be1fd-5e8d-4536-83ff-510c9b1bba26	19960401-d232-4cd9-b696-18c05071be57	ADM-1771669169849	L	Black	1999	8	2026-02-21 11:19:29.853143+01
2c861242-3210-415a-8a5a-b35ae09cc7b0	bbfc2477-3ee0-4e3e-bd4e-d1abc8d7bc11	SKU-bbfc2477-M-DEFAULT	M	default	1999	10	2026-02-21 11:19:47.418963+01
7b69ea05-9a89-432c-89ae-f3a8f96c529c	95d95521-9da9-4e9d-8782-7f90792775b2	ADM-1771668604525	L	Black	1999	8	2026-02-21 11:10:04.529101+01
099fe2dc-8f2e-49d3-ae32-8ce384cce304	5a42ba0d-6b6e-474f-b908-ee4a2a98ef85	SKU-5a42ba0d-M-DEFAULT	M	default	1999	10	2026-02-21 11:10:30.92901+01
c4b2fbf8-be45-4cb1-9e64-aad4b3664902	78d74afc-6a21-485a-a100-4e1f5294d5d8	SKU-78d74afc-M-DEFAULT	M	default	2999	12	2026-02-21 11:10:29.323132+01
ccc5ac4f-cb3e-4d95-b0ed-cea9951abb31	78d74afc-6a21-485a-a100-4e1f5294d5d8	ADM-1771668631684	L	Black	2999	20	2026-02-21 11:10:31.887075+01
035dbac3-d21f-4116-9444-ca6a02fc9fb9	198fc793-8e2e-42d7-93f3-6fa68aac7c4f	RACE-1771669169928-ol4p	M	Race	999	0	2026-02-21 11:19:29.932801+01
1486cccb-fb39-4f2d-9798-b2aa143aaf17	3091ec22-5f8b-4ea8-bd91-5b5be910cfd6	SKU-3091ec22-M-DEFAULT	M	default	2999	12	2026-02-21 11:19:45.997724+01
fec1db22-d918-4dc4-bb7a-8791e67767ab	3091ec22-5f8b-4ea8-bd91-5b5be910cfd6	ADM-1771669187745	L	Black	2999	20	2026-02-21 11:19:48.086537+01
24f2df83-31ba-4ece-a271-8e14c1f5b140	98ba225a-83df-486d-9170-15e31e9671cb	RACE-1771670132023-jjqu	M	Race	999	0	2026-02-21 11:35:32.027114+01
d8fee73f-d6c5-43b2-a85c-bd5b4709717b	6f28a9dc-b010-400f-826e-f4f56ab5c5b7	ADM-1771670152940	L	Black	2999	20	2026-02-21 11:35:53.258469+01
402d2f0a-fa9b-4454-9666-4dee48b3d1d5	6e8a0b8c-d0b9-42f6-b26c-da2a5d3f1ba8	ADM-1771670131941	L	Black	1999	8	2026-02-21 11:35:31.945041+01
\.


--
-- Data for Name: products; Type: TABLE DATA; Schema: public; Owner: postgres
--

COPY public.products (id, artist_id, title, description, is_active, created_at) FROM stdin;
f9b715b5-731b-4ce8-bec7-1352be224c67	2d6d7f0a-36c3-4887-b41c-0d0061c0e04b	Waqt	asasda	t	2026-02-20 09:25:31.242415+01
14122a31-e6af-43ed-bc51-c6f0ebc0de28	2d6d7f0a-36c3-4887-b41c-0d0061c0e04b	Smoke Admin Product 1771593338363	Created by admin smoke	t	2026-02-20 14:15:40.72876+01
c3e3afe3-fe6c-490a-91ac-d75da1a3433a	8e28dfca-24ad-4ab7-9aa2-a685260df2e3	haga	\N	f	2026-02-20 12:59:39.029779+01
27fc4077-8fcc-4e2b-b39d-6c1bdfb21eda	8e28dfca-24ad-4ab7-9aa2-a685260df2e3	jali	\N	t	2026-02-20 14:51:15.159879+01
950092bc-13dc-4f1a-a46e-60da9396a796	176d489c-c3d5-40db-9f79-e769e3526998	Catalog Tee	Smoke test product	t	2026-02-20 17:09:32.147663+01
1ddb8372-c4b8-4976-958f-88428a1f3dc9	176d489c-c3d5-40db-9f79-e769e3526998	Race Stock Product mlv357aj-vdmtjf	Smoke race safety check	t	2026-02-20 17:09:32.207782+01
34894d4d-6cfb-428a-9328-4aee36e4c31b	176d489c-c3d5-40db-9f79-e769e3526998	Catalog Tee	Smoke test product	t	2026-02-20 17:33:06.69719+01
d809913b-28bc-42b5-b46d-5d3047912d7c	176d489c-c3d5-40db-9f79-e769e3526998	Race Stock Product mlv3zis2-g1ye4c	Smoke race safety check	t	2026-02-20 17:33:06.775039+01
36cfcf93-3706-4c31-902a-5a88ae1d5f09	176d489c-c3d5-40db-9f79-e769e3526998	Catalog Tee	Smoke test product	t	2026-02-20 18:13:44.263743+01
e5e247c5-18f7-4272-b3ec-ad12644353bd	176d489c-c3d5-40db-9f79-e769e3526998	Race Stock Product mlv5frlm-0fa898	Smoke race safety check	t	2026-02-20 18:13:44.316518+01
c74f2279-7173-4cce-84f7-43d980b34185	176d489c-c3d5-40db-9f79-e769e3526998	Catalog Tee	Smoke test product	t	2026-02-20 18:48:03.567443+01
7f7b1910-0d03-4e53-8082-6056c2fe520d	176d489c-c3d5-40db-9f79-e769e3526998	Race Stock Product mlv6nwkg-z6mtoi	Smoke race safety check	t	2026-02-20 18:48:03.618748+01
5e6774f8-756b-471a-9fe4-4ee87fda90b9	176d489c-c3d5-40db-9f79-e769e3526998	Catalog Tee	Smoke test product	t	2026-02-20 19:19:08.155421+01
6fa71180-3c65-415f-8863-075f33ac1cc6	176d489c-c3d5-40db-9f79-e769e3526998	Race Stock Product mlv7rvai-zeyo8a	Smoke race safety check	t	2026-02-20 19:19:08.205196+01
a8efb989-a8cd-4e48-801e-2ea49ac6c1f0	176d489c-c3d5-40db-9f79-e769e3526998	Catalog Tee	Smoke test product	t	2026-02-20 19:23:36.403622+01
022c05e4-c143-4cd1-8125-05a6e2cfa283	176d489c-c3d5-40db-9f79-e769e3526998	Race Stock Product mlv7xm9j-5fnw9c	Smoke race safety check	t	2026-02-20 19:23:36.441717+01
0dc24447-bf0f-4d72-9e74-b2a971f521a8	176d489c-c3d5-40db-9f79-e769e3526998	Catalog Tee	Smoke test product	t	2026-02-20 19:24:25.775219+01
7bafaa4c-e030-4efe-9e0f-9ecf9d52ce31	176d489c-c3d5-40db-9f79-e769e3526998	Race Stock Product mlv7yod2-os9q0c	Smoke race safety check	t	2026-02-20 19:24:25.816965+01
468822fa-46b8-4753-ade6-ddd081f52bd1	176d489c-c3d5-40db-9f79-e769e3526998	Catalog Tee	Smoke test product	t	2026-02-20 19:26:37.662198+01
8af16064-2cec-4a67-b51f-92ef46230bd7	176d489c-c3d5-40db-9f79-e769e3526998	Race Stock Product mlv81i4n-11rhyf	Smoke race safety check	t	2026-02-20 19:26:37.706581+01
3592c658-2e55-45a5-a729-c84afb1d63c7	176d489c-c3d5-40db-9f79-e769e3526998	Catalog Tee	Smoke test product	t	2026-02-20 19:36:29.872392+01
86f218b2-ca6a-415c-8379-03b63e4f693b	176d489c-c3d5-40db-9f79-e769e3526998	Race Stock Product mlv8e730-f2map0	Smoke race safety check	t	2026-02-20 19:36:29.919261+01
9afe0360-1d1a-4faf-95ea-0711e86cafdf	176d489c-c3d5-40db-9f79-e769e3526998	Catalog Tee	Smoke test product	t	2026-02-20 19:37:26.618015+01
1fc8390d-6776-4062-9aa6-d86af9222568	176d489c-c3d5-40db-9f79-e769e3526998	Race Stock Product mlv8fevv-8uqlzu	Smoke race safety check	t	2026-02-20 19:37:26.687136+01
d66a46e7-cd00-48d8-b1ae-61b4449b63f1	8e28dfca-24ad-4ab7-9aa2-a685260df2e3	norom	\N	t	2026-02-20 19:52:42.250974+01
2ddd3750-882c-410d-86b9-5ff1f350390f	176d489c-c3d5-40db-9f79-e769e3526998	Catalog Tee	Smoke test product	t	2026-02-20 19:59:42.068423+01
acce7197-c80c-4609-a105-85a927983871	176d489c-c3d5-40db-9f79-e769e3526998	Race Stock Product mlv981b9-ybf15u	Smoke race safety check	t	2026-02-20 19:59:42.120273+01
d8c577a8-23f0-49b6-86be-8c39d022e3ff	176d489c-c3d5-40db-9f79-e769e3526998	Catalog Tee	Smoke test product	t	2026-02-20 20:00:15.540571+01
a2cb105d-16e3-4da4-b2b8-fd23b71e5632	176d489c-c3d5-40db-9f79-e769e3526998	Race Stock Product mlv98r53-cq0ku9	Smoke race safety check	t	2026-02-20 20:00:15.594298+01
4a901665-c5ed-4564-b3b7-3a2dd4b7a6b9	8e28dfca-24ad-4ab7-9aa2-a685260df2e3	ironman	\N	t	2026-02-20 20:08:08.161344+01
d4f5b0bc-4a26-4912-b75d-7584a927f1f8	176d489c-c3d5-40db-9f79-e769e3526998	Catalog Tee	Smoke test product	t	2026-02-20 20:13:42.027099+01
e2bbb0c0-273d-4817-90b9-0d107a429d5f	176d489c-c3d5-40db-9f79-e769e3526998	Race Stock Product mlv9q1fk-j2xj0k	Smoke race safety check	t	2026-02-20 20:13:42.083049+01
b3dfcc2e-6b57-41f1-a4ae-575d99a16cdf	176d489c-c3d5-40db-9f79-e769e3526998	Catalog Tee	Smoke test product	t	2026-02-20 20:14:43.477041+01
46f7e586-be6b-4a56-bd50-e787dd117a1f	176d489c-c3d5-40db-9f79-e769e3526998	Race Stock Product mlv9rcub-c8v56a	Smoke race safety check	t	2026-02-20 20:14:43.527632+01
81086311-4adb-42d3-854e-4cdd1e55e039	176d489c-c3d5-40db-9f79-e769e3526998	Catalog Tee	Smoke test product	t	2026-02-20 20:16:31.320805+01
63f4b264-2bbd-4bc3-a48b-21cc7af9ef96	176d489c-c3d5-40db-9f79-e769e3526998	Race Stock Product mlv9to32-rdu4c8	Smoke race safety check	t	2026-02-20 20:16:31.408924+01
7b5e8388-bdb3-4f5f-b33e-fb50290259b9	176d489c-c3d5-40db-9f79-e769e3526998	Catalog Tee	Smoke test product	t	2026-02-20 20:18:35.184068+01
3cae1830-eb0b-4a80-9144-9c8bf8c09633	176d489c-c3d5-40db-9f79-e769e3526998	Race Stock Product mlv9wbne-i54c5n	Smoke race safety check	t	2026-02-20 20:18:35.260398+01
6805676a-575f-4f3c-84f0-6f5e2561a13e	176d489c-c3d5-40db-9f79-e769e3526998	Catalog Tee	Smoke test product	t	2026-02-20 20:23:53.477619+01
53c9f144-97b2-41c6-a627-a5d4d9544a3e	176d489c-c3d5-40db-9f79-e769e3526998	Race Stock Product mlva358o-fxtyu1	Smoke race safety check	t	2026-02-20 20:23:53.548049+01
2f3d6894-c75f-4277-aefb-9228309e01c9	176d489c-c3d5-40db-9f79-e769e3526998	Catalog Tee	Smoke test product	t	2026-02-20 20:34:33.498905+01
ff039009-76ed-44be-b086-3b3262b4aa53	176d489c-c3d5-40db-9f79-e769e3526998	Race Stock Product mlvagv3f-0nxsa7	Smoke race safety check	t	2026-02-20 20:34:33.58355+01
92777e0e-2ba7-4f31-a711-36002d4e8741	176d489c-c3d5-40db-9f79-e769e3526998	Catalog Tee	Smoke test product	t	2026-02-20 20:41:53.68654+01
f46c42e4-dce0-45f9-ba56-9e548e908f42	176d489c-c3d5-40db-9f79-e769e3526998	Race Stock Product mlvaqaqr-jc5zv9	Smoke race safety check	t	2026-02-20 20:41:53.767264+01
673d0367-b0fd-4570-a94e-893348d4457d	176d489c-c3d5-40db-9f79-e769e3526998	Catalog Tee	Smoke test product	t	2026-02-20 20:43:12.522004+01
77dbbdbc-20d7-41f9-aac0-78f639c517a9	176d489c-c3d5-40db-9f79-e769e3526998	Race Stock Product mlvarzl5-tsjw53	Smoke race safety check	t	2026-02-20 20:43:12.620016+01
b4210ece-dc4f-4a6c-9514-0d28568ffb0e	176d489c-c3d5-40db-9f79-e769e3526998	Catalog Tee	Smoke test product	t	2026-02-20 20:44:01.562757+01
c8be12f3-b38d-48ca-ae0a-6de928344776	176d489c-c3d5-40db-9f79-e769e3526998	Race Stock Product mlvat1ff-wpkb78	Smoke race safety check	t	2026-02-20 20:44:01.662574+01
e120f70e-9862-47c0-b20e-625f7ccdd111	176d489c-c3d5-40db-9f79-e769e3526998	Catalog Tee	Smoke test product	t	2026-02-20 20:44:14.087815+01
5b565f51-f3a1-4154-b1ac-452047fb52fb	1851bcb2-75f2-4b46-b1e6-c0b8d8bb00a7	Smoke Admin Product 1771616673107	Created by admin smoke	t	2026-02-20 20:44:34.138333+01
413c4673-2f36-4938-b1f4-c42b14fed2a9	176d489c-c3d5-40db-9f79-e769e3526998	Race Stock Product mlvatb2n-zf42ec	Smoke race safety check	f	2026-02-20 20:44:14.162011+01
154ca80a-3f40-415c-be0a-1efd274f8c03	176d489c-c3d5-40db-9f79-e769e3526998	Catalog Tee	Smoke test product	t	2026-02-20 20:47:22.329944+01
02518118-b117-487a-81a4-4dcd74120f7a	176d489c-c3d5-40db-9f79-e769e3526998	Race Stock Product mlvaxcbr-lbbqj2	Smoke race safety check	t	2026-02-20 20:47:22.411231+01
3856de7f-8a10-4cc4-9c8b-428ac162d732	176d489c-c3d5-40db-9f79-e769e3526998	Catalog Tee	Smoke test product	t	2026-02-20 20:51:52.816749+01
9c78bccb-b006-440f-a9f0-19f04f7ad7d5	176d489c-c3d5-40db-9f79-e769e3526998	Race Stock Product mlvb3516-204nwp	Smoke race safety check	t	2026-02-20 20:51:52.892688+01
c83f34a5-f04e-4a27-a2c6-1addec80286f	176d489c-c3d5-40db-9f79-e769e3526998	Catalog Tee	Smoke test product	t	2026-02-20 20:54:29.640123+01
5811180c-0d07-4767-b423-342c0eaf3485	176d489c-c3d5-40db-9f79-e769e3526998	Race Stock Product mlvb6i1t-5augyr	Smoke race safety check	t	2026-02-20 20:54:29.731964+01
6dd93fac-df2d-495e-ba7f-9f8c91c6c309	176d489c-c3d5-40db-9f79-e769e3526998	Catalog Tee	Smoke test product	t	2026-02-20 20:56:58.927362+01
240fc3fd-f671-4b67-b1d5-74730aa44ad9	176d489c-c3d5-40db-9f79-e769e3526998	Race Stock Product mlvb9p86-oga4k0	Smoke race safety check	t	2026-02-20 20:56:59.001055+01
65f08541-0df4-4e2f-9aff-502f72f170f2	176d489c-c3d5-40db-9f79-e769e3526998	Catalog Tee	Smoke test product	t	2026-02-20 20:57:50.324555+01
937945e5-5a14-431d-b43a-d5fa145daf11	176d489c-c3d5-40db-9f79-e769e3526998	Race Stock Product mlvbasvz-0cfyow	Smoke race safety check	t	2026-02-20 20:57:50.403069+01
5fda7c52-c490-441a-8d73-f4afd450cb59	176d489c-c3d5-40db-9f79-e769e3526998	Catalog Tee	Smoke test product	t	2026-02-20 20:58:09.649056+01
f59b4b05-5966-433e-9513-7efe4ef198c9	176d489c-c3d5-40db-9f79-e769e3526998	Race Stock Product mlvbb7sf-2tt835	Smoke race safety check	t	2026-02-20 20:58:09.714362+01
e315a8bd-c2e4-4b18-8698-61ef9a82fe71	176d489c-c3d5-40db-9f79-e769e3526998	Catalog Tee	Smoke test product	t	2026-02-20 21:02:34.129295+01
0a8cd0a8-ace6-425d-ae1a-d5630931c22a	176d489c-c3d5-40db-9f79-e769e3526998	Race Stock Product mlvbgvvn-w1gd5g	Smoke race safety check	t	2026-02-20 21:02:34.213786+01
1aea4237-9cd6-40b9-811a-0216fcae1bc8	176d489c-c3d5-40db-9f79-e769e3526998	Catalog Tee	Smoke test product	t	2026-02-20 21:03:51.545108+01
5409b788-9bc7-4c9e-8add-6c4c7eaad11d	176d489c-c3d5-40db-9f79-e769e3526998	Race Stock Product mlvbijly-8qj3kx	Smoke race safety check	t	2026-02-20 21:03:51.624866+01
674b755d-b226-4765-aa7a-619496d21481	176d489c-c3d5-40db-9f79-e769e3526998	Catalog Tee	Smoke test product	t	2026-02-20 21:04:57.808574+01
938a2e83-a712-4e8b-bc9c-09c67e786eb8	176d489c-c3d5-40db-9f79-e769e3526998	Race Stock Product mlvbjyql-mvs5hn	Smoke race safety check	t	2026-02-20 21:04:57.887679+01
91922e05-cf07-4b2e-9847-ed55fb20bee9	176d489c-c3d5-40db-9f79-e769e3526998	Catalog Tee	Smoke test product	t	2026-02-20 21:10:05.210205+01
8307d5ca-a4fc-4970-bf43-b0595a9d96a3	176d489c-c3d5-40db-9f79-e769e3526998	Race Stock Product mlvbqjxo-e4nceu	Smoke race safety check	f	2026-02-20 21:10:05.295889+01
163ed294-ac82-427e-a924-a135172838f9	176d489c-c3d5-40db-9f79-e769e3526998	Catalog Tee	Smoke test product	t	2026-02-20 21:14:17.201779+01
131eb86c-12ef-4556-875f-04205f210f84	176d489c-c3d5-40db-9f79-e769e3526998	Race Stock Product mlvbvyd9-2hm4tm	Smoke race safety check	t	2026-02-20 21:14:17.280316+01
c2d25839-bf92-4e65-86f0-8af00b643511	176d489c-c3d5-40db-9f79-e769e3526998	Catalog Tee	Smoke test product	t	2026-02-20 21:18:57.675179+01
3eea5f7b-3a54-4ea8-8563-b67531909437	176d489c-c3d5-40db-9f79-e769e3526998	Race Stock Product mlvc1ys7-j7h2rm	Smoke race safety check	t	2026-02-20 21:18:57.754721+01
1799e028-83df-477c-8496-18185a680b91	176d489c-c3d5-40db-9f79-e769e3526998	Catalog Tee	Smoke test product	t	2026-02-20 21:24:16.550356+01
63349742-9370-4822-afcf-3bf2b527a07b	176d489c-c3d5-40db-9f79-e769e3526998	Race Stock Product mlvc8stx-2s0cta	Smoke race safety check	f	2026-02-20 21:24:16.632177+01
9d7ab100-0a36-4a8f-93bb-3c2014d85e8f	176d489c-c3d5-40db-9f79-e769e3526998	Catalog Tee	Smoke test product	t	2026-02-20 21:27:54.642261+01
f36d1e01-0dfe-4674-8e15-96958d53fd3c	176d489c-c3d5-40db-9f79-e769e3526998	Race Stock Product mlvcdh43-gsqsbm	Smoke race safety check	t	2026-02-20 21:27:54.725317+01
36da4451-6029-4787-ba54-9d6ec65e4443	176d489c-c3d5-40db-9f79-e769e3526998	Catalog Tee	Smoke test product	t	2026-02-20 21:31:56.137034+01
2475eef8-09ad-4a9f-820f-152f5cdb5284	176d489c-c3d5-40db-9f79-e769e3526998	Race Stock Product mlvcinga-4sao9n	Smoke race safety check	f	2026-02-20 21:31:56.221527+01
979b727d-daeb-442c-b013-fe166e82dddc	176d489c-c3d5-40db-9f79-e769e3526998	Catalog Tee	Smoke test product	t	2026-02-20 21:36:14.581164+01
2c39f05c-f4da-4b7e-8be4-c8b66727b6ed	176d489c-c3d5-40db-9f79-e769e3526998	Race Stock Product mlvco6v6-1ecorg	Smoke race safety check	t	2026-02-20 21:36:14.661041+01
abfe816d-1a63-4a30-ac2a-f3b7fd3a7be6	176d489c-c3d5-40db-9f79-e769e3526998	Catalog Tee	Smoke test product	t	2026-02-20 21:39:24.320127+01
49109335-34ec-4e78-9ecc-8de394a51be2	176d489c-c3d5-40db-9f79-e769e3526998	Race Stock Product mlvcs99p-25qa35	Smoke race safety check	t	2026-02-20 21:39:24.399708+01
fc5fa4a4-90fa-48d3-8590-a053070e0567	176d489c-c3d5-40db-9f79-e769e3526998	Catalog Tee	Smoke test product	t	2026-02-20 21:47:37.846781+01
c7de034e-8135-4207-9806-6d4637eccc54	176d489c-c3d5-40db-9f79-e769e3526998	Race Stock Product mlvd2u4d-7y716l	Smoke race safety check	t	2026-02-20 21:47:37.985877+01
b1c84fab-ec93-4fa1-9c6d-71893b3cb652	176d489c-c3d5-40db-9f79-e769e3526998	Catalog Tee	Smoke test product	t	2026-02-20 21:49:44.007217+01
de620741-663c-4202-b5ff-37c86fce2912	176d489c-c3d5-40db-9f79-e769e3526998	Race Stock Product mlvd5jg1-f9smum	Smoke race safety check	t	2026-02-20 21:49:44.118959+01
caf1219e-07a6-4b0c-854d-ae8d129faeb0	176d489c-c3d5-40db-9f79-e769e3526998	Catalog Tee	Smoke test product	t	2026-02-20 21:51:05.587645+01
02919bd6-eef1-49ee-8dd2-50a33cec1201	176d489c-c3d5-40db-9f79-e769e3526998	Race Stock Product mlvd7adj-q8u9ok	Smoke race safety check	t	2026-02-20 21:51:05.674602+01
f132feff-af74-499a-9c9d-9a6e515c168a	176d489c-c3d5-40db-9f79-e769e3526998	Catalog Tee	Smoke test product	t	2026-02-20 21:55:07.88482+01
be820394-baa7-470a-bb93-7beca8162474	176d489c-c3d5-40db-9f79-e769e3526998	Race Stock Product mlvdchc0-f5w4tv	Smoke race safety check	t	2026-02-20 21:55:07.972176+01
eab3b486-3954-4e52-86a3-21854a8a93c4	176d489c-c3d5-40db-9f79-e769e3526998	Catalog Tee	Smoke test product	t	2026-02-20 22:05:33.743212+01
9b93c5fa-d006-48fc-9b3a-82980f2d54ea	176d489c-c3d5-40db-9f79-e769e3526998	Race Stock Product mlvdpw97-wdv2ub	Smoke race safety check	t	2026-02-20 22:05:33.838175+01
8d1a3e9c-d554-48d8-8cde-88fe74309b88	176d489c-c3d5-40db-9f79-e769e3526998	Catalog Tee	Smoke test product	t	2026-02-20 22:09:54.130814+01
98c82a2d-0b39-461b-9057-a9661b216e9a	176d489c-c3d5-40db-9f79-e769e3526998	Race Stock Product mlvdvh5r-mk7wop	Smoke race safety check	t	2026-02-20 22:09:54.210264+01
596b413d-611d-41d4-b2c3-1eb5f31ad34c	176d489c-c3d5-40db-9f79-e769e3526998	Catalog Tee	Smoke test product	t	2026-02-20 22:10:56.62764+01
4d57619c-025f-4218-9ba4-2f04bfb737f2	176d489c-c3d5-40db-9f79-e769e3526998	Race Stock Product mlvdwtds-0ig4t3	Smoke race safety check	f	2026-02-20 22:10:56.706644+01
5e2e57c6-6455-45de-9a7a-ffbf35aeae87	38575567-6e99-43d8-b5e0-887e7b12f92a	Smoke Admin Product 1771622368951	Created by admin smoke	t	2026-02-20 22:19:29.390778+01
1ccea51b-a031-4a3d-8723-26f66d060fdd	176d489c-c3d5-40db-9f79-e769e3526998	Catalog Tee	Smoke test product	t	2026-02-20 22:21:18.724957+01
f9521d1c-cfc2-4395-a15e-44d22df0840d	248251d7-b42a-4301-8126-57bd2dd5389d	Smoke Admin Product 1771622497712	Created by admin smoke	t	2026-02-20 22:21:38.686269+01
13763295-ac0e-46e8-9119-70d98929c692	176d489c-c3d5-40db-9f79-e769e3526998	Race Stock Product mlvea5ed-s81ayr	Smoke race safety check	f	2026-02-20 22:21:18.809899+01
29cd0506-06a2-4f4e-84bc-bb03a9ba9170	176d489c-c3d5-40db-9f79-e769e3526998	Catalog Tee	Smoke test product	t	2026-02-20 22:50:47.414108+01
046d6763-de3a-4256-8110-6695fff674b4	176d489c-c3d5-40db-9f79-e769e3526998	Race Stock Product mlvfc24k-hlce5e	Smoke race safety check	t	2026-02-20 22:50:47.494952+01
ba0191a0-1d72-42bf-bc88-59910b085995	176d489c-c3d5-40db-9f79-e769e3526998	Catalog Tee	Smoke test product	t	2026-02-20 22:53:29.248492+01
5d3c9056-1604-4b51-9260-4c95217032d8	97bb2610-c8be-4b3a-9690-90ee16043769	Smoke Admin Product 1771624427272	Created by admin smoke	t	2026-02-20 22:53:48.293977+01
566753e1-ebc8-4aec-988e-fb06b73113d6	176d489c-c3d5-40db-9f79-e769e3526998	Race Stock Product mlvffizl-cedner	Smoke race safety check	f	2026-02-20 22:53:29.316626+01
b4d6d8fb-67db-419e-a582-056f05a14591	176d489c-c3d5-40db-9f79-e769e3526998	Catalog Tee	Smoke test product	t	2026-02-20 23:01:40.359809+01
fdd10700-233c-40ab-917a-eb449df5dccb	566ac4a0-613c-4732-9946-6c9ce20fb392	Smoke Admin Product 1771624923351	Created by admin smoke	t	2026-02-20 23:02:04.79911+01
ce24865b-d598-4e9a-839c-89fe7aa126cc	176d489c-c3d5-40db-9f79-e769e3526998	Race Stock Product mlvfq1ym-hsdyzd	Smoke race safety check	f	2026-02-20 23:01:40.464961+01
e9a7291b-6d65-414e-8db6-ce83561ed250	8e28dfca-24ad-4ab7-9aa2-a685260df2e3	working	\N	t	2026-02-20 23:06:12.823529+01
75f69400-19fb-4cf5-9c42-09904a77ac30	176d489c-c3d5-40db-9f79-e769e3526998	Catalog Tee	Smoke test product	t	2026-02-20 23:12:35.567925+01
feb1bfb8-7a3c-4b77-97cc-2dbde737692e	176d489c-c3d5-40db-9f79-e769e3526998	Race Stock Product mlvg43if-0ud8je	Smoke race safety check	f	2026-02-20 23:12:35.658503+01
26ace0ff-a73d-444b-9758-afc1821a48f5	176d489c-c3d5-40db-9f79-e769e3526998	Catalog Tee	Smoke test product	t	2026-02-20 23:22:54.819892+01
c3dfff94-e6b7-4914-9df8-e58c8d6b5cfc	176d489c-c3d5-40db-9f79-e769e3526998	Race Stock Product mlvghdby-72mkrc	Smoke race safety check	t	2026-02-20 23:22:54.912293+01
496d27f8-88df-42be-97be-bdd0c4520523	be21a724-ba89-4f22-a229-eb4dcfb3cc2b	Smoke Admin Product 1771626195802	Created by admin smoke	t	2026-02-20 23:23:16.853424+01
142866cf-1a6c-4892-adcc-8c0d816cdee4	be21a724-ba89-4f22-a229-eb4dcfb3cc2b	Smoke Admin Product 1771626195802	\N	t	2026-02-20 23:23:18.184936+01
5c8d80cd-935c-4716-837b-7d9d9f71e242	176d489c-c3d5-40db-9f79-e769e3526998	Catalog Tee	Smoke test product	t	2026-02-21 07:32:02.783759+01
41cf9af2-6480-4945-9209-cc877ca33586	176d489c-c3d5-40db-9f79-e769e3526998	Race Stock Product mlvxyed4-vadj50	Smoke race safety check	t	2026-02-21 07:32:02.877977+01
b23894dc-71a2-4e4c-87d7-29fbbba277e6	63ccf5d4-226b-422f-a4cf-8abc851b200f	Smoke Admin Product 1771655537593	Created by admin smoke	t	2026-02-21 07:32:18.462855+01
789fd5b7-a174-4135-a5ed-c39c54bfd1d0	63ccf5d4-226b-422f-a4cf-8abc851b200f	Smoke Admin Product 1771655537593	\N	t	2026-02-21 07:32:19.191252+01
4874e565-fd33-4aa8-adf4-8be644bf59c5	176d489c-c3d5-40db-9f79-e769e3526998	Catalog Tee	Smoke test product	t	2026-02-21 07:38:19.732914+01
8f2dd030-6ffe-44be-b145-c77f217bd617	176d489c-c3d5-40db-9f79-e769e3526998	Race Stock Product mlvy6h7g-2bjnhq	Smoke race safety check	t	2026-02-21 07:38:19.806623+01
8b5dae0b-6916-4c8d-adcf-699bcbe3c85b	84f5f748-caa1-4709-881a-84edac33ec59	Smoke Admin Product 1771655914725	Created by admin smoke	t	2026-02-21 07:38:35.706197+01
923db665-5dac-4891-b67f-3249f0558b44	84f5f748-caa1-4709-881a-84edac33ec59	Smoke Admin Product 1771655914725	\N	t	2026-02-21 07:38:36.87293+01
f93431c4-eb5d-48ba-8de7-ab7c68aeae82	176d489c-c3d5-40db-9f79-e769e3526998	Catalog Tee	Smoke test product	t	2026-02-21 07:40:19.446577+01
08517c02-8794-4dc8-ad63-6ebcca336caf	176d489c-c3d5-40db-9f79-e769e3526998	Race Stock Product mlvy91kq-e7f8gq	Smoke race safety check	t	2026-02-21 07:40:19.517498+01
2cf42dbd-1578-4550-bb47-08286814830d	c30b2edf-14a9-46bb-bd5d-4f6d914f76dc	Smoke Admin Product 1771656032744	Created by admin smoke	t	2026-02-21 07:40:33.678222+01
214994b7-a6bf-458d-a906-ce4a17650511	c30b2edf-14a9-46bb-bd5d-4f6d914f76dc	Smoke Admin Product 1771656032744	\N	t	2026-02-21 07:40:34.623633+01
e6eb6839-9f27-4db4-b079-1bb6c56c8b8d	176d489c-c3d5-40db-9f79-e769e3526998	Catalog Tee	Smoke test product	t	2026-02-21 07:48:26.584311+01
d993a676-8bb0-4c83-bc87-6479afb7374b	176d489c-c3d5-40db-9f79-e769e3526998	Race Stock Product mlvyjhgl-u47sww	Smoke race safety check	t	2026-02-21 07:48:26.664204+01
9c2d2e5f-36de-4e35-a045-6ab9c61a2690	741e0c31-7d54-46c0-b194-a8fe1b3459de	Smoke Admin Product 1771656520267	Created by admin smoke	t	2026-02-21 07:48:41.018069+01
aa13e0e7-944d-49b5-8931-bbff9b33893d	741e0c31-7d54-46c0-b194-a8fe1b3459de	Smoke Admin Product 1771656520267	\N	t	2026-02-21 07:48:42.103077+01
22899761-f8a4-407d-895e-b3bfa91495cb	8e28dfca-24ad-4ab7-9aa2-a685260df2e3	no issue tee	\N	t	2026-02-21 08:06:59.035942+01
e6cf84ff-237b-405e-9e3b-8200675afb73	176d489c-c3d5-40db-9f79-e769e3526998	Catalog Tee	Smoke test product	t	2026-02-21 08:12:15.342927+01
ccc30c82-ab15-4544-b978-500159c43b5f	176d489c-c3d5-40db-9f79-e769e3526998	Race Stock Product mlvze3wd-qz2wke	Smoke race safety check	t	2026-02-21 08:12:15.424662+01
089a0c52-9174-49ec-bbc1-7132c4cbcadf	3de3b398-42a1-4084-a17d-9b64f6dd50a0	Smoke Admin Product 1771657951816	Created by admin smoke	t	2026-02-21 08:12:32.953226+01
22bf246d-c8b5-4253-90a1-8583a9c9b2f9	3de3b398-42a1-4084-a17d-9b64f6dd50a0	Smoke Admin Product 1771657951816	\N	t	2026-02-21 08:12:34.14371+01
d473feec-1f5b-47ee-bf49-fd781aa39576	176d489c-c3d5-40db-9f79-e769e3526998	Catalog Tee	Smoke test product	t	2026-02-21 08:29:27.7163+01
f11f5dff-d097-4606-9fcc-6d8b07f9f781	176d489c-c3d5-40db-9f79-e769e3526998	Race Stock Product mlw008he-tlayi7	Smoke race safety check	t	2026-02-21 08:29:27.796495+01
547ae1d8-4fb0-4533-a83f-345f7ff9a7b1	36f230b5-a308-43df-9936-f29b697ad15d	Smoke Admin Product 1771658984028	Created by admin smoke	t	2026-02-21 08:29:44.898893+01
cc420e91-10d4-4e4a-9f95-e243222b387a	176d489c-c3d5-40db-9f79-e769e3526998	Catalog Tee	Smoke test product	t	2026-02-21 09:11:51.305798+01
470bc1b3-314a-4018-aa70-fd274a91925b	176d489c-c3d5-40db-9f79-e769e3526998	Race Stock Product mlw1ir4t-91jyuk	Smoke race safety check	t	2026-02-21 09:11:51.391959+01
b6c0d488-eb93-411b-8371-68d9b66f0674	176d489c-c3d5-40db-9f79-e769e3526998	Catalog Tee	Smoke test product	t	2026-02-21 09:26:02.793132+01
8f1ec237-7b34-4670-a215-6d7042300089	176d489c-c3d5-40db-9f79-e769e3526998	Race Stock Product mlw21055-vfcrn2	Smoke race safety check	t	2026-02-21 09:26:02.876329+01
1e89f845-f769-49f3-9478-03a2a546d2b8	176d489c-c3d5-40db-9f79-e769e3526998	Catalog Tee	Smoke test product	t	2026-02-21 09:28:32.441101+01
db4fcb34-e628-4ed2-8da9-370c45875886	176d489c-c3d5-40db-9f79-e769e3526998	Race Stock Product mlw247lo-rdxy42	Smoke race safety check	t	2026-02-21 09:28:32.510336+01
9e627a15-af86-4af9-a2a3-0421cd2a1289	176d489c-c3d5-40db-9f79-e769e3526998	Catalog Tee	Smoke test product	t	2026-02-21 09:31:34.886629+01
ae8b6fb4-7156-4959-b11f-fd9d7da21005	176d489c-c3d5-40db-9f79-e769e3526998	Race Stock Product mlw284du-6whoxi	Smoke race safety check	t	2026-02-21 09:31:34.96468+01
83ecda59-b556-4a78-8426-b52c92dfa70f	5b8102b4-861e-4734-80ac-8979457f9fef	Smoke Admin Product 1771662712600	Created by admin smoke	t	2026-02-21 09:31:53.687764+01
3b0bd202-8bc0-46d4-9570-5edef3f09d53	5b8102b4-861e-4734-80ac-8979457f9fef	Smoke Admin Product 1771662712600	\N	t	2026-02-21 09:31:54.874842+01
d2b12119-4b3e-4088-a532-c9f7a9aed4c6	f7d2bfb7-4a19-46ec-94d0-342f60d733c5	foxy tee	\N	t	2026-02-21 09:42:58.077441+01
929f4aaa-08c5-4762-8d02-b6a03880c5b9	176d489c-c3d5-40db-9f79-e769e3526998	Catalog Tee	Smoke test product	t	2026-02-21 09:56:43.232026+01
4bfb6d4a-fd23-41c3-93d6-1a7b5e914d64	176d489c-c3d5-40db-9f79-e769e3526998	Race Stock Product mlw34g8i-ou9pn1	Smoke race safety check	t	2026-02-21 09:56:43.317943+01
aeb932f9-db0d-4104-a818-2dfbe11da3e2	653bbc8b-3bb5-4122-8de4-57d8e9962dfe	Smoke Admin Product 1771664218928	Created by admin smoke	t	2026-02-21 09:56:59.902199+01
564f10b4-b2b7-4df3-93c4-8e8c0f708596	176d489c-c3d5-40db-9f79-e769e3526998	Catalog Tee	Smoke test product	t	2026-02-21 10:16:54.975523+01
01419f1a-7efa-48c3-b715-767bee95246d	176d489c-c3d5-40db-9f79-e769e3526998	Race Stock Product mlw3uf7x-fm93sp	Smoke race safety check	t	2026-02-21 10:16:55.055939+01
a666fbf8-310c-4c07-87c4-ad5da88ee3bd	56ceecc6-074e-48c8-81ad-60323faf5e22	Smoke Admin Product 1771665429542	Created by admin smoke	t	2026-02-21 10:17:10.143854+01
ff6808a4-a0c0-4602-b696-0caf89bec1fa	56ceecc6-074e-48c8-81ad-60323faf5e22	Smoke Admin Product 1771665429542	\N	t	2026-02-21 10:17:21.268032+01
95d95521-9da9-4e9d-8782-7f90792775b2	176d489c-c3d5-40db-9f79-e769e3526998	Catalog Tee	Smoke test product	t	2026-02-21 11:10:04.519033+01
4a4a671d-113d-43b7-a188-b06652323211	176d489c-c3d5-40db-9f79-e769e3526998	Race Stock Product mlw5qsab-ae7p94	Smoke race safety check	t	2026-02-21 11:10:04.598728+01
78d74afc-6a21-485a-a100-4e1f5294d5d8	5b03c06c-53c7-472a-b178-35d6feba8d8a	Smoke Admin Product 1771668628068	Created by admin smoke	t	2026-02-21 11:10:29.311696+01
5a42ba0d-6b6e-474f-b908-ee4a2a98ef85	5b03c06c-53c7-472a-b178-35d6feba8d8a	Smoke Admin Product 1771668628068	\N	t	2026-02-21 11:10:30.922507+01
19960401-d232-4cd9-b696-18c05071be57	176d489c-c3d5-40db-9f79-e769e3526998	Catalog Tee	Smoke test product	t	2026-02-21 11:19:29.843511+01
198fc793-8e2e-42d7-93f3-6fa68aac7c4f	176d489c-c3d5-40db-9f79-e769e3526998	Race Stock Product mlw62whu-20fa9x	Smoke race safety check	t	2026-02-21 11:19:29.925548+01
3091ec22-5f8b-4ea8-bd91-5b5be910cfd6	a8613635-f525-4973-911a-1cae0a91836a	Smoke Admin Product 1771669184753	Created by admin smoke	t	2026-02-21 11:19:45.987031+01
bbfc2477-3ee0-4e3e-bd4e-d1abc8d7bc11	a8613635-f525-4973-911a-1cae0a91836a	Smoke Admin Product 1771669184753	\N	t	2026-02-21 11:19:47.268593+01
6e8a0b8c-d0b9-42f6-b26c-da2a5d3f1ba8	176d489c-c3d5-40db-9f79-e769e3526998	Catalog Tee	Smoke test product	t	2026-02-21 11:35:31.934288+01
98ba225a-83df-486d-9170-15e31e9671cb	176d489c-c3d5-40db-9f79-e769e3526998	Race Stock Product mlw6niuo-4f3py4	Smoke race safety check	t	2026-02-21 11:35:32.020425+01
6f28a9dc-b010-400f-826e-f4f56ab5c5b7	68e4d369-38d9-46e0-bb3b-43c216960f47	Smoke Admin Product 1771670150121	Created by admin smoke	t	2026-02-21 11:35:51.152707+01
293ab9e6-3330-4d92-9481-ff7e4d534bfe	68e4d369-38d9-46e0-bb3b-43c216960f47	Smoke Admin Product 1771670150121	\N	t	2026-02-21 11:35:52.381614+01
\.


--
-- Data for Name: users; Type: TABLE DATA; Schema: public; Owner: postgres
--

COPY public.users (id, email, password_hash, role, created_at) FROM stdin;
9f2e9e97-b9f2-42ec-89f4-b654f4789aef	admin@officialmerch.in	$2a$10$gymjiFzTbwxYgexUwmpBM.9AUAWzhgJD4Wbh0A1u/6J8IXii/MrZe	admin	2026-02-19 22:11:10.406081+01
d9a00e14-3489-4030-b01f-4465a0ff8b38	sample@sample.com	$2a$10$GBIsE67bruojVV0jYD5qbuRysXYui/PNvOOsgq/SJECNnN1YE54oW	artist	2026-02-20 06:24:46.175093+01
1edfd56f-99b2-40d4-a6b1-1a19c6cfdcb1	fail@fail.com	$2a$10$yo2gqA5X2pSu0dRoEa92keCCyMJYlvh6kze3CxZHpfKRnlZTCWmva	buyer	2026-02-20 06:56:58.765313+01
df267245-467c-43b2-b40e-dc77ad0b8982	sourav.aka.roney@gmail.com	$2a$10$K1YcVhQvriSSss0HbwKZa.MFHm6scSZhDVVd7pKFWPUgRC6kx11cu	artist	2026-02-20 07:47:12.099573+01
8ab8e1ac-ba60-49eb-8369-022ede51c676	buyer@test.com	$2a$10$Qx2PONK0St1q7oeT6Pq2q.HGboLdwlKUyPrgWDBW2/eA.XBSb2scm	buyer	2026-02-20 13:03:46.012875+01
cd69fe65-206e-4b67-82d1-2255f2c9ca29	artist-mlv15fzh-lbq280@example.com	$2a$10$9Xx3o5EL0GWHpQ8RQhbBJe77MBFN57uAoF41wq5bNLl2NRSANzdUK	buyer	2026-02-20 16:13:44.350234+01
826dee1e-de54-4319-aa92-5839ec456cc7	artist-mlv1vb5y-4twfzo@example.com	$2a$10$PG7PdKBeDVANhOq4iJLoSuLr8IPaPRyRkdBly/DQ3E0cp3q0REaHm	buyer	2026-02-20 16:33:51.166729+01
89decc90-bc35-4218-8bdf-54d73e60cad8	artist-mlv234u2-0ci66p@example.com	$2a$10$oTY0Hu2o0Id8NXGXmDgjTeH1X/38s/XAAhaMF/8ds7J8rLBG79I7q	buyer	2026-02-20 16:39:56.212537+01
2e5181e9-6e30-4c56-a57f-3e9f2cfaf689	artist-mlv2ux0a-o7012f@example.com	$2a$10$K6Kpuq/6t1fd5bEiP7fDgenVbLaOYDF16UXcxkaPMgFlYXwhEs3Qq	buyer	2026-02-20 17:01:32.455731+01
98a44c4c-643b-4abb-bb2d-50f4595b9b07	artist-mlv2wrl3-xv5w6o@example.com	$2a$10$Zj3cc8AcgJcRcNe1TxZ1RubPbure.Ln8dRjxF2HW6SfXZ59MtBH9y	buyer	2026-02-20 17:02:58.691533+01
38123bc4-9f11-49ca-9c22-20f93144163e	artist-mlv356zl-k3ob4p@example.com	$2a$10$UyQkM1AoMh86HFhMkWS7qeDdbEZ.j/bMTRYICpxPxLSNAWcxzb9Tu	buyer	2026-02-20 17:09:31.925261+01
f151a1bf-caa2-4df0-b76a-ddaac48c6aa9	label@test.com	$2a$10$GBIsE67bruojVV0jYD5qbuRysXYui/PNvOOsgq/SJECNnN1YE54oW	label	2026-02-20 17:31:53.633872+01
24db5b69-2028-4529-9ba6-89a345de341c	artist-mlv3zibr-u3159c@example.com	$2a$10$33OUyfJ2zMpTFhg9Nnq98urCx0ts7KCvTWNXLhu/YHx/1Pohbf4L6	buyer	2026-02-20 17:33:06.293673+01
3733b153-c9dc-4092-8c3f-e95157d1e4c8	artist-mlv5fr8i-7o0ycp@example.com	$2a$10$E.csUsx3ixA.KeZTft5AyeosDTOBsgB/WO899jDlAmpBbq.CcQacO	buyer	2026-02-20 18:13:43.953779+01
a1c84f43-c634-47ca-9696-c7d7664c6642	artist-mlv6nw24-oy9tja@example.com	$2a$10$uK1MOp7BKApMks/XziSzIuQaIMkIce9KtyQ3A9DGCmWAhsP77Rliu	buyer	2026-02-20 18:48:03.073942+01
5d0c2966-e40c-45b5-8c2b-6f9d2863ca49	artist-mlv7rut2-tixk1d@example.com	$2a$10$OsHnGIYvGBkrz4z7Bfi/4OJWXezjZN5hX9I3hTLC5ycfwx3j760dW	buyer	2026-02-20 19:19:07.673385+01
c5173bd1-dcfc-448f-8157-b4d18929589b	artist-mlv7xlrg-kk64e0@example.com	$2a$10$n0PvmPnud1dFdTPqKGdQuus1jLSS5UvHfkDuZB7ieYfwaEaHK9UBq	artist	2026-02-20 19:23:35.870989+01
d92ad052-92bd-424d-8602-281301c845aa	artist-mlv7ynxe-3mn2s6@example.com	$2a$10$a2eLiwTH63xOI9WAh8BSgeJxdreMEhVgZSzkx2YU6ThKFmWOkSI.C	artist	2026-02-20 19:24:25.329905+01
d38301dd-da1d-42c2-a008-cd1f9902cdc9	artist-mlv81ho6-73qivo@example.com	$2a$10$0KiRN0EOJDEVsgUQOdMDPesuGpH4DjpPpKyct5OW3dyuyp9P4BAnG	artist	2026-02-20 19:26:37.19179+01
9ccfd5f9-370e-4bce-aeb4-83d1357ad92e	artist-mlv8e6ki-iutoh5@example.com	$2a$10$wvI65ycEvT/qEoFwD9xgY.V3mmJFQ7DxLbARGSsi7TfUwzEn3Fs6a	artist	2026-02-20 19:36:29.348016+01
b05410be-9767-40dc-928b-8a2a4fa2335b	artist-mlv8fe0n-o5rrr2@example.com	$2a$10$gf3aIrlj0b1UBrNBRRcLeuuVMuec/XSBBrm73b.4ddAK7W5ALYlO6	artist	2026-02-20 19:37:25.703801+01
f33445fb-ca17-485d-8759-a50a81f73f36	artist-mlv980s9-47wd7j@example.com	$2a$10$B80XpkPHi9RmC.JvCQCiEOYWZxJTnWCcjPE65/oytR8ZC9lAwElrS	artist	2026-02-20 19:59:41.533595+01
56706e71-26fd-4e21-9563-91106468ad4f	artist-mlv98qlh-dq7fv9@example.com	$2a$10$rIc1VMI8GvonqHuqYGzDmOVV2yPunw7zq/ak5qn/bKJCRt0T2dUtG	artist	2026-02-20 20:00:15.00336+01
1b0cab59-cdbc-4dde-b88c-506b5455ca8a	artist-mlv9q0vv-spk7vg@example.com	$2a$10$dePMfQ3E1cbuM0Dl03hbNO.0nuECyoBCUu4kKAFz8lNhw27Roxx5G	artist	2026-02-20 20:13:41.460501+01
1bb31905-54b6-4839-a520-f1ccf410dd61	artist-mlv9rc8v-o2bwgu@example.com	$2a$10$JWGChExE3v/wZx.XvenHFeBIpuCIsoYvIW9aT5KxBq8CFhegoo3Lq	artist	2026-02-20 20:14:42.884613+01
e444e357-6b0b-433e-9cdd-9129e9293c79	artist-mlv9tnji-w7duqa@example.com	$2a$10$rxy7uoj4Y1XnRacdGml9X.pOo8BQywVnAkd2lxyFg6xN/0X65mmpK	artist	2026-02-20 20:16:30.795811+01
73c04672-5c49-431c-9fa7-8bc97b49e89c	artist-mlv9wb76-canfll@example.com	$2a$10$ZsJ7SVWQpUtXKdArgxIRV.QAEsYTuxObEP9jV6yZ2c.FCIAm1Cbse	artist	2026-02-20 20:18:34.754774+01
6f4bdc4d-94d5-483a-b333-6d1abdfafcec	artist-mlva34pk-qijwzk@example.com	$2a$10$7D.48C9tkXi8fjzQQ0wbFeRYVhU3OscQ0a7Gkam9GEQzYewAfufgq	artist	2026-02-20 20:23:52.959713+01
89dc38f2-8dd0-4597-8342-6e1753a8e338	artist-mlvagujf-rk4bz6@example.com	$2a$10$jkErTx6NqW3zGQEqSnNem.KgrP9ByV5Kw/MLZ9m70IdbHDAz.MndW	artist	2026-02-20 20:34:32.979611+01
c43d0ea3-8abc-4730-b48b-45c3fbbfc51d	artist-mlvaqa2r-43196f@example.com	$2a$10$2dvxUNtgNAIMiJ1G09/CD.JJ2f1Iihm4L9rkYSHVwOI.LrSaMri82	artist	2026-02-20 20:41:53.027+01
bd2fbee2-2514-4d3c-9d3f-8dfef71764c2	artist-mlvaryxv-moqvn0@example.com	$2a$10$Vq/VuqiCRmRFAtMkBmccsOe7TBzhlmkV5tdjT0MtuX6tryoRq1wb6	artist	2026-02-20 20:43:11.898257+01
6f1274b0-5920-4b87-bff9-e86072062946	artist-mlvat0tj-kl7oac@example.com	$2a$10$f.ikTddhj7J24gZTuG2Pb.Z4TuqZJ7dnv.HET1UrIAQj4o7E68nrG	artist	2026-02-20 20:44:00.982399+01
aac55b4b-9ff4-4e9e-8340-0855ad64bc2f	artist-mlvatagk-elabxq@example.com	$2a$10$1jMjfeAKTn2.iXe1UtJU7O0MjeUDxCBkfVS.VLr//im7Qs2aypIlu	artist	2026-02-20 20:44:13.493821+01
0a4dcea4-b19e-4e60-8832-62a5ea2b964d	artist-mlvaxbtr-g2m7un@example.com	$2a$10$64E/VCuXVh0shBUPxTA0wueQEWxUZ.jtyYU4qQEpld4ZqTyPgZkN2	artist	2026-02-20 20:47:21.8667+01
81e7ba41-3137-4f7d-974f-177a2189199c	artist-mlvb34ju-9z13fy@example.com	$2a$10$m3n/o07MraTSMB77jGN3de0Vm/j3H.OcDgNjs8hTra4.f3c2F91Cu	artist	2026-02-20 20:51:52.355724+01
68dc3413-78f7-4b59-9537-e0803d899b44	artist-mlvb6hhq-9m7yd9@example.com	$2a$10$9teDxhocncv3D66x22oQy.wPznMt17kVfjjhf1SoAMlFWIzbNmu/W	artist	2026-02-20 20:54:29.123446+01
2c1c0ae2-190b-484f-a2f4-eab41f62695c	artist-mlvb9oqm-q3eexk@example.com	$2a$10$BgiZUC177UMd/hMQfNtb0OKy0YxP9m6IYW2evIqucT7A7hdvaCXM2	artist	2026-02-20 20:56:58.467163+01
ec065221-6aeb-44b6-930b-a2f46a65f12c	artist-mlvbasdz-8lgz6y@example.com	$2a$10$XTBfMXkDufNJAnDGNAxqUur9e/Vey4VSwAIOSYC8jSKkKe/81uQHK	artist	2026-02-20 20:57:49.847046+01
54a9aa74-1e24-4093-8b53-0ad8c2525007	artist-mlvbb7bu-jrgj49@example.com	$2a$10$L1gIEqROZpnmyUMGGFmev.tYONaKAWj.d3aG8M5SMiSoArb9k5XvO	artist	2026-02-20 20:58:09.204799+01
ff42acee-74f3-4fe3-8c01-ad8e406fc0d7	artist-mlvbgve1-urqo5x@example.com	$2a$10$BOslR9gNWSoQ/e5Uch0VMuS44cV9YjAcIlvYaJKwBgwxCMcxEI6yW	artist	2026-02-20 21:02:33.672889+01
9821f628-6463-4197-a525-d09493a4c319	artist-mlvbij4m-e93ze6@example.com	$2a$10$VuLjjJ8POwxJOEgSne6gmO4Pth4CqtgCLyiWlviZSNdQTM6Q.Zpza	artist	2026-02-20 21:03:51.087344+01
7972407d-b313-45ca-abd8-92ea6614fb65	artist-mlvbjy97-3nhcod@example.com	$2a$10$px8JMZ4wFaxFoJ.KbxXH5ey9KWYje6jVN4yChTf6hx9Ew7Ktug0.a	artist	2026-02-20 21:04:57.349065+01
b1e00af5-46ea-4a05-aebb-8949a4783454	artist-mlvbqje9-12oqy9@example.com	$2a$10$wlJJzHNqufe7.hzNcroV9uLM1XlCUGCMBk0Q6dNljANBbuwUnXegC	artist	2026-02-20 21:10:04.70085+01
4ef6c575-7ccb-4c0b-a017-9f553b4a0578	artist-mlvbvxvi-girxxp@example.com	$2a$10$.6V3AKZTzvS6Del1JsiR2.Bnq3hNu8Kk/K2rnrVaoa2cWmO8kkZQa	artist	2026-02-20 21:14:16.73467+01
3ea840dc-836c-4f38-b0bc-5efc4d30c45e	artist-mlvc1yb8-b7fi88@example.com	$2a$10$zfVfwLhQ0hrgkylm/Wh9FuACDr43Pt1aCQI/uWbfqgJpDjigiOCre	artist	2026-02-20 21:18:57.224483+01
7e5b0c2c-5f90-4ace-8924-3620f843db66	artist-mlvc8sbs-le3hq0@example.com	$2a$10$Ay5T6QTwS6OzXGN6AUky7.WMZluv./bef/RdDIvGM5LRz6331Sk/G	artist	2026-02-20 21:24:16.082038+01
a163a8a3-51d2-4371-9056-3a973322862c	artist-mlvcdglz-idsl1q@example.com	$2a$10$CutTSYwihPZBd8vGGvU/WOqeL.zidRBHxGN3FOxgFHFvqeXQNXkxG	artist	2026-02-20 21:27:54.16251+01
ac3d4cd7-a13a-4e1e-8a85-c8bb7311a243	artist-mlvcimv7-c94sma@example.com	$2a$10$CVIGSEMjp03xOfgi/IT8YeFrJDFvLOuk8joCsM9.UH2lVrDPtxEA.	artist	2026-02-20 21:31:55.563724+01
f8ec4b6c-4ddc-4c4e-a86b-816befa38a0a	artist-mlvco6do-klx3ha@example.com	$2a$10$74whEAASPzHanhkwa6l8SeYo/d.4CfSU1.Z/cUiKDlDWW2fy0vxvK	artist	2026-02-20 21:36:14.119649+01
ac941366-5678-4365-ac40-937b628c94db	artist-mlvcs8p7-se8lte@example.com	$2a$10$MSIBzJ7ciZhev8mLElec8.OY7JnFqEB5.C7bR9cFCd52u3d68ZJVW	artist	2026-02-20 21:39:23.760027+01
29e9d512-562e-46d4-ab75-340dce098a95	artist-mlvd2tdq-5s1bdr@example.com	$2a$10$sBsaPjLoRjEnH0UJiYR0qeZUd7sli1x7C8G3QziXEND210EceA2JW	artist	2026-02-20 21:47:37.165969+01
45c3871e-7efd-4cf5-8b79-11762b611c36	artist-mlvd5in3-rhdsc6@example.com	$2a$10$N8EBb92ac0Vi7brgFQeoB.ppy/gtQoTtR./lYnW9QEaKmnMV8ptyy	artist	2026-02-20 21:49:43.216699+01
09ceca32-79db-470c-b658-bed7e9c62996	artist-mlvd79u7-hbcgr0@example.com	$2a$10$Mz3G6CGy61I13Z7Xuk6YaOZzaTkndks82u6h3ur3k.gWpgRUi31XG	artist	2026-02-20 21:51:05.059866+01
fa7854a1-2510-47eb-a23c-6a4e86e72241	artist-mlvdcgol-bl5q0k@example.com	$2a$10$IpiFVTygGiOhNqSMT1WxFeoEdRdHGb2xHteVUc8iRwUsWnGBUw4Mq	artist	2026-02-20 21:55:07.254811+01
6d3a05d9-2351-4486-a23e-60a335e4bba7	artist-mlvdpvp2-0nresb@example.com	$2a$10$NdaUQFzdfzYi/j9kpFJCceqohm.O83iTryljxk1Wr9QdvhtpdHSHC	artist	2026-02-20 22:05:33.219824+01
a9d38d3c-8d0d-4103-9630-72b15a3279d5	artist-mlvdvgnf-a24rw2@example.com	$2a$10$c9m7knkZJzLEz2T7rdzphOUI3voIBrckAkrngBLtSx2U62FpFqtS6	artist	2026-02-20 22:09:53.642449+01
0912d202-a94e-4d90-91f6-01223289647b	artist-mlvdwsw6-qqs1va@example.com	$2a$10$qZxWBNskSgJFD1S3GknK8unAPUoAWFaxOfFlAf3gcVUOLaAycOK0.	artist	2026-02-20 22:10:56.161604+01
1c300ea8-ea0f-4530-aa6c-39117701d193	artist-mlvea4w7-joo35z@example.com	$2a$10$0dX8aXbR5FKRmCjy5q9cOuOmIDAm898GIsnJnXYpUN9gEYe1Rrw8e	artist	2026-02-20 22:21:18.242073+01
96b86f02-61f5-4074-aa3c-f24c70318a11	artist-mlvfc1lk-krod7g@example.com	$2a$10$rvZViWuyxRsYp.pCvg8uTuVhNk7SNbTolWJMbeuQy1u23qx0W/u1S	artist	2026-02-20 22:50:46.902051+01
01192914-7a49-4ed5-9372-72ca358d0b68	artist-mlvffiik-qqj6wh@example.com	$2a$10$a4GQ.LEMoD5Oj.0rG8tQI.nx8BnaEkEvCnfO3yYy0kxnhopboIJRW	artist	2026-02-20 22:53:28.800523+01
0401dfe3-ff86-4346-ac77-c2e562c8fccd	artist-mlvfq1dt-ucgfpb@example.com	$2a$10$1OW5rZS/jx88Z7U2Gb9B8uh1DCDkZshDkgHHpCjW6Ys6KPuJbDEhO	artist	2026-02-20 23:01:39.820168+01
04d4a12f-66fa-45c5-a5ee-941f74a9024f	artist-mlvg42y5-qjd7ak@example.com	$2a$10$98YQLV07tmgFrrdFDP9cR.0FlfHNCxgmQP7wROD3OAAnsIqgLfMDe	artist	2026-02-20 23:12:35.020236+01
12a08478-fa92-42ec-b92a-d11151d7aa64	artist-mlvghcrk-67wt99@example.com	$2a$10$cgjeS8CWfRstc.m011yLxOVR2KOjdPRJUmzKclH94yDmfYz.wYgDy	artist	2026-02-20 23:22:54.269113+01
a735dc3b-de2e-44cb-80fa-efdbeb375162	artist-mlvxydvo-foielf@example.com	$2a$10$mMnlFzO7dikVrg3XyivMwuL/kLtdCSnVCZeqr5HyCwTzFoHaIwPWS	artist	2026-02-21 07:32:02.32406+01
82197605-0d59-40b3-8fc1-d71747709d20	artist-mlvy6gri-bp590d@example.com	$2a$10$U2p3ZRQZmcssxCG5QxK6qOLWGx5Sj6RGwHnKwVTdVNIvEj8MtEx7K	artist	2026-02-21 07:38:19.31211+01
789ddca6-29d3-4926-8697-cca0cc75996c	artist-mlvy9141-p451vb@example.com	$2a$10$r8153P6wO2bSAVOG9njLV.OmB8uGTW6iDGyUOzp0O8/lL0oGd5SSG	artist	2026-02-21 07:40:18.996181+01
d11276f0-90b1-4d60-9caf-13013f52a615	artist-mlvyjh0f-qa4u88@example.com	$2a$10$Y7aM9mlU6GOjrY.rcXi6Te6qVVRWO7D4zj/6dXmH6s7Lv8Yvn0QV.	artist	2026-02-21 07:48:26.160019+01
8bf80d7e-9af3-48ed-b113-7a495375512f	artist-mlvze3f7-asqtfr@example.com	$2a$10$hb8.qkEf0lQeTwENyoaYEO5p5F2EEFTI7aB18wwVBWynsMF0J5cqW	artist	2026-02-21 08:12:14.890644+01
acb5b57f-cd01-4396-8726-b6473d969029	artist-mlw0080t-7y3mnh@example.com	$2a$10$lyB4w9okeQbIEAYly6xd1OmXN4Y4FmgOjJDJDPmIS4tbqxu8fD.3m	artist	2026-02-21 08:29:27.277781+01
16bf85f8-55ee-4cfe-a1d4-f895c799ee3b	artist-mlw1iqms-stj983@example.com	$2a$10$caFcso1t4h127lEHwZ73qeQV72s0BuKXWvsavh7hswY89qWcyeQFm	buyer	2026-02-21 09:11:50.821716+01
07a8ee73-6dc3-4d1f-b083-8f8ed0b30a13	artist-mlw20zml-mzykhb@example.com	$2a$10$YFsGRYYOUHgbdOyu1qSeZu.Im5TBdjY9Q8JVUw6o4uBWP/SdASDxu	buyer	2026-02-21 09:26:02.293086+01
8163b8b6-cec2-4fca-a23f-2c8ccc5ef601	artist-mlw2474h-ul8q6o@example.com	$2a$10$OVjVeryvrM/3GFwT0901GOn85RineLG3X9xkmOwqzltZqQGTTI7Ky	artist	2026-02-21 09:28:31.977919+01
0dfe0b70-d57c-4f20-b7ac-e2982a3e2e63	artist-mlw283vd-beoham@example.com	$2a$10$KzkEsh1Fb9LqlvBq7jYbtOpZ7GFhFC/QBs7Gs0sQ09DqJPxfWxkSS	artist	2026-02-21 09:31:34.386407+01
b370d603-1720-457d-aa31-befa2a4488f4	yes@yes.com	$2a$10$NZ4BEvpakP4rApcmqvqb2O4H5d7Sm0ag1Qx9fcaE001IpGjm/cpC2	artist	2026-02-21 08:58:17.153672+01
7087702a-b607-4f23-b3fa-f932e1119360	artist-mlw34fqd-ldrzaa@example.com	$2a$10$JmPDLfi0flrjsrusV8KY7u.GPJfqASDChIfEGftyFWyVHMBNjQdH.	artist	2026-02-21 09:56:42.751866+01
056f0ffb-ca4b-43c5-96f6-8a3fc6e92752	hota@hota.com	$2a$10$lkiWVTqm0L9hWaGneZNYXeL/LLRLq/mFk.fllvhlBiRcexrqo3dHm	buyer	2026-02-21 10:00:45.879195+01
52a43f8d-639f-4de3-bc75-732be518f70e	artist-mlw3ueo0-96zipz@example.com	$2a$10$gxdh3N1Nn1ZEWmIna1ZTluHByJASt2LoU12.oALZjMeY6kkp3ledC	artist	2026-02-21 10:16:54.434597+01
b3fd8a34-6214-4de7-a69c-c293d1f22911	yes1@yes.com	$2a$10$j2GDBAEKbuJoftNWKMiDY.9IdhocK1gZYWO5Oxw9SVzTRQ2.CHjnG	artist	2026-02-21 11:08:55.372244+01
1a2f0f99-ee98-4af6-bbd5-3b5344de865a	artist-mlw5qrta-n2vesb@example.com	$2a$10$.p9wSwM6Da2VCFMCi3n.Tu5Rr2XyTUroiEzE85nxA255Zfl8aDXj.	artist	2026-02-21 11:10:04.063298+01
0223d9ae-3328-46ae-9ccd-4fd1a350e0dc	artist-mlw62w0t-105ade@example.com	$2a$10$NfsmgzLucDImUJooAVLtLOL4oPUXvltuHgNCTjl8oY1lhk7PRc.p6	artist	2026-02-21 11:19:29.390506+01
a111e8ac-98f7-43e5-b938-449190eee2eb	artist-mlw6nian-p2wmt9@example.com	$2a$10$PHy8jh24jklpJ4zEmL15/urtw7n.3hzVKpheDNEIWT4ySe2/31neu	artist	2026-02-21 11:35:31.397062+01
87c5de86-084b-4fc9-8ae4-ce62d71a19eb	lal@lal.com	$2a$10$fyhl6sPToW73RCxf9EAwtOIHBmwUH/xGx8CZaFcZuleJjA4Kk7kUK	artist	2026-02-21 11:57:17.730241+01
\.


--
-- Name: knex_migrations_id_seq; Type: SEQUENCE SET; Schema: public; Owner: postgres
--

SELECT pg_catalog.setval('public.knex_migrations_id_seq', 25, true);


--
-- Name: knex_migrations_lock_index_seq; Type: SEQUENCE SET; Schema: public; Owner: postgres
--

SELECT pg_catalog.setval('public.knex_migrations_lock_index_seq', 1, true);


--
-- Name: artist_access_requests artist_access_requests_pkey; Type: CONSTRAINT; Schema: public; Owner: postgres
--

ALTER TABLE ONLY public.artist_access_requests
    ADD CONSTRAINT artist_access_requests_pkey PRIMARY KEY (id);


--
-- Name: artist_user_map artist_user_map_artist_id_user_id_unique; Type: CONSTRAINT; Schema: public; Owner: postgres
--

ALTER TABLE ONLY public.artist_user_map
    ADD CONSTRAINT artist_user_map_artist_id_user_id_unique UNIQUE (artist_id, user_id);


--
-- Name: artist_user_map artist_user_map_pkey; Type: CONSTRAINT; Schema: public; Owner: postgres
--

ALTER TABLE ONLY public.artist_user_map
    ADD CONSTRAINT artist_user_map_pkey PRIMARY KEY (id);


--
-- Name: artists artists_handle_unique; Type: CONSTRAINT; Schema: public; Owner: postgres
--

ALTER TABLE ONLY public.artists
    ADD CONSTRAINT artists_handle_unique UNIQUE (handle);


--
-- Name: artists artists_pkey; Type: CONSTRAINT; Schema: public; Owner: postgres
--

ALTER TABLE ONLY public.artists
    ADD CONSTRAINT artists_pkey PRIMARY KEY (id);


--
-- Name: drop_products drop_products_pkey; Type: CONSTRAINT; Schema: public; Owner: postgres
--

ALTER TABLE ONLY public.drop_products
    ADD CONSTRAINT drop_products_pkey PRIMARY KEY (drop_id, product_id);


--
-- Name: drops drops_handle_unique; Type: CONSTRAINT; Schema: public; Owner: postgres
--

ALTER TABLE ONLY public.drops
    ADD CONSTRAINT drops_handle_unique UNIQUE (handle);


--
-- Name: drops drops_pkey; Type: CONSTRAINT; Schema: public; Owner: postgres
--

ALTER TABLE ONLY public.drops
    ADD CONSTRAINT drops_pkey PRIMARY KEY (id);


--
-- Name: entity_media_links entity_media_links_pkey; Type: CONSTRAINT; Schema: public; Owner: postgres
--

ALTER TABLE ONLY public.entity_media_links
    ADD CONSTRAINT entity_media_links_pkey PRIMARY KEY (id);


--
-- Name: knex_migrations_lock knex_migrations_lock_pkey; Type: CONSTRAINT; Schema: public; Owner: postgres
--

ALTER TABLE ONLY public.knex_migrations_lock
    ADD CONSTRAINT knex_migrations_lock_pkey PRIMARY KEY (index);


--
-- Name: knex_migrations knex_migrations_pkey; Type: CONSTRAINT; Schema: public; Owner: postgres
--

ALTER TABLE ONLY public.knex_migrations
    ADD CONSTRAINT knex_migrations_pkey PRIMARY KEY (id);


--
-- Name: label_artist_map label_artist_map_label_id_artist_id_unique; Type: CONSTRAINT; Schema: public; Owner: postgres
--

ALTER TABLE ONLY public.label_artist_map
    ADD CONSTRAINT label_artist_map_label_id_artist_id_unique UNIQUE (label_id, artist_id);


--
-- Name: label_artist_map label_artist_map_pkey; Type: CONSTRAINT; Schema: public; Owner: postgres
--

ALTER TABLE ONLY public.label_artist_map
    ADD CONSTRAINT label_artist_map_pkey PRIMARY KEY (id);


--
-- Name: label_users_map label_users_map_pkey; Type: CONSTRAINT; Schema: public; Owner: postgres
--

ALTER TABLE ONLY public.label_users_map
    ADD CONSTRAINT label_users_map_pkey PRIMARY KEY (id);


--
-- Name: label_users_map label_users_map_user_id_unique; Type: CONSTRAINT; Schema: public; Owner: postgres
--

ALTER TABLE ONLY public.label_users_map
    ADD CONSTRAINT label_users_map_user_id_unique UNIQUE (user_id);


--
-- Name: labels labels_handle_unique; Type: CONSTRAINT; Schema: public; Owner: postgres
--

ALTER TABLE ONLY public.labels
    ADD CONSTRAINT labels_handle_unique UNIQUE (handle);


--
-- Name: labels labels_pkey; Type: CONSTRAINT; Schema: public; Owner: postgres
--

ALTER TABLE ONLY public.labels
    ADD CONSTRAINT labels_pkey PRIMARY KEY (id);


--
-- Name: leads leads_pkey; Type: CONSTRAINT; Schema: public; Owner: postgres
--

ALTER TABLE ONLY public.leads
    ADD CONSTRAINT leads_pkey PRIMARY KEY (id);


--
-- Name: media_assets media_assets_pkey; Type: CONSTRAINT; Schema: public; Owner: postgres
--

ALTER TABLE ONLY public.media_assets
    ADD CONSTRAINT media_assets_pkey PRIMARY KEY (id);


--
-- Name: order_events order_events_pkey; Type: CONSTRAINT; Schema: public; Owner: postgres
--

ALTER TABLE ONLY public.order_events
    ADD CONSTRAINT order_events_pkey PRIMARY KEY (id);


--
-- Name: order_items order_items_pkey; Type: CONSTRAINT; Schema: public; Owner: postgres
--

ALTER TABLE ONLY public.order_items
    ADD CONSTRAINT order_items_pkey PRIMARY KEY (id);


--
-- Name: orders orders_pkey; Type: CONSTRAINT; Schema: public; Owner: postgres
--

ALTER TABLE ONLY public.orders
    ADD CONSTRAINT orders_pkey PRIMARY KEY (id);


--
-- Name: payment_attempts payment_attempts_pkey; Type: CONSTRAINT; Schema: public; Owner: postgres
--

ALTER TABLE ONLY public.payment_attempts
    ADD CONSTRAINT payment_attempts_pkey PRIMARY KEY (id);


--
-- Name: payment_events payment_events_pkey; Type: CONSTRAINT; Schema: public; Owner: postgres
--

ALTER TABLE ONLY public.payment_events
    ADD CONSTRAINT payment_events_pkey PRIMARY KEY (id);


--
-- Name: payments payments_order_id_unique; Type: CONSTRAINT; Schema: public; Owner: postgres
--

ALTER TABLE ONLY public.payments
    ADD CONSTRAINT payments_order_id_unique UNIQUE (order_id);


--
-- Name: payments payments_pkey; Type: CONSTRAINT; Schema: public; Owner: postgres
--

ALTER TABLE ONLY public.payments
    ADD CONSTRAINT payments_pkey PRIMARY KEY (id);


--
-- Name: product_variants product_variants_pkey; Type: CONSTRAINT; Schema: public; Owner: postgres
--

ALTER TABLE ONLY public.product_variants
    ADD CONSTRAINT product_variants_pkey PRIMARY KEY (id);


--
-- Name: product_variants product_variants_sku_unique; Type: CONSTRAINT; Schema: public; Owner: postgres
--

ALTER TABLE ONLY public.product_variants
    ADD CONSTRAINT product_variants_sku_unique UNIQUE (sku);


--
-- Name: products products_pkey; Type: CONSTRAINT; Schema: public; Owner: postgres
--

ALTER TABLE ONLY public.products
    ADD CONSTRAINT products_pkey PRIMARY KEY (id);


--
-- Name: users users_email_unique; Type: CONSTRAINT; Schema: public; Owner: postgres
--

ALTER TABLE ONLY public.users
    ADD CONSTRAINT users_email_unique UNIQUE (email);


--
-- Name: users users_pkey; Type: CONSTRAINT; Schema: public; Owner: postgres
--

ALTER TABLE ONLY public.users
    ADD CONSTRAINT users_pkey PRIMARY KEY (id);


--
-- Name: artist_access_requests_created_at_idx; Type: INDEX; Schema: public; Owner: postgres
--

CREATE INDEX artist_access_requests_created_at_idx ON public.artist_access_requests USING btree (created_at);


--
-- Name: artist_access_requests_email_idx; Type: INDEX; Schema: public; Owner: postgres
--

CREATE INDEX artist_access_requests_email_idx ON public.artist_access_requests USING btree (lower((email)::text));


--
-- Name: artist_access_requests_email_unique_idx; Type: INDEX; Schema: public; Owner: postgres
--

CREATE UNIQUE INDEX artist_access_requests_email_unique_idx ON public.artist_access_requests USING btree (lower((email)::text));


--
-- Name: artist_access_requests_handle_idx; Type: INDEX; Schema: public; Owner: postgres
--

CREATE INDEX artist_access_requests_handle_idx ON public.artist_access_requests USING btree (lower((handle)::text));


--
-- Name: artist_access_requests_handle_unique_idx; Type: INDEX; Schema: public; Owner: postgres
--

CREATE UNIQUE INDEX artist_access_requests_handle_unique_idx ON public.artist_access_requests USING btree (lower((handle)::text));


--
-- Name: artist_access_requests_phone_idx; Type: INDEX; Schema: public; Owner: postgres
--

CREATE INDEX artist_access_requests_phone_idx ON public.artist_access_requests USING btree (phone);


--
-- Name: artist_access_requests_phone_unique_idx; Type: INDEX; Schema: public; Owner: postgres
--

CREATE UNIQUE INDEX artist_access_requests_phone_unique_idx ON public.artist_access_requests USING btree (lower((phone)::text));


--
-- Name: artist_access_requests_requestor_user_id_idx; Type: INDEX; Schema: public; Owner: postgres
--

CREATE INDEX artist_access_requests_requestor_user_id_idx ON public.artist_access_requests USING btree (requestor_user_id);


--
-- Name: artist_access_requests_status_idx; Type: INDEX; Schema: public; Owner: postgres
--

CREATE INDEX artist_access_requests_status_idx ON public.artist_access_requests USING btree (status);


--
-- Name: artist_user_map_user_id_index; Type: INDEX; Schema: public; Owner: postgres
--

CREATE INDEX artist_user_map_user_id_index ON public.artist_user_map USING btree (user_id);


--
-- Name: artists_handle_index; Type: INDEX; Schema: public; Owner: postgres
--

CREATE INDEX artists_handle_index ON public.artists USING btree (handle);


--
-- Name: drop_products_drop_id_index; Type: INDEX; Schema: public; Owner: postgres
--

CREATE INDEX drop_products_drop_id_index ON public.drop_products USING btree (drop_id);


--
-- Name: drop_products_product_id_index; Type: INDEX; Schema: public; Owner: postgres
--

CREATE INDEX drop_products_product_id_index ON public.drop_products USING btree (product_id);


--
-- Name: entity_media_links_avatar_unique; Type: INDEX; Schema: public; Owner: postgres
--

CREATE UNIQUE INDEX entity_media_links_avatar_unique ON public.entity_media_links USING btree (entity_type, entity_id) WHERE (role = 'avatar'::text);


--
-- Name: entity_media_links_cover_unique; Type: INDEX; Schema: public; Owner: postgres
--

CREATE UNIQUE INDEX entity_media_links_cover_unique ON public.entity_media_links USING btree (entity_type, entity_id) WHERE (role = 'cover'::text);


--
-- Name: entity_media_links_gallery_sort_unique; Type: INDEX; Schema: public; Owner: postgres
--

CREATE UNIQUE INDEX entity_media_links_gallery_sort_unique ON public.entity_media_links USING btree (entity_type, entity_id, sort_order) WHERE (role = 'gallery'::text);


--
-- Name: label_artist_map_label_id_index; Type: INDEX; Schema: public; Owner: postgres
--

CREATE INDEX label_artist_map_label_id_index ON public.label_artist_map USING btree (label_id);


--
-- Name: label_users_map_label_id_index; Type: INDEX; Schema: public; Owner: postgres
--

CREATE INDEX label_users_map_label_id_index ON public.label_users_map USING btree (label_id);


--
-- Name: label_users_map_user_id_index; Type: INDEX; Schema: public; Owner: postgres
--

CREATE INDEX label_users_map_user_id_index ON public.label_users_map USING btree (user_id);


--
-- Name: labels_handle_index; Type: INDEX; Schema: public; Owner: postgres
--

CREATE INDEX labels_handle_index ON public.labels USING btree (handle);


--
-- Name: media_assets_public_url_unique; Type: INDEX; Schema: public; Owner: postgres
--

CREATE UNIQUE INDEX media_assets_public_url_unique ON public.media_assets USING btree (public_url);


--
-- Name: order_events_actor_user_id_index; Type: INDEX; Schema: public; Owner: postgres
--

CREATE INDEX order_events_actor_user_id_index ON public.order_events USING btree (actor_user_id);


--
-- Name: order_events_order_id_index; Type: INDEX; Schema: public; Owner: postgres
--

CREATE INDEX order_events_order_id_index ON public.order_events USING btree (order_id);


--
-- Name: order_items_order_id_index; Type: INDEX; Schema: public; Owner: postgres
--

CREATE INDEX order_items_order_id_index ON public.order_items USING btree (order_id);


--
-- Name: payment_attempts_payment_id_index; Type: INDEX; Schema: public; Owner: postgres
--

CREATE INDEX payment_attempts_payment_id_index ON public.payment_attempts USING btree (payment_id);


--
-- Name: payment_events_payment_id_index; Type: INDEX; Schema: public; Owner: postgres
--

CREATE INDEX payment_events_payment_id_index ON public.payment_events USING btree (payment_id);


--
-- Name: payment_events_provider_event_unique; Type: INDEX; Schema: public; Owner: postgres
--

CREATE UNIQUE INDEX payment_events_provider_event_unique ON public.payment_events USING btree (provider, provider_event_id) WHERE (provider_event_id IS NOT NULL);


--
-- Name: payment_events_provider_provider_event_id_index; Type: INDEX; Schema: public; Owner: postgres
--

CREATE INDEX payment_events_provider_provider_event_id_index ON public.payment_events USING btree (provider, provider_event_id);


--
-- Name: payments_status_index; Type: INDEX; Schema: public; Owner: postgres
--

CREATE INDEX payments_status_index ON public.payments USING btree (status);


--
-- Name: product_variants_product_id_index; Type: INDEX; Schema: public; Owner: postgres
--

CREATE INDEX product_variants_product_id_index ON public.product_variants USING btree (product_id);


--
-- Name: product_variants_sku_index; Type: INDEX; Schema: public; Owner: postgres
--

CREATE INDEX product_variants_sku_index ON public.product_variants USING btree (sku);


--
-- Name: products_artist_id_index; Type: INDEX; Schema: public; Owner: postgres
--

CREATE INDEX products_artist_id_index ON public.products USING btree (artist_id);


--
-- Name: products_is_active_index; Type: INDEX; Schema: public; Owner: postgres
--

CREATE INDEX products_is_active_index ON public.products USING btree (is_active);


--
-- Name: artist_access_requests artist_access_requests_decided_by_user_id_foreign; Type: FK CONSTRAINT; Schema: public; Owner: postgres
--

ALTER TABLE ONLY public.artist_access_requests
    ADD CONSTRAINT artist_access_requests_decided_by_user_id_foreign FOREIGN KEY (decided_by_user_id) REFERENCES public.users(id) ON DELETE SET NULL;


--
-- Name: artist_user_map artist_user_map_artist_id_foreign; Type: FK CONSTRAINT; Schema: public; Owner: postgres
--

ALTER TABLE ONLY public.artist_user_map
    ADD CONSTRAINT artist_user_map_artist_id_foreign FOREIGN KEY (artist_id) REFERENCES public.artists(id) ON DELETE CASCADE;


--
-- Name: artist_user_map artist_user_map_user_id_foreign; Type: FK CONSTRAINT; Schema: public; Owner: postgres
--

ALTER TABLE ONLY public.artist_user_map
    ADD CONSTRAINT artist_user_map_user_id_foreign FOREIGN KEY (user_id) REFERENCES public.users(id) ON DELETE CASCADE;


--
-- Name: drop_products drop_products_drop_id_foreign; Type: FK CONSTRAINT; Schema: public; Owner: postgres
--

ALTER TABLE ONLY public.drop_products
    ADD CONSTRAINT drop_products_drop_id_foreign FOREIGN KEY (drop_id) REFERENCES public.drops(id) ON DELETE CASCADE;


--
-- Name: drop_products drop_products_product_id_foreign; Type: FK CONSTRAINT; Schema: public; Owner: postgres
--

ALTER TABLE ONLY public.drop_products
    ADD CONSTRAINT drop_products_product_id_foreign FOREIGN KEY (product_id) REFERENCES public.products(id) ON DELETE CASCADE;


--
-- Name: drops drops_artist_id_foreign; Type: FK CONSTRAINT; Schema: public; Owner: postgres
--

ALTER TABLE ONLY public.drops
    ADD CONSTRAINT drops_artist_id_foreign FOREIGN KEY (artist_id) REFERENCES public.artists(id) ON DELETE SET NULL;


--
-- Name: drops drops_created_by_user_id_foreign; Type: FK CONSTRAINT; Schema: public; Owner: postgres
--

ALTER TABLE ONLY public.drops
    ADD CONSTRAINT drops_created_by_user_id_foreign FOREIGN KEY (created_by_user_id) REFERENCES public.users(id) ON DELETE RESTRICT;


--
-- Name: drops drops_label_id_foreign; Type: FK CONSTRAINT; Schema: public; Owner: postgres
--

ALTER TABLE ONLY public.drops
    ADD CONSTRAINT drops_label_id_foreign FOREIGN KEY (label_id) REFERENCES public.labels(id) ON DELETE SET NULL;


--
-- Name: entity_media_links entity_media_links_media_asset_id_foreign; Type: FK CONSTRAINT; Schema: public; Owner: postgres
--

ALTER TABLE ONLY public.entity_media_links
    ADD CONSTRAINT entity_media_links_media_asset_id_foreign FOREIGN KEY (media_asset_id) REFERENCES public.media_assets(id) ON DELETE CASCADE;


--
-- Name: artist_access_requests fk_artist_access_requests_requestor_user; Type: FK CONSTRAINT; Schema: public; Owner: postgres
--

ALTER TABLE ONLY public.artist_access_requests
    ADD CONSTRAINT fk_artist_access_requests_requestor_user FOREIGN KEY (requestor_user_id) REFERENCES public.users(id) ON DELETE SET NULL;


--
-- Name: label_artist_map label_artist_map_artist_id_foreign; Type: FK CONSTRAINT; Schema: public; Owner: postgres
--

ALTER TABLE ONLY public.label_artist_map
    ADD CONSTRAINT label_artist_map_artist_id_foreign FOREIGN KEY (artist_id) REFERENCES public.artists(id) ON DELETE CASCADE;


--
-- Name: label_artist_map label_artist_map_label_id_foreign; Type: FK CONSTRAINT; Schema: public; Owner: postgres
--

ALTER TABLE ONLY public.label_artist_map
    ADD CONSTRAINT label_artist_map_label_id_foreign FOREIGN KEY (label_id) REFERENCES public.labels(id) ON DELETE CASCADE;


--
-- Name: label_users_map label_users_map_label_id_foreign; Type: FK CONSTRAINT; Schema: public; Owner: postgres
--

ALTER TABLE ONLY public.label_users_map
    ADD CONSTRAINT label_users_map_label_id_foreign FOREIGN KEY (label_id) REFERENCES public.labels(id) ON DELETE CASCADE;


--
-- Name: label_users_map label_users_map_user_id_foreign; Type: FK CONSTRAINT; Schema: public; Owner: postgres
--

ALTER TABLE ONLY public.label_users_map
    ADD CONSTRAINT label_users_map_user_id_foreign FOREIGN KEY (user_id) REFERENCES public.users(id) ON DELETE CASCADE;


--
-- Name: order_events order_events_actor_user_id_foreign; Type: FK CONSTRAINT; Schema: public; Owner: postgres
--

ALTER TABLE ONLY public.order_events
    ADD CONSTRAINT order_events_actor_user_id_foreign FOREIGN KEY (actor_user_id) REFERENCES public.users(id);


--
-- Name: order_events order_events_order_id_foreign; Type: FK CONSTRAINT; Schema: public; Owner: postgres
--

ALTER TABLE ONLY public.order_events
    ADD CONSTRAINT order_events_order_id_foreign FOREIGN KEY (order_id) REFERENCES public.orders(id) ON DELETE CASCADE;


--
-- Name: order_items order_items_order_id_foreign; Type: FK CONSTRAINT; Schema: public; Owner: postgres
--

ALTER TABLE ONLY public.order_items
    ADD CONSTRAINT order_items_order_id_foreign FOREIGN KEY (order_id) REFERENCES public.orders(id) ON DELETE CASCADE;


--
-- Name: order_items order_items_product_id_foreign; Type: FK CONSTRAINT; Schema: public; Owner: postgres
--

ALTER TABLE ONLY public.order_items
    ADD CONSTRAINT order_items_product_id_foreign FOREIGN KEY (product_id) REFERENCES public.products(id);


--
-- Name: order_items order_items_product_variant_id_foreign; Type: FK CONSTRAINT; Schema: public; Owner: postgres
--

ALTER TABLE ONLY public.order_items
    ADD CONSTRAINT order_items_product_variant_id_foreign FOREIGN KEY (product_variant_id) REFERENCES public.product_variants(id);


--
-- Name: orders orders_buyer_user_id_foreign; Type: FK CONSTRAINT; Schema: public; Owner: postgres
--

ALTER TABLE ONLY public.orders
    ADD CONSTRAINT orders_buyer_user_id_foreign FOREIGN KEY (buyer_user_id) REFERENCES public.users(id) ON DELETE CASCADE;


--
-- Name: payment_attempts payment_attempts_payment_id_foreign; Type: FK CONSTRAINT; Schema: public; Owner: postgres
--

ALTER TABLE ONLY public.payment_attempts
    ADD CONSTRAINT payment_attempts_payment_id_foreign FOREIGN KEY (payment_id) REFERENCES public.payments(id) ON DELETE CASCADE;


--
-- Name: payment_events payment_events_payment_id_foreign; Type: FK CONSTRAINT; Schema: public; Owner: postgres
--

ALTER TABLE ONLY public.payment_events
    ADD CONSTRAINT payment_events_payment_id_foreign FOREIGN KEY (payment_id) REFERENCES public.payments(id) ON DELETE CASCADE;


--
-- Name: payments payments_order_id_foreign; Type: FK CONSTRAINT; Schema: public; Owner: postgres
--

ALTER TABLE ONLY public.payments
    ADD CONSTRAINT payments_order_id_foreign FOREIGN KEY (order_id) REFERENCES public.orders(id) ON DELETE CASCADE;


--
-- Name: product_variants product_variants_product_id_foreign; Type: FK CONSTRAINT; Schema: public; Owner: postgres
--

ALTER TABLE ONLY public.product_variants
    ADD CONSTRAINT product_variants_product_id_foreign FOREIGN KEY (product_id) REFERENCES public.products(id) ON DELETE CASCADE;


--
-- Name: products products_artist_id_foreign; Type: FK CONSTRAINT; Schema: public; Owner: postgres
--

ALTER TABLE ONLY public.products
    ADD CONSTRAINT products_artist_id_foreign FOREIGN KEY (artist_id) REFERENCES public.artists(id) ON DELETE CASCADE;


--
-- Name: SCHEMA public; Type: ACL; Schema: -; Owner: postgres
--

REVOKE USAGE ON SCHEMA public FROM PUBLIC;


--
-- PostgreSQL database dump complete
--

\unrestrict 8av0Dop9XrzPg0OqaLLK0jwvMQgFurPWYUTajUokmQ8FbOXhtB8kdRmwDLE9lfd

